example_id,criterion_index,criterion_name,max_score,rater_id,score,answer_id,image_file,question,model_answer,rubric_levels
440_c0,0,Supervised Learning,2.5,rater2,,440,images/440.png,"Describe Supervised, Unsupervised, and Reinforcement Machine Learning.","Supervised Learning:
Supervised learning is a type of machine learning in which the model is trained using labeled data. Each input is associated with a correct output, and the model learns to map inputs to outputs by minimizing error using a loss function.
Examples include spam detection, image classification, and regression tasks.
Unsupervised Learning:
Unsupervised learning is a type of machine learning where the model is trained on unlabeled data. It identifies hidden patterns, structures, or relationships within the data.
Common techniques include clustering and dimensionality reduction.
Examples include customer segmentation and anomaly detection.
Reinforcement Learning:
Reinforcement learning is a type of machine learning where an agent interacts with an environment and learns by receiving rewards or penalties. The objective is to learn an optimal policy that maximizes cumulative reward over time.
Examples include game playing, robotics, and self-driving systems.
Rubrics for Machine Learning",Excellent (2.5): Defines clearly AND includes key idea (labeled data + prediction/learning) AND example | Good (2): Correct definition but missing either key idea or example | Average (1.5): Partial understanding (only labeled data mentioned) | Poor (1): Incorrect or missing definition
440_c1,1,Unsupervised Learning,2.5,rater2,,440,images/440.png,"Describe Supervised, Unsupervised, and Reinforcement Machine Learning.","Supervised Learning:
Supervised learning is a type of machine learning in which the model is trained using labeled data. Each input is associated with a correct output, and the model learns to map inputs to outputs by minimizing error using a loss function.
Examples include spam detection, image classification, and regression tasks.
Unsupervised Learning:
Unsupervised learning is a type of machine learning where the model is trained on unlabeled data. It identifies hidden patterns, structures, or relationships within the data.
Common techniques include clustering and dimensionality reduction.
Examples include customer segmentation and anomaly detection.
Reinforcement Learning:
Reinforcement learning is a type of machine learning where an agent interacts with an environment and learns by receiving rewards or penalties. The objective is to learn an optimal policy that maximizes cumulative reward over time.
Examples include game playing, robotics, and self-driving systems.
Rubrics for Machine Learning","Excellent (2.5): Clearly states no labels AND mentions pattern discovery (e.g., clustering) with example | Good (2): Correct but lacks example or clarity | Average (1.5): Mentions no labels but no understanding of purpose | Poor (1): Incorrect or missing definition"
440_c2,2,Reinforcement Learning,2.5,rater2,,440,images/440.png,"Describe Supervised, Unsupervised, and Reinforcement Machine Learning.","Supervised Learning:
Supervised learning is a type of machine learning in which the model is trained using labeled data. Each input is associated with a correct output, and the model learns to map inputs to outputs by minimizing error using a loss function.
Examples include spam detection, image classification, and regression tasks.
Unsupervised Learning:
Unsupervised learning is a type of machine learning where the model is trained on unlabeled data. It identifies hidden patterns, structures, or relationships within the data.
Common techniques include clustering and dimensionality reduction.
Examples include customer segmentation and anomaly detection.
Reinforcement Learning:
Reinforcement learning is a type of machine learning where an agent interacts with an environment and learns by receiving rewards or penalties. The objective is to learn an optimal policy that maximizes cumulative reward over time.
Examples include game playing, robotics, and self-driving systems.
Rubrics for Machine Learning","Excellent (2.5): Clearly explains agent, environment, reward mechanism AND goal of maximizing reward | Good (2): Mentions reward-based learning but lacks full explanation | Average (1.5): Partial idea (trial-and-error only) | Poor (1): Incorrect or missing definition"
440_c3,3,"Example, Overall Clarity & Structure",2.5,rater2,,440,images/440.png,"Describe Supervised, Unsupervised, and Reinforcement Machine Learning.","Supervised Learning:
Supervised learning is a type of machine learning in which the model is trained using labeled data. Each input is associated with a correct output, and the model learns to map inputs to outputs by minimizing error using a loss function.
Examples include spam detection, image classification, and regression tasks.
Unsupervised Learning:
Unsupervised learning is a type of machine learning where the model is trained on unlabeled data. It identifies hidden patterns, structures, or relationships within the data.
Common techniques include clustering and dimensionality reduction.
Examples include customer segmentation and anomaly detection.
Reinforcement Learning:
Reinforcement learning is a type of machine learning where an agent interacts with an environment and learns by receiving rewards or penalties. The objective is to learn an optimal policy that maximizes cumulative reward over time.
Examples include game playing, robotics, and self-driving systems.
Rubrics for Machine Learning",Excellent (2.5): All three types clearly distinguished and well-organized | Good (2): Mostly clear but slight confusion between types | Average (1.5): Some mixing of concepts | Poor (1): Poor or unclear explanation
117_c0,0,Defintion of climate and weather,2.0,rater2,,117,images/117.png,"1. What do you mean by climate and weather?  2. Mention the climate variables. 3. Increased water temperature altered hemato-biochemical parameters in rohu, explain.","1. Definition of climate and weather: Climate: Climate is defined as an area's long-term weather patterns. The simplest way to describe climate is to look at average temperature and precipitation over time. It takes a long time to change.  Weather: Weather is the state of the atmosphere at a particular place during a short period of time. It can change within a short period of time, like minutes or hours.
2. Climate variables: Climate variable can be cassified into three categories such as physical, chemical, and biological. Some climate variables that are measured as follows:
3. Hemato-biochemical changes in rohu due to an increase of temparature  In rohu (Labeo rohita), increased water temperature causes thermal stress, which changes  normal blood and biochemical conditions. Usually, hemoglobin, RBC, glucose may rise at first because the fish needs more oxygen and energy to cope with stress,  while total protein and some ions may decrease due to disturbed metabolism and osmotic  imbalance.  Erythrocytic cellular abnormalities (ECA), erythrocytic nuclear abnormalities (ENA) may may also rise due to elevated temparature.  So, higher temperature alters hemato-biochemical parameters by affecting the  fish’s respiration, metabolism, and stress response.
Rubrics","Excellent (2): Clear concept with correct spelling and sentence structure | Good (1.75): Clear concept but average sentence structure and spelling | Average (1.25-1.5): Incomplete definition, with one correct definition but the rest incorrect. | Poor (=<1): Incomplete definition of both along with poor sentence structure"
117_c1,1,Name of the climate variables,2.0,rater2,,117,images/117.png,"1. What do you mean by climate and weather?  2. Mention the climate variables. 3. Increased water temperature altered hemato-biochemical parameters in rohu, explain.","1. Definition of climate and weather: Climate: Climate is defined as an area's long-term weather patterns. The simplest way to describe climate is to look at average temperature and precipitation over time. It takes a long time to change.  Weather: Weather is the state of the atmosphere at a particular place during a short period of time. It can change within a short period of time, like minutes or hours.
2. Climate variables: Climate variable can be cassified into three categories such as physical, chemical, and biological. Some climate variables that are measured as follows:
3. Hemato-biochemical changes in rohu due to an increase of temparature  In rohu (Labeo rohita), increased water temperature causes thermal stress, which changes  normal blood and biochemical conditions. Usually, hemoglobin, RBC, glucose may rise at first because the fish needs more oxygen and energy to cope with stress,  while total protein and some ions may decrease due to disturbed metabolism and osmotic  imbalance.  Erythrocytic cellular abnormalities (ECA), erythrocytic nuclear abnormalities (ENA) may may also rise due to elevated temparature.  So, higher temperature alters hemato-biochemical parameters by affecting the  fish’s respiration, metabolism, and stress response.
Rubrics","Excellent (2): Mention all the 6 variables correctly | Good (1.75): Mention 4 or 5 variables correctly | Average (1.25-1.5): Mention 3 or 4 variables correctly  | Poor (=<1): Mention 1 or 2 variables, or answer irrelevant variables"
117_c2,2,Hemato-biochemical changes in rohu due to an increase of temparature,2.0,rater2,,117,images/117.png,"1. What do you mean by climate and weather?  2. Mention the climate variables. 3. Increased water temperature altered hemato-biochemical parameters in rohu, explain.","1. Definition of climate and weather: Climate: Climate is defined as an area's long-term weather patterns. The simplest way to describe climate is to look at average temperature and precipitation over time. It takes a long time to change.  Weather: Weather is the state of the atmosphere at a particular place during a short period of time. It can change within a short period of time, like minutes or hours.
2. Climate variables: Climate variable can be cassified into three categories such as physical, chemical, and biological. Some climate variables that are measured as follows:
3. Hemato-biochemical changes in rohu due to an increase of temparature  In rohu (Labeo rohita), increased water temperature causes thermal stress, which changes  normal blood and biochemical conditions. Usually, hemoglobin, RBC, glucose may rise at first because the fish needs more oxygen and energy to cope with stress,  while total protein and some ions may decrease due to disturbed metabolism and osmotic  imbalance.  Erythrocytic cellular abnormalities (ECA), erythrocytic nuclear abnormalities (ENA) may may also rise due to elevated temparature.  So, higher temperature alters hemato-biochemical parameters by affecting the  fish’s respiration, metabolism, and stress response.
Rubrics","Excellent (2): Briefly describes the scientific process and altered parameters in an orderly manner | Good (1.75): Mentions the altered parameters properly, but does not mention the reasons | Average (1.25-1.5):  Mention 1 or 2  parameters properly and does not explain the cause also | Poor (=<1): Mention incomplete and irrelevant data"
343_c0,0,Understanding of Concept,4.0,rater2,,343,images/343.png,"Question 1. You are given the following values: 12, -5.4, 10000, 3.14, 0, 87, -200, 45.6, 999, 1.2. Choose the most efficient among Counting Sort, Radix Sort, or Bucket Sort for this dataset. Justify your selection and state the time and space complexity of all three algorithms.
2. A directed weighted graph is given below. Determine whether the graph contains a negative cycle using a step-by-step solution. Graph (text form): Vertices = {A, B, C, D}; Edges = A→B (4), B→C (-6), C→D (2), D→B (1), A→D (5).
3. You are given coin denominations: 1, 3, 4, 5. Find the minimum number of coins required to make 10 taka. Show the DP table and derive the final answer.","Answer 1: Bucket Sort is the most efficient for this dataset because it contains floating-point numbers and a wide range of values including negatives. Counting Sort is not suitable due to large range and non-integers, and Radix Sort is inefficient for floating-point values. Time Complexity: Counting Sort = O(n + k), Space = O(k); Radix Sort = O(d(n + k)), Space = O(n + k); Bucket Sort = O(n + k) average, worst O(n²), Space = O(n + k). Therefore, Bucket Sort is preferred.
Answer 2: Using Bellman-Ford algorithm: Step 1 initialize distances (A=0, others=∞). Step 2 relax edges repeatedly: A→B (4), B→C (-6), C→D (2), D→B (1). After V-1 iterations, distances keep decreasing due to cycle B→C→D→B with total weight (-6 + 2 + 1 = -3). Step 3 one more relaxation still reduces distance, confirming a negative cycle exists. Therefore, the graph contains a negative cycle.
Answer 3: Using Dynamic Programming: Let dp[x] = minimum coins to make x. Initialize dp[0]=0. Fill table up to 10: dp[1]=1, dp[2]=2, dp[3]=1, dp[4]=1, dp[5]=1, dp[6]=2, dp[7]=2, dp[8]=2, dp[9]=2, dp[10]=2. Minimum coins for 10 = 2 (5+5 or 4+3+3 is larger). Final answer: 2 coins.
Rubrics",Excellent (4): Fully correct and clearly demonstrates the concept | Good (3): Mostly correct with minor issues | Average (2): Partial understanding | Poor (1): Shows little understanding; answer mostly incorrect
343_c1,1,Step-by-Step Procedure,4.0,rater2,,343,images/343.png,"Question 1. You are given the following values: 12, -5.4, 10000, 3.14, 0, 87, -200, 45.6, 999, 1.2. Choose the most efficient among Counting Sort, Radix Sort, or Bucket Sort for this dataset. Justify your selection and state the time and space complexity of all three algorithms.
2. A directed weighted graph is given below. Determine whether the graph contains a negative cycle using a step-by-step solution. Graph (text form): Vertices = {A, B, C, D}; Edges = A→B (4), B→C (-6), C→D (2), D→B (1), A→D (5).
3. You are given coin denominations: 1, 3, 4, 5. Find the minimum number of coins required to make 10 taka. Show the DP table and derive the final answer.","Answer 1: Bucket Sort is the most efficient for this dataset because it contains floating-point numbers and a wide range of values including negatives. Counting Sort is not suitable due to large range and non-integers, and Radix Sort is inefficient for floating-point values. Time Complexity: Counting Sort = O(n + k), Space = O(k); Radix Sort = O(d(n + k)), Space = O(n + k); Bucket Sort = O(n + k) average, worst O(n²), Space = O(n + k). Therefore, Bucket Sort is preferred.
Answer 2: Using Bellman-Ford algorithm: Step 1 initialize distances (A=0, others=∞). Step 2 relax edges repeatedly: A→B (4), B→C (-6), C→D (2), D→B (1). After V-1 iterations, distances keep decreasing due to cycle B→C→D→B with total weight (-6 + 2 + 1 = -3). Step 3 one more relaxation still reduces distance, confirming a negative cycle exists. Therefore, the graph contains a negative cycle.
Answer 3: Using Dynamic Programming: Let dp[x] = minimum coins to make x. Initialize dp[0]=0. Fill table up to 10: dp[1]=1, dp[2]=2, dp[3]=1, dp[4]=1, dp[5]=1, dp[6]=2, dp[7]=2, dp[8]=2, dp[9]=2, dp[10]=2. Minimum coins for 10 = 2 (5+5 or 4+3+3 is larger). Final answer: 2 coins.
Rubrics",Excellent (4): All steps clearly shown and well structured | Good (3): Mostly correct steps | Average (2): Few correct steps | Poor (1): Missing or wrong steps
343_c2,2,Accuracy of Final Answer,4.0,rater2,,343,images/343.png,"Question 1. You are given the following values: 12, -5.4, 10000, 3.14, 0, 87, -200, 45.6, 999, 1.2. Choose the most efficient among Counting Sort, Radix Sort, or Bucket Sort for this dataset. Justify your selection and state the time and space complexity of all three algorithms.
2. A directed weighted graph is given below. Determine whether the graph contains a negative cycle using a step-by-step solution. Graph (text form): Vertices = {A, B, C, D}; Edges = A→B (4), B→C (-6), C→D (2), D→B (1), A→D (5).
3. You are given coin denominations: 1, 3, 4, 5. Find the minimum number of coins required to make 10 taka. Show the DP table and derive the final answer.","Answer 1: Bucket Sort is the most efficient for this dataset because it contains floating-point numbers and a wide range of values including negatives. Counting Sort is not suitable due to large range and non-integers, and Radix Sort is inefficient for floating-point values. Time Complexity: Counting Sort = O(n + k), Space = O(k); Radix Sort = O(d(n + k)), Space = O(n + k); Bucket Sort = O(n + k) average, worst O(n²), Space = O(n + k). Therefore, Bucket Sort is preferred.
Answer 2: Using Bellman-Ford algorithm: Step 1 initialize distances (A=0, others=∞). Step 2 relax edges repeatedly: A→B (4), B→C (-6), C→D (2), D→B (1). After V-1 iterations, distances keep decreasing due to cycle B→C→D→B with total weight (-6 + 2 + 1 = -3). Step 3 one more relaxation still reduces distance, confirming a negative cycle exists. Therefore, the graph contains a negative cycle.
Answer 3: Using Dynamic Programming: Let dp[x] = minimum coins to make x. Initialize dp[0]=0. Fill table up to 10: dp[1]=1, dp[2]=2, dp[3]=1, dp[4]=1, dp[5]=1, dp[6]=2, dp[7]=2, dp[8]=2, dp[9]=2, dp[10]=2. Minimum coins for 10 = 2 (5+5 or 4+3+3 is larger). Final answer: 2 coins.
Rubrics",Excellent (4): Fully accurate and justified | Good (3): Mostly correct | Average (2): Partially correct | Poor (1): Wrong result
343_c3,3,Clarity & Presentation,4.0,rater2,,343,images/343.png,"Question 1. You are given the following values: 12, -5.4, 10000, 3.14, 0, 87, -200, 45.6, 999, 1.2. Choose the most efficient among Counting Sort, Radix Sort, or Bucket Sort for this dataset. Justify your selection and state the time and space complexity of all three algorithms.
2. A directed weighted graph is given below. Determine whether the graph contains a negative cycle using a step-by-step solution. Graph (text form): Vertices = {A, B, C, D}; Edges = A→B (4), B→C (-6), C→D (2), D→B (1), A→D (5).
3. You are given coin denominations: 1, 3, 4, 5. Find the minimum number of coins required to make 10 taka. Show the DP table and derive the final answer.","Answer 1: Bucket Sort is the most efficient for this dataset because it contains floating-point numbers and a wide range of values including negatives. Counting Sort is not suitable due to large range and non-integers, and Radix Sort is inefficient for floating-point values. Time Complexity: Counting Sort = O(n + k), Space = O(k); Radix Sort = O(d(n + k)), Space = O(n + k); Bucket Sort = O(n + k) average, worst O(n²), Space = O(n + k). Therefore, Bucket Sort is preferred.
Answer 2: Using Bellman-Ford algorithm: Step 1 initialize distances (A=0, others=∞). Step 2 relax edges repeatedly: A→B (4), B→C (-6), C→D (2), D→B (1). After V-1 iterations, distances keep decreasing due to cycle B→C→D→B with total weight (-6 + 2 + 1 = -3). Step 3 one more relaxation still reduces distance, confirming a negative cycle exists. Therefore, the graph contains a negative cycle.
Answer 3: Using Dynamic Programming: Let dp[x] = minimum coins to make x. Initialize dp[0]=0. Fill table up to 10: dp[1]=1, dp[2]=2, dp[3]=1, dp[4]=1, dp[5]=1, dp[6]=2, dp[7]=2, dp[8]=2, dp[9]=2, dp[10]=2. Minimum coins for 10 = 2 (5+5 or 4+3+3 is larger). Final answer: 2 coins.
Rubrics","Excellent (4): Very clear, neat diagrams/tables, strong justification | Good (3): Clear explanation | Average (2): Understandable but not neat | Poor (1): Poorly organized"
99_c0,0,Concept of Histogram Equalization,4.0,rater2,,99,images/99.png,Question Q9: Explain necessity of histogram equalization and histogram matching in Image Processing. (10 Marks),"Definition of Histogram Equalization

Histogram Equalization is a technique used in image processing to enhance the contrast of an image by redistributing its intensity values so that they are spread more uniformly across the entire range.
Necessity of Histogram Equalization

Histogram equalization is necessary for several important reasons:

Contrast Enhancement: Many images suffer from low contrast where pixel values are concentrated in a narrow range. Histogram equalization spreads these values, improving contrast.
Better Visibility of Details: It enhances details in dark or bright regions, making features more distinguishable.
Improved Image Interpretation: Useful in applications like medical imaging (e.g., X-rays, MRI), remote sensing, and surveillance systems.
Preprocessing Step: Helps improve the performance of further image processing tasks such as segmentation and feature extraction.
Definition of Histogram Matching

Histogram Matching (also called histogram specification) is a technique where the histogram of an input image is transformed to match the histogram of a reference image.
Necessity of Histogram Matching
Histogram matching is important due to the following reasons:
Consistency Across Images: Ensures uniform appearance between multiple images.
Handling Lighting Variations: Useful when images are captured under different lighting conditions.
Improved Comparison: Makes image comparison more reliable by normalizing intensity distributions.
Better Performance in ML Systems: Enhances accuracy in image recognition and machine learning models.
Image Normalization: Helps in standardizing datasets for analysis.
Rubrics for Digital Image Processing",Excellent (4): Clearly defines and explains redistribution of intensity values with purpose of contrast enhancement | Good (3): Correct but missing one key aspect | Average (2): Basic idea present but unclear | Poor (1): Incorrect or missing definition
99_c1,1,Necessity of Histogram Equalization,4.0,rater2,,99,images/99.png,Question Q9: Explain necessity of histogram equalization and histogram matching in Image Processing. (10 Marks),"Definition of Histogram Equalization

Histogram Equalization is a technique used in image processing to enhance the contrast of an image by redistributing its intensity values so that they are spread more uniformly across the entire range.
Necessity of Histogram Equalization

Histogram equalization is necessary for several important reasons:

Contrast Enhancement: Many images suffer from low contrast where pixel values are concentrated in a narrow range. Histogram equalization spreads these values, improving contrast.
Better Visibility of Details: It enhances details in dark or bright regions, making features more distinguishable.
Improved Image Interpretation: Useful in applications like medical imaging (e.g., X-rays, MRI), remote sensing, and surveillance systems.
Preprocessing Step: Helps improve the performance of further image processing tasks such as segmentation and feature extraction.
Definition of Histogram Matching

Histogram Matching (also called histogram specification) is a technique where the histogram of an input image is transformed to match the histogram of a reference image.
Necessity of Histogram Matching
Histogram matching is important due to the following reasons:
Consistency Across Images: Ensures uniform appearance between multiple images.
Handling Lighting Variations: Useful when images are captured under different lighting conditions.
Improved Comparison: Makes image comparison more reliable by normalizing intensity distributions.
Better Performance in ML Systems: Enhances accuracy in image recognition and machine learning models.
Image Normalization: Helps in standardizing datasets for analysis.
Rubrics for Digital Image Processing",Excellent (4): Clearly explains multiple valid reasons with examples/applications | Good (3): Explains most reasons but misses one important point | Average (2): Limited explanation | Poor (1): Incorrect or irrelevant explanation
99_c2,2,Concept of Histogram Matching,4.0,rater2,,99,images/99.png,Question Q9: Explain necessity of histogram equalization and histogram matching in Image Processing. (10 Marks),"Definition of Histogram Equalization

Histogram Equalization is a technique used in image processing to enhance the contrast of an image by redistributing its intensity values so that they are spread more uniformly across the entire range.
Necessity of Histogram Equalization

Histogram equalization is necessary for several important reasons:

Contrast Enhancement: Many images suffer from low contrast where pixel values are concentrated in a narrow range. Histogram equalization spreads these values, improving contrast.
Better Visibility of Details: It enhances details in dark or bright regions, making features more distinguishable.
Improved Image Interpretation: Useful in applications like medical imaging (e.g., X-rays, MRI), remote sensing, and surveillance systems.
Preprocessing Step: Helps improve the performance of further image processing tasks such as segmentation and feature extraction.
Definition of Histogram Matching

Histogram Matching (also called histogram specification) is a technique where the histogram of an input image is transformed to match the histogram of a reference image.
Necessity of Histogram Matching
Histogram matching is important due to the following reasons:
Consistency Across Images: Ensures uniform appearance between multiple images.
Handling Lighting Variations: Useful when images are captured under different lighting conditions.
Improved Comparison: Makes image comparison more reliable by normalizing intensity distributions.
Better Performance in ML Systems: Enhances accuracy in image recognition and machine learning models.
Image Normalization: Helps in standardizing datasets for analysis.
Rubrics for Digital Image Processing",Excellent (4): Clearly explains transformation using reference histogram | Good (3): Correct but lacks one key detail | Average (2): Partial understanding | Poor (1): Incorrect or missing
99_c3,3,Necessity of Histogram Matching,4.0,rater2,,99,images/99.png,Question Q9: Explain necessity of histogram equalization and histogram matching in Image Processing. (10 Marks),"Definition of Histogram Equalization

Histogram Equalization is a technique used in image processing to enhance the contrast of an image by redistributing its intensity values so that they are spread more uniformly across the entire range.
Necessity of Histogram Equalization

Histogram equalization is necessary for several important reasons:

Contrast Enhancement: Many images suffer from low contrast where pixel values are concentrated in a narrow range. Histogram equalization spreads these values, improving contrast.
Better Visibility of Details: It enhances details in dark or bright regions, making features more distinguishable.
Improved Image Interpretation: Useful in applications like medical imaging (e.g., X-rays, MRI), remote sensing, and surveillance systems.
Preprocessing Step: Helps improve the performance of further image processing tasks such as segmentation and feature extraction.
Definition of Histogram Matching

Histogram Matching (also called histogram specification) is a technique where the histogram of an input image is transformed to match the histogram of a reference image.
Necessity of Histogram Matching
Histogram matching is important due to the following reasons:
Consistency Across Images: Ensures uniform appearance between multiple images.
Handling Lighting Variations: Useful when images are captured under different lighting conditions.
Improved Comparison: Makes image comparison more reliable by normalizing intensity distributions.
Better Performance in ML Systems: Enhances accuracy in image recognition and machine learning models.
Image Normalization: Helps in standardizing datasets for analysis.
Rubrics for Digital Image Processing",Excellent (4): Clearly explains multiple uses including consistency and ML applications | Good (3): Some correct points but incomplete | Average (2): Limited explanation | Poor (1): Incorrect or irrelevant explanation
189_c0,0,Understanding of schema and instance (2),2.0,rater2,,189,images/189.png,"Define schema and instance in a database system.

Then, explain the following types of keys with suitable examples:
- Super Key
- Candidate Key
- Primary Key
- Unique Key
- Composite Key

Finally, consider the relation:
Student(SID, Name, Email, Phone)

Assume:
- Each student has a unique SID
- Email is also unique
- Multiple students may have the same name

Identify all possible keys for this relation and briefly justify your answer.","Answer 1: Schema and Instance

A schema is the logical structure of a database that defines tables, attributes, and relationships. It is stable and does not change frequently.
An instance is the actual data stored in the database at a specific moment in time.

Example:
Schema: Student(SID, Name, Email, Phone)
Instance: (1, Rahim, rahim@gmail.com
, 017xxx)

Types of Keys
Super Key: Any set of attributes that uniquely identifies a record.
Example: {SID}, {Email}, {SID, Name}
Candidate Key: Minimal super key (no redundant attribute).
Example: {SID}, {Email}
Primary Key: Selected candidate key used to uniquely identify records.
Example: SID
Unique Key: Ensures uniqueness but may allow NULL values.
Example: Email
Composite Key: A key made using more than one attribute.
Example: (SID, Phone) in some cases
Given Relation: Student(SID, Name, Email, Phone)
Candidate Keys: SID, Email (both are unique)
Super Keys: Any combination containing SID or Email
Example: {SID}, {Email}, {SID, Name}, {Email, Phone}
Primary Key: SID (assumed)
Unique Key: Email
Composite Key: Not required here since single attributes are already unique

Answer 2: Schema vs Instance

Schema defines the structure of a database (tables, attributes, constraints). It is like a blueprint.
Instance is the actual data stored in the database at a specific time.

Example:
Schema: Student(SID, Name, Email, Phone)
Instance: (101, Karim, karim@gmail.com
, 018xxx)

Types of Keys
Super Key: A set of attributes that can uniquely identify a tuple.
Example: SID or (SID, Name)
Candidate Key: A minimal version of super key with no extra attribute.
Example: SID, Email
Primary Key: Chosen candidate key for identification.
Example: SID
Unique Key: Ensures all values are unique (can be multiple per table).
Example: Email
Composite Key: A key formed by combining multiple attributes.
Example: (SID, Name) if needed
Keys in Given Relation

Student(SID, Name, Email, Phone)

SID → unique → candidate key
Email → unique → candidate key
Name → not unique
Phone → not unique

✔ Candidate Keys: SID, Email
✔ Primary Key: SID
✔ Super Keys: Any set containing SID or Email
✔ Unique Key: Email
Answer 3: Schema and Instance

A schema represents the structure of the database including table design and attributes.
An instance represents the current set of data stored in the database.

Example:
Schema: Student(SID, Name, Email, Phone)
Instance: (201, Hasan, hasan@gmail.com
, 017xxx)

Types of Keys
Super Key: Any attribute or combination that uniquely identifies a row.
Example: SID, Email, (SID, Phone)
Candidate Key: A minimal super key used for unique identification.
Example: SID, Email
Primary Key: Selected candidate key to uniquely identify records.
Example: SID
Unique Key: Ensures uniqueness of values; multiple allowed per table.
Example: Email
Composite Key: Combination of multiple attributes used as a key.
Example: (SID, Name)
Key Identification in Student Relation

Student(SID, Name, Email, Phone)

SID is unique → Candidate Key
Email is unique → Candidate Key
Name is not unique
Phone is not unique

✔ Candidate Keys: SID, Email
✔ Primary Key: SID (chosen)
✔ Super Keys: SID, Email, and their combinations
✔ Unique Key: Email
✔ Composite Key: Not necessary in this relation
Rubrics",Excellent (2-4): Clearly defines schema and instance with correct distinction and suitable example | Good(1-3):  Mostly correct definitions with minor confusion or weak example | Average (0.5-1):  Basic idea but unclear or partially incorrect | Poor(0-0.3):  Incorrect or missing understanding
189_c1,1,Explanation of different types of keys with examples (4),4.0,rater2,,189,images/189.png,"Define schema and instance in a database system.

Then, explain the following types of keys with suitable examples:
- Super Key
- Candidate Key
- Primary Key
- Unique Key
- Composite Key

Finally, consider the relation:
Student(SID, Name, Email, Phone)

Assume:
- Each student has a unique SID
- Email is also unique
- Multiple students may have the same name

Identify all possible keys for this relation and briefly justify your answer.","Answer 1: Schema and Instance

A schema is the logical structure of a database that defines tables, attributes, and relationships. It is stable and does not change frequently.
An instance is the actual data stored in the database at a specific moment in time.

Example:
Schema: Student(SID, Name, Email, Phone)
Instance: (1, Rahim, rahim@gmail.com
, 017xxx)

Types of Keys
Super Key: Any set of attributes that uniquely identifies a record.
Example: {SID}, {Email}, {SID, Name}
Candidate Key: Minimal super key (no redundant attribute).
Example: {SID}, {Email}
Primary Key: Selected candidate key used to uniquely identify records.
Example: SID
Unique Key: Ensures uniqueness but may allow NULL values.
Example: Email
Composite Key: A key made using more than one attribute.
Example: (SID, Phone) in some cases
Given Relation: Student(SID, Name, Email, Phone)
Candidate Keys: SID, Email (both are unique)
Super Keys: Any combination containing SID or Email
Example: {SID}, {Email}, {SID, Name}, {Email, Phone}
Primary Key: SID (assumed)
Unique Key: Email
Composite Key: Not required here since single attributes are already unique

Answer 2: Schema vs Instance

Schema defines the structure of a database (tables, attributes, constraints). It is like a blueprint.
Instance is the actual data stored in the database at a specific time.

Example:
Schema: Student(SID, Name, Email, Phone)
Instance: (101, Karim, karim@gmail.com
, 018xxx)

Types of Keys
Super Key: A set of attributes that can uniquely identify a tuple.
Example: SID or (SID, Name)
Candidate Key: A minimal version of super key with no extra attribute.
Example: SID, Email
Primary Key: Chosen candidate key for identification.
Example: SID
Unique Key: Ensures all values are unique (can be multiple per table).
Example: Email
Composite Key: A key formed by combining multiple attributes.
Example: (SID, Name) if needed
Keys in Given Relation

Student(SID, Name, Email, Phone)

SID → unique → candidate key
Email → unique → candidate key
Name → not unique
Phone → not unique

✔ Candidate Keys: SID, Email
✔ Primary Key: SID
✔ Super Keys: Any set containing SID or Email
✔ Unique Key: Email
Answer 3: Schema and Instance

A schema represents the structure of the database including table design and attributes.
An instance represents the current set of data stored in the database.

Example:
Schema: Student(SID, Name, Email, Phone)
Instance: (201, Hasan, hasan@gmail.com
, 017xxx)

Types of Keys
Super Key: Any attribute or combination that uniquely identifies a row.
Example: SID, Email, (SID, Phone)
Candidate Key: A minimal super key used for unique identification.
Example: SID, Email
Primary Key: Selected candidate key to uniquely identify records.
Example: SID
Unique Key: Ensures uniqueness of values; multiple allowed per table.
Example: Email
Composite Key: Combination of multiple attributes used as a key.
Example: (SID, Name)
Key Identification in Student Relation

Student(SID, Name, Email, Phone)

SID is unique → Candidate Key
Email is unique → Candidate Key
Name is not unique
Phone is not unique

✔ Candidate Keys: SID, Email
✔ Primary Key: SID (chosen)
✔ Super Keys: SID, Email, and their combinations
✔ Unique Key: Email
✔ Composite Key: Not necessary in this relation
Rubrics","Excellent (2-4): Clearly explains all keys (super, candidate, primary, unique, composite) with correct and relevant examples | Good(1-3):  Explains most keys correctly with minor missing details or weak examples | Average (0.5-1):  Partial explanation; missing some keys or unclear examples | Poor(0-0.3):  Incorrect or very incomplete explanations"
189_c2,2,Correct identification of keys in given relation (2),2.0,rater2,,189,images/189.png,"Define schema and instance in a database system.

Then, explain the following types of keys with suitable examples:
- Super Key
- Candidate Key
- Primary Key
- Unique Key
- Composite Key

Finally, consider the relation:
Student(SID, Name, Email, Phone)

Assume:
- Each student has a unique SID
- Email is also unique
- Multiple students may have the same name

Identify all possible keys for this relation and briefly justify your answer.","Answer 1: Schema and Instance

A schema is the logical structure of a database that defines tables, attributes, and relationships. It is stable and does not change frequently.
An instance is the actual data stored in the database at a specific moment in time.

Example:
Schema: Student(SID, Name, Email, Phone)
Instance: (1, Rahim, rahim@gmail.com
, 017xxx)

Types of Keys
Super Key: Any set of attributes that uniquely identifies a record.
Example: {SID}, {Email}, {SID, Name}
Candidate Key: Minimal super key (no redundant attribute).
Example: {SID}, {Email}
Primary Key: Selected candidate key used to uniquely identify records.
Example: SID
Unique Key: Ensures uniqueness but may allow NULL values.
Example: Email
Composite Key: A key made using more than one attribute.
Example: (SID, Phone) in some cases
Given Relation: Student(SID, Name, Email, Phone)
Candidate Keys: SID, Email (both are unique)
Super Keys: Any combination containing SID or Email
Example: {SID}, {Email}, {SID, Name}, {Email, Phone}
Primary Key: SID (assumed)
Unique Key: Email
Composite Key: Not required here since single attributes are already unique

Answer 2: Schema vs Instance

Schema defines the structure of a database (tables, attributes, constraints). It is like a blueprint.
Instance is the actual data stored in the database at a specific time.

Example:
Schema: Student(SID, Name, Email, Phone)
Instance: (101, Karim, karim@gmail.com
, 018xxx)

Types of Keys
Super Key: A set of attributes that can uniquely identify a tuple.
Example: SID or (SID, Name)
Candidate Key: A minimal version of super key with no extra attribute.
Example: SID, Email
Primary Key: Chosen candidate key for identification.
Example: SID
Unique Key: Ensures all values are unique (can be multiple per table).
Example: Email
Composite Key: A key formed by combining multiple attributes.
Example: (SID, Name) if needed
Keys in Given Relation

Student(SID, Name, Email, Phone)

SID → unique → candidate key
Email → unique → candidate key
Name → not unique
Phone → not unique

✔ Candidate Keys: SID, Email
✔ Primary Key: SID
✔ Super Keys: Any set containing SID or Email
✔ Unique Key: Email
Answer 3: Schema and Instance

A schema represents the structure of the database including table design and attributes.
An instance represents the current set of data stored in the database.

Example:
Schema: Student(SID, Name, Email, Phone)
Instance: (201, Hasan, hasan@gmail.com
, 017xxx)

Types of Keys
Super Key: Any attribute or combination that uniquely identifies a row.
Example: SID, Email, (SID, Phone)
Candidate Key: A minimal super key used for unique identification.
Example: SID, Email
Primary Key: Selected candidate key to uniquely identify records.
Example: SID
Unique Key: Ensures uniqueness of values; multiple allowed per table.
Example: Email
Composite Key: Combination of multiple attributes used as a key.
Example: (SID, Name)
Key Identification in Student Relation

Student(SID, Name, Email, Phone)

SID is unique → Candidate Key
Email is unique → Candidate Key
Name is not unique
Phone is not unique

✔ Candidate Keys: SID, Email
✔ Primary Key: SID (chosen)
✔ Super Keys: SID, Email, and their combinations
✔ Unique Key: Email
✔ Composite Key: Not necessary in this relation
Rubrics",Excellent (2-4):  Correctly identifies all valid keys with proper justification | Good(1-3):  Mostly correct identification but weak justification | Average (0.5-1):  Partially correct identification | Poor(0-0.3): Incorrect or missing identification
189_c3,3,Clear and organized writing (2),2.0,rater2,,189,images/189.png,"Define schema and instance in a database system.

Then, explain the following types of keys with suitable examples:
- Super Key
- Candidate Key
- Primary Key
- Unique Key
- Composite Key

Finally, consider the relation:
Student(SID, Name, Email, Phone)

Assume:
- Each student has a unique SID
- Email is also unique
- Multiple students may have the same name

Identify all possible keys for this relation and briefly justify your answer.","Answer 1: Schema and Instance

A schema is the logical structure of a database that defines tables, attributes, and relationships. It is stable and does not change frequently.
An instance is the actual data stored in the database at a specific moment in time.

Example:
Schema: Student(SID, Name, Email, Phone)
Instance: (1, Rahim, rahim@gmail.com
, 017xxx)

Types of Keys
Super Key: Any set of attributes that uniquely identifies a record.
Example: {SID}, {Email}, {SID, Name}
Candidate Key: Minimal super key (no redundant attribute).
Example: {SID}, {Email}
Primary Key: Selected candidate key used to uniquely identify records.
Example: SID
Unique Key: Ensures uniqueness but may allow NULL values.
Example: Email
Composite Key: A key made using more than one attribute.
Example: (SID, Phone) in some cases
Given Relation: Student(SID, Name, Email, Phone)
Candidate Keys: SID, Email (both are unique)
Super Keys: Any combination containing SID or Email
Example: {SID}, {Email}, {SID, Name}, {Email, Phone}
Primary Key: SID (assumed)
Unique Key: Email
Composite Key: Not required here since single attributes are already unique

Answer 2: Schema vs Instance

Schema defines the structure of a database (tables, attributes, constraints). It is like a blueprint.
Instance is the actual data stored in the database at a specific time.

Example:
Schema: Student(SID, Name, Email, Phone)
Instance: (101, Karim, karim@gmail.com
, 018xxx)

Types of Keys
Super Key: A set of attributes that can uniquely identify a tuple.
Example: SID or (SID, Name)
Candidate Key: A minimal version of super key with no extra attribute.
Example: SID, Email
Primary Key: Chosen candidate key for identification.
Example: SID
Unique Key: Ensures all values are unique (can be multiple per table).
Example: Email
Composite Key: A key formed by combining multiple attributes.
Example: (SID, Name) if needed
Keys in Given Relation

Student(SID, Name, Email, Phone)

SID → unique → candidate key
Email → unique → candidate key
Name → not unique
Phone → not unique

✔ Candidate Keys: SID, Email
✔ Primary Key: SID
✔ Super Keys: Any set containing SID or Email
✔ Unique Key: Email
Answer 3: Schema and Instance

A schema represents the structure of the database including table design and attributes.
An instance represents the current set of data stored in the database.

Example:
Schema: Student(SID, Name, Email, Phone)
Instance: (201, Hasan, hasan@gmail.com
, 017xxx)

Types of Keys
Super Key: Any attribute or combination that uniquely identifies a row.
Example: SID, Email, (SID, Phone)
Candidate Key: A minimal super key used for unique identification.
Example: SID, Email
Primary Key: Selected candidate key to uniquely identify records.
Example: SID
Unique Key: Ensures uniqueness of values; multiple allowed per table.
Example: Email
Composite Key: Combination of multiple attributes used as a key.
Example: (SID, Name)
Key Identification in Student Relation

Student(SID, Name, Email, Phone)

SID is unique → Candidate Key
Email is unique → Candidate Key
Name is not unique
Phone is not unique

✔ Candidate Keys: SID, Email
✔ Primary Key: SID (chosen)
✔ Super Keys: SID, Email, and their combinations
✔ Unique Key: Email
✔ Composite Key: Not necessary in this relation
Rubrics","Excellent (2-4):  Very well-structured, logical flow, easy to read | Good(1-3):  Generally clear with minor organization issues | Average (0.5-1): Understandable but poorly structured | Poor(0-0.3):  Disorganized and unclear"
405_c0,0,Supervised Learning,2.5,rater2,,405,images/405.png,"Describe Supervised, Unsupervised, and Reinforcement Machine Learning.","Supervised Learning:
Supervised learning is a type of machine learning in which the model is trained using labeled data. Each input is associated with a correct output, and the model learns to map inputs to outputs by minimizing error using a loss function.
Examples include spam detection, image classification, and regression tasks.
Unsupervised Learning:
Unsupervised learning is a type of machine learning where the model is trained on unlabeled data. It identifies hidden patterns, structures, or relationships within the data.
Common techniques include clustering and dimensionality reduction.
Examples include customer segmentation and anomaly detection.
Reinforcement Learning:
Reinforcement learning is a type of machine learning where an agent interacts with an environment and learns by receiving rewards or penalties. The objective is to learn an optimal policy that maximizes cumulative reward over time.
Examples include game playing, robotics, and self-driving systems.
Rubrics for Machine Learning",Excellent (2.5): Defines clearly AND includes key idea (labeled data + prediction/learning) AND example | Good (2): Correct definition but missing either key idea or example | Average (1.5): Partial understanding (only labeled data mentioned) | Poor (1): Incorrect or missing definition
405_c1,1,Unsupervised Learning,2.5,rater2,,405,images/405.png,"Describe Supervised, Unsupervised, and Reinforcement Machine Learning.","Supervised Learning:
Supervised learning is a type of machine learning in which the model is trained using labeled data. Each input is associated with a correct output, and the model learns to map inputs to outputs by minimizing error using a loss function.
Examples include spam detection, image classification, and regression tasks.
Unsupervised Learning:
Unsupervised learning is a type of machine learning where the model is trained on unlabeled data. It identifies hidden patterns, structures, or relationships within the data.
Common techniques include clustering and dimensionality reduction.
Examples include customer segmentation and anomaly detection.
Reinforcement Learning:
Reinforcement learning is a type of machine learning where an agent interacts with an environment and learns by receiving rewards or penalties. The objective is to learn an optimal policy that maximizes cumulative reward over time.
Examples include game playing, robotics, and self-driving systems.
Rubrics for Machine Learning","Excellent (2.5): Clearly states no labels AND mentions pattern discovery (e.g., clustering) with example | Good (2): Correct but lacks example or clarity | Average (1.5): Mentions no labels but no understanding of purpose | Poor (1): Incorrect or missing definition"
405_c2,2,Reinforcement Learning,2.5,rater2,,405,images/405.png,"Describe Supervised, Unsupervised, and Reinforcement Machine Learning.","Supervised Learning:
Supervised learning is a type of machine learning in which the model is trained using labeled data. Each input is associated with a correct output, and the model learns to map inputs to outputs by minimizing error using a loss function.
Examples include spam detection, image classification, and regression tasks.
Unsupervised Learning:
Unsupervised learning is a type of machine learning where the model is trained on unlabeled data. It identifies hidden patterns, structures, or relationships within the data.
Common techniques include clustering and dimensionality reduction.
Examples include customer segmentation and anomaly detection.
Reinforcement Learning:
Reinforcement learning is a type of machine learning where an agent interacts with an environment and learns by receiving rewards or penalties. The objective is to learn an optimal policy that maximizes cumulative reward over time.
Examples include game playing, robotics, and self-driving systems.
Rubrics for Machine Learning","Excellent (2.5): Clearly explains agent, environment, reward mechanism AND goal of maximizing reward | Good (2): Mentions reward-based learning but lacks full explanation | Average (1.5): Partial idea (trial-and-error only) | Poor (1): Incorrect or missing definition"
405_c3,3,"Example, Overall Clarity & Structure",2.5,rater2,,405,images/405.png,"Describe Supervised, Unsupervised, and Reinforcement Machine Learning.","Supervised Learning:
Supervised learning is a type of machine learning in which the model is trained using labeled data. Each input is associated with a correct output, and the model learns to map inputs to outputs by minimizing error using a loss function.
Examples include spam detection, image classification, and regression tasks.
Unsupervised Learning:
Unsupervised learning is a type of machine learning where the model is trained on unlabeled data. It identifies hidden patterns, structures, or relationships within the data.
Common techniques include clustering and dimensionality reduction.
Examples include customer segmentation and anomaly detection.
Reinforcement Learning:
Reinforcement learning is a type of machine learning where an agent interacts with an environment and learns by receiving rewards or penalties. The objective is to learn an optimal policy that maximizes cumulative reward over time.
Examples include game playing, robotics, and self-driving systems.
Rubrics for Machine Learning",Excellent (2.5): All three types clearly distinguished and well-organized | Good (2): Mostly clear but slight confusion between types | Average (1.5): Some mixing of concepts | Poor (1): Poor or unclear explanation
337_c0,0,Understanding of Concept,4.0,rater2,,337,images/337.png,"Question 1. You are given the following values: 12, -5.4, 10000, 3.14, 0, 87, -200, 45.6, 999, 1.2. Choose the most efficient among Counting Sort, Radix Sort, or Bucket Sort for this dataset. Justify your selection and state the time and space complexity of all three algorithms.
2. A directed weighted graph is given below. Determine whether the graph contains a negative cycle using a step-by-step solution. Graph (text form): Vertices = {A, B, C, D}; Edges = A→B (4), B→C (-6), C→D (2), D→B (1), A→D (5).
3. You are given coin denominations: 1, 3, 4, 5. Find the minimum number of coins required to make 10 taka. Show the DP table and derive the final answer.","Answer 1: Bucket Sort is the most efficient for this dataset because it contains floating-point numbers and a wide range of values including negatives. Counting Sort is not suitable due to large range and non-integers, and Radix Sort is inefficient for floating-point values. Time Complexity: Counting Sort = O(n + k), Space = O(k); Radix Sort = O(d(n + k)), Space = O(n + k); Bucket Sort = O(n + k) average, worst O(n²), Space = O(n + k). Therefore, Bucket Sort is preferred.
Answer 2: Using Bellman-Ford algorithm: Step 1 initialize distances (A=0, others=∞). Step 2 relax edges repeatedly: A→B (4), B→C (-6), C→D (2), D→B (1). After V-1 iterations, distances keep decreasing due to cycle B→C→D→B with total weight (-6 + 2 + 1 = -3). Step 3 one more relaxation still reduces distance, confirming a negative cycle exists. Therefore, the graph contains a negative cycle.
Answer 3: Using Dynamic Programming: Let dp[x] = minimum coins to make x. Initialize dp[0]=0. Fill table up to 10: dp[1]=1, dp[2]=2, dp[3]=1, dp[4]=1, dp[5]=1, dp[6]=2, dp[7]=2, dp[8]=2, dp[9]=2, dp[10]=2. Minimum coins for 10 = 2 (5+5 or 4+3+3 is larger). Final answer: 2 coins.
Rubrics",Excellent (4): Fully correct and clearly demonstrates the concept | Good (3): Mostly correct with minor issues | Average (2): Partial understanding | Poor (1): Shows little understanding; answer mostly incorrect
337_c1,1,Step-by-Step Procedure,4.0,rater2,,337,images/337.png,"Question 1. You are given the following values: 12, -5.4, 10000, 3.14, 0, 87, -200, 45.6, 999, 1.2. Choose the most efficient among Counting Sort, Radix Sort, or Bucket Sort for this dataset. Justify your selection and state the time and space complexity of all three algorithms.
2. A directed weighted graph is given below. Determine whether the graph contains a negative cycle using a step-by-step solution. Graph (text form): Vertices = {A, B, C, D}; Edges = A→B (4), B→C (-6), C→D (2), D→B (1), A→D (5).
3. You are given coin denominations: 1, 3, 4, 5. Find the minimum number of coins required to make 10 taka. Show the DP table and derive the final answer.","Answer 1: Bucket Sort is the most efficient for this dataset because it contains floating-point numbers and a wide range of values including negatives. Counting Sort is not suitable due to large range and non-integers, and Radix Sort is inefficient for floating-point values. Time Complexity: Counting Sort = O(n + k), Space = O(k); Radix Sort = O(d(n + k)), Space = O(n + k); Bucket Sort = O(n + k) average, worst O(n²), Space = O(n + k). Therefore, Bucket Sort is preferred.
Answer 2: Using Bellman-Ford algorithm: Step 1 initialize distances (A=0, others=∞). Step 2 relax edges repeatedly: A→B (4), B→C (-6), C→D (2), D→B (1). After V-1 iterations, distances keep decreasing due to cycle B→C→D→B with total weight (-6 + 2 + 1 = -3). Step 3 one more relaxation still reduces distance, confirming a negative cycle exists. Therefore, the graph contains a negative cycle.
Answer 3: Using Dynamic Programming: Let dp[x] = minimum coins to make x. Initialize dp[0]=0. Fill table up to 10: dp[1]=1, dp[2]=2, dp[3]=1, dp[4]=1, dp[5]=1, dp[6]=2, dp[7]=2, dp[8]=2, dp[9]=2, dp[10]=2. Minimum coins for 10 = 2 (5+5 or 4+3+3 is larger). Final answer: 2 coins.
Rubrics",Excellent (4): All steps clearly shown and well structured | Good (3): Mostly correct steps | Average (2): Few correct steps | Poor (1): Missing or wrong steps
337_c2,2,Accuracy of Final Answer,4.0,rater2,,337,images/337.png,"Question 1. You are given the following values: 12, -5.4, 10000, 3.14, 0, 87, -200, 45.6, 999, 1.2. Choose the most efficient among Counting Sort, Radix Sort, or Bucket Sort for this dataset. Justify your selection and state the time and space complexity of all three algorithms.
2. A directed weighted graph is given below. Determine whether the graph contains a negative cycle using a step-by-step solution. Graph (text form): Vertices = {A, B, C, D}; Edges = A→B (4), B→C (-6), C→D (2), D→B (1), A→D (5).
3. You are given coin denominations: 1, 3, 4, 5. Find the minimum number of coins required to make 10 taka. Show the DP table and derive the final answer.","Answer 1: Bucket Sort is the most efficient for this dataset because it contains floating-point numbers and a wide range of values including negatives. Counting Sort is not suitable due to large range and non-integers, and Radix Sort is inefficient for floating-point values. Time Complexity: Counting Sort = O(n + k), Space = O(k); Radix Sort = O(d(n + k)), Space = O(n + k); Bucket Sort = O(n + k) average, worst O(n²), Space = O(n + k). Therefore, Bucket Sort is preferred.
Answer 2: Using Bellman-Ford algorithm: Step 1 initialize distances (A=0, others=∞). Step 2 relax edges repeatedly: A→B (4), B→C (-6), C→D (2), D→B (1). After V-1 iterations, distances keep decreasing due to cycle B→C→D→B with total weight (-6 + 2 + 1 = -3). Step 3 one more relaxation still reduces distance, confirming a negative cycle exists. Therefore, the graph contains a negative cycle.
Answer 3: Using Dynamic Programming: Let dp[x] = minimum coins to make x. Initialize dp[0]=0. Fill table up to 10: dp[1]=1, dp[2]=2, dp[3]=1, dp[4]=1, dp[5]=1, dp[6]=2, dp[7]=2, dp[8]=2, dp[9]=2, dp[10]=2. Minimum coins for 10 = 2 (5+5 or 4+3+3 is larger). Final answer: 2 coins.
Rubrics",Excellent (4): Fully accurate and justified | Good (3): Mostly correct | Average (2): Partially correct | Poor (1): Wrong result
337_c3,3,Clarity & Presentation,4.0,rater2,,337,images/337.png,"Question 1. You are given the following values: 12, -5.4, 10000, 3.14, 0, 87, -200, 45.6, 999, 1.2. Choose the most efficient among Counting Sort, Radix Sort, or Bucket Sort for this dataset. Justify your selection and state the time and space complexity of all three algorithms.
2. A directed weighted graph is given below. Determine whether the graph contains a negative cycle using a step-by-step solution. Graph (text form): Vertices = {A, B, C, D}; Edges = A→B (4), B→C (-6), C→D (2), D→B (1), A→D (5).
3. You are given coin denominations: 1, 3, 4, 5. Find the minimum number of coins required to make 10 taka. Show the DP table and derive the final answer.","Answer 1: Bucket Sort is the most efficient for this dataset because it contains floating-point numbers and a wide range of values including negatives. Counting Sort is not suitable due to large range and non-integers, and Radix Sort is inefficient for floating-point values. Time Complexity: Counting Sort = O(n + k), Space = O(k); Radix Sort = O(d(n + k)), Space = O(n + k); Bucket Sort = O(n + k) average, worst O(n²), Space = O(n + k). Therefore, Bucket Sort is preferred.
Answer 2: Using Bellman-Ford algorithm: Step 1 initialize distances (A=0, others=∞). Step 2 relax edges repeatedly: A→B (4), B→C (-6), C→D (2), D→B (1). After V-1 iterations, distances keep decreasing due to cycle B→C→D→B with total weight (-6 + 2 + 1 = -3). Step 3 one more relaxation still reduces distance, confirming a negative cycle exists. Therefore, the graph contains a negative cycle.
Answer 3: Using Dynamic Programming: Let dp[x] = minimum coins to make x. Initialize dp[0]=0. Fill table up to 10: dp[1]=1, dp[2]=2, dp[3]=1, dp[4]=1, dp[5]=1, dp[6]=2, dp[7]=2, dp[8]=2, dp[9]=2, dp[10]=2. Minimum coins for 10 = 2 (5+5 or 4+3+3 is larger). Final answer: 2 coins.
Rubrics","Excellent (4): Very clear, neat diagrams/tables, strong justification | Good (3): Clear explanation | Average (2): Understandable but not neat | Poor (1): Poorly organized"
410_c0,0,Supervised Learning,2.5,rater2,,410,images/410.png,"Describe Supervised, Unsupervised, and Reinforcement Machine Learning.","Supervised Learning:
Supervised learning is a type of machine learning in which the model is trained using labeled data. Each input is associated with a correct output, and the model learns to map inputs to outputs by minimizing error using a loss function.
Examples include spam detection, image classification, and regression tasks.
Unsupervised Learning:
Unsupervised learning is a type of machine learning where the model is trained on unlabeled data. It identifies hidden patterns, structures, or relationships within the data.
Common techniques include clustering and dimensionality reduction.
Examples include customer segmentation and anomaly detection.
Reinforcement Learning:
Reinforcement learning is a type of machine learning where an agent interacts with an environment and learns by receiving rewards or penalties. The objective is to learn an optimal policy that maximizes cumulative reward over time.
Examples include game playing, robotics, and self-driving systems.
Rubrics for Machine Learning",Excellent (2.5): Defines clearly AND includes key idea (labeled data + prediction/learning) AND example | Good (2): Correct definition but missing either key idea or example | Average (1.5): Partial understanding (only labeled data mentioned) | Poor (1): Incorrect or missing definition
410_c1,1,Unsupervised Learning,2.5,rater2,,410,images/410.png,"Describe Supervised, Unsupervised, and Reinforcement Machine Learning.","Supervised Learning:
Supervised learning is a type of machine learning in which the model is trained using labeled data. Each input is associated with a correct output, and the model learns to map inputs to outputs by minimizing error using a loss function.
Examples include spam detection, image classification, and regression tasks.
Unsupervised Learning:
Unsupervised learning is a type of machine learning where the model is trained on unlabeled data. It identifies hidden patterns, structures, or relationships within the data.
Common techniques include clustering and dimensionality reduction.
Examples include customer segmentation and anomaly detection.
Reinforcement Learning:
Reinforcement learning is a type of machine learning where an agent interacts with an environment and learns by receiving rewards or penalties. The objective is to learn an optimal policy that maximizes cumulative reward over time.
Examples include game playing, robotics, and self-driving systems.
Rubrics for Machine Learning","Excellent (2.5): Clearly states no labels AND mentions pattern discovery (e.g., clustering) with example | Good (2): Correct but lacks example or clarity | Average (1.5): Mentions no labels but no understanding of purpose | Poor (1): Incorrect or missing definition"
410_c2,2,Reinforcement Learning,2.5,rater2,,410,images/410.png,"Describe Supervised, Unsupervised, and Reinforcement Machine Learning.","Supervised Learning:
Supervised learning is a type of machine learning in which the model is trained using labeled data. Each input is associated with a correct output, and the model learns to map inputs to outputs by minimizing error using a loss function.
Examples include spam detection, image classification, and regression tasks.
Unsupervised Learning:
Unsupervised learning is a type of machine learning where the model is trained on unlabeled data. It identifies hidden patterns, structures, or relationships within the data.
Common techniques include clustering and dimensionality reduction.
Examples include customer segmentation and anomaly detection.
Reinforcement Learning:
Reinforcement learning is a type of machine learning where an agent interacts with an environment and learns by receiving rewards or penalties. The objective is to learn an optimal policy that maximizes cumulative reward over time.
Examples include game playing, robotics, and self-driving systems.
Rubrics for Machine Learning","Excellent (2.5): Clearly explains agent, environment, reward mechanism AND goal of maximizing reward | Good (2): Mentions reward-based learning but lacks full explanation | Average (1.5): Partial idea (trial-and-error only) | Poor (1): Incorrect or missing definition"
410_c3,3,"Example, Overall Clarity & Structure",2.5,rater2,,410,images/410.png,"Describe Supervised, Unsupervised, and Reinforcement Machine Learning.","Supervised Learning:
Supervised learning is a type of machine learning in which the model is trained using labeled data. Each input is associated with a correct output, and the model learns to map inputs to outputs by minimizing error using a loss function.
Examples include spam detection, image classification, and regression tasks.
Unsupervised Learning:
Unsupervised learning is a type of machine learning where the model is trained on unlabeled data. It identifies hidden patterns, structures, or relationships within the data.
Common techniques include clustering and dimensionality reduction.
Examples include customer segmentation and anomaly detection.
Reinforcement Learning:
Reinforcement learning is a type of machine learning where an agent interacts with an environment and learns by receiving rewards or penalties. The objective is to learn an optimal policy that maximizes cumulative reward over time.
Examples include game playing, robotics, and self-driving systems.
Rubrics for Machine Learning",Excellent (2.5): All three types clearly distinguished and well-organized | Good (2): Mostly clear but slight confusion between types | Average (1.5): Some mixing of concepts | Poor (1): Poor or unclear explanation
463_c0,0,Supervised Learning,2.5,rater2,,463,images/463.png,"Describe Supervised, Unsupervised, and Reinforcement Machine Learning.","Supervised Learning:
Supervised learning is a type of machine learning in which the model is trained using labeled data. Each input is associated with a correct output, and the model learns to map inputs to outputs by minimizing error using a loss function.
Examples include spam detection, image classification, and regression tasks.
Unsupervised Learning:
Unsupervised learning is a type of machine learning where the model is trained on unlabeled data. It identifies hidden patterns, structures, or relationships within the data.
Common techniques include clustering and dimensionality reduction.
Examples include customer segmentation and anomaly detection.
Reinforcement Learning:
Reinforcement learning is a type of machine learning where an agent interacts with an environment and learns by receiving rewards or penalties. The objective is to learn an optimal policy that maximizes cumulative reward over time.
Examples include game playing, robotics, and self-driving systems.
Rubrics for Machine Learning",Excellent (2.5): Defines clearly AND includes key idea (labeled data + prediction/learning) AND example | Good (2): Correct definition but missing either key idea or example | Average (1.5): Partial understanding (only labeled data mentioned) | Poor (1): Incorrect or missing definition
463_c1,1,Unsupervised Learning,2.5,rater2,,463,images/463.png,"Describe Supervised, Unsupervised, and Reinforcement Machine Learning.","Supervised Learning:
Supervised learning is a type of machine learning in which the model is trained using labeled data. Each input is associated with a correct output, and the model learns to map inputs to outputs by minimizing error using a loss function.
Examples include spam detection, image classification, and regression tasks.
Unsupervised Learning:
Unsupervised learning is a type of machine learning where the model is trained on unlabeled data. It identifies hidden patterns, structures, or relationships within the data.
Common techniques include clustering and dimensionality reduction.
Examples include customer segmentation and anomaly detection.
Reinforcement Learning:
Reinforcement learning is a type of machine learning where an agent interacts with an environment and learns by receiving rewards or penalties. The objective is to learn an optimal policy that maximizes cumulative reward over time.
Examples include game playing, robotics, and self-driving systems.
Rubrics for Machine Learning","Excellent (2.5): Clearly states no labels AND mentions pattern discovery (e.g., clustering) with example | Good (2): Correct but lacks example or clarity | Average (1.5): Mentions no labels but no understanding of purpose | Poor (1): Incorrect or missing definition"
463_c2,2,Reinforcement Learning,2.5,rater2,,463,images/463.png,"Describe Supervised, Unsupervised, and Reinforcement Machine Learning.","Supervised Learning:
Supervised learning is a type of machine learning in which the model is trained using labeled data. Each input is associated with a correct output, and the model learns to map inputs to outputs by minimizing error using a loss function.
Examples include spam detection, image classification, and regression tasks.
Unsupervised Learning:
Unsupervised learning is a type of machine learning where the model is trained on unlabeled data. It identifies hidden patterns, structures, or relationships within the data.
Common techniques include clustering and dimensionality reduction.
Examples include customer segmentation and anomaly detection.
Reinforcement Learning:
Reinforcement learning is a type of machine learning where an agent interacts with an environment and learns by receiving rewards or penalties. The objective is to learn an optimal policy that maximizes cumulative reward over time.
Examples include game playing, robotics, and self-driving systems.
Rubrics for Machine Learning","Excellent (2.5): Clearly explains agent, environment, reward mechanism AND goal of maximizing reward | Good (2): Mentions reward-based learning but lacks full explanation | Average (1.5): Partial idea (trial-and-error only) | Poor (1): Incorrect or missing definition"
463_c3,3,"Example, Overall Clarity & Structure",2.5,rater2,,463,images/463.png,"Describe Supervised, Unsupervised, and Reinforcement Machine Learning.","Supervised Learning:
Supervised learning is a type of machine learning in which the model is trained using labeled data. Each input is associated with a correct output, and the model learns to map inputs to outputs by minimizing error using a loss function.
Examples include spam detection, image classification, and regression tasks.
Unsupervised Learning:
Unsupervised learning is a type of machine learning where the model is trained on unlabeled data. It identifies hidden patterns, structures, or relationships within the data.
Common techniques include clustering and dimensionality reduction.
Examples include customer segmentation and anomaly detection.
Reinforcement Learning:
Reinforcement learning is a type of machine learning where an agent interacts with an environment and learns by receiving rewards or penalties. The objective is to learn an optimal policy that maximizes cumulative reward over time.
Examples include game playing, robotics, and self-driving systems.
Rubrics for Machine Learning",Excellent (2.5): All three types clearly distinguished and well-organized | Good (2): Mostly clear but slight confusion between types | Average (1.5): Some mixing of concepts | Poor (1): Poor or unclear explanation
470_c0,0,Definition of Method Overloading,4.0,rater2,,470,images/470.png,Differentiate between method overloading and method overriding (in Java) with examples.,"
Definition of Method Overloading:
 Method overloading occurs when multiple methods in the same class have the same name but different parameter lists (different number, type, or order of parameters). It is an example of compile-time polymorphism because the compiler determines which method will be executed.

Definition of Method Overriding: 
Method overriding occurs when a subclass provides a new implementation of a method already defined in the parent class using the same method signature. It is an example of run-time polymorphism because the method call is resolved during execution.

Comparison:
| Method Overloading                                              | Method Overriding                                              |
| --------------------------------------                         | ----------------------------------------                     |
| Happens within the same class                         | Happens between parent and child classes |
| Same method name, different parameters | Same method name, same parameters        |
| Compile-time polymorphism                            | Run-time polymorphism                                     |
| Inheritance not required                                     | Inheritance required                                             |





Example:

class Area {
    int calculate(int side) {
        return side * side;
    }

    int calculate(int length, int width) {
        return length * width;
    }
}

class Bird {
    void fly() {
        System.out.println(""Bird flies"");
    }
}

class Sparrow extends Bird {
    void fly() {
        System.out.println(""Sparrow flies low"");
    }
}

calculate() is overloaded and fly() is overridden..","Excellent (4): Clearly defines method
 overloading as same
 method name with different
 parameter lists in the same
 class; mentions compile-time 
polymorphism correctly | Good (3): Defines correctly but 
misses one important aspect
(e.g., compile-time polymorphism 
or parameter variation) | Average (2): Partial definition with 
limited clarity | Poor (1): Incorrect or missing definition"
470_c1,1,Definition of Method Overriding,4.0,rater2,,470,images/470.png,Differentiate between method overloading and method overriding (in Java) with examples.,"
Definition of Method Overloading:
 Method overloading occurs when multiple methods in the same class have the same name but different parameter lists (different number, type, or order of parameters). It is an example of compile-time polymorphism because the compiler determines which method will be executed.

Definition of Method Overriding: 
Method overriding occurs when a subclass provides a new implementation of a method already defined in the parent class using the same method signature. It is an example of run-time polymorphism because the method call is resolved during execution.

Comparison:
| Method Overloading                                              | Method Overriding                                              |
| --------------------------------------                         | ----------------------------------------                     |
| Happens within the same class                         | Happens between parent and child classes |
| Same method name, different parameters | Same method name, same parameters        |
| Compile-time polymorphism                            | Run-time polymorphism                                     |
| Inheritance not required                                     | Inheritance required                                             |





Example:

class Area {
    int calculate(int side) {
        return side * side;
    }

    int calculate(int length, int width) {
        return length * width;
    }
}

class Bird {
    void fly() {
        System.out.println(""Bird flies"");
    }
}

class Sparrow extends Bird {
    void fly() {
        System.out.println(""Sparrow flies low"");
    }
}

calculate() is overloaded and fly() is overridden..","Excellent (4): Clearly defines method
 overriding as redefining 
inherited method in child 
class with same signature; 
mentions run-time 
polymorphism correctly | Good (3): Correct definition with
 minor missing point | Average (2): Partial explanation | Poor (1): Incorrect or missing definition"
470_c2,2,Comparision,4.0,rater2,,470,images/470.png,Differentiate between method overloading and method overriding (in Java) with examples.,"
Definition of Method Overloading:
 Method overloading occurs when multiple methods in the same class have the same name but different parameter lists (different number, type, or order of parameters). It is an example of compile-time polymorphism because the compiler determines which method will be executed.

Definition of Method Overriding: 
Method overriding occurs when a subclass provides a new implementation of a method already defined in the parent class using the same method signature. It is an example of run-time polymorphism because the method call is resolved during execution.

Comparison:
| Method Overloading                                              | Method Overriding                                              |
| --------------------------------------                         | ----------------------------------------                     |
| Happens within the same class                         | Happens between parent and child classes |
| Same method name, different parameters | Same method name, same parameters        |
| Compile-time polymorphism                            | Run-time polymorphism                                     |
| Inheritance not required                                     | Inheritance required                                             |





Example:

class Area {
    int calculate(int side) {
        return side * side;
    }

    int calculate(int length, int width) {
        return length * width;
    }
}

class Bird {
    void fly() {
        System.out.println(""Bird flies"");
    }
}

class Sparrow extends Bird {
    void fly() {
        System.out.println(""Sparrow flies low"");
    }
}

calculate() is overloaded and fly() is overridden..","Excellent (4): Clearly identifies at least 
4 major differences: 
class relationship, parameters, 
binding time, inheritance 
requirement | Good (3): Identifies 3 differences 
correctly | Average (2): Identifies 2 differences
 | Poor (1): Very limited or incorrect 
comparison"
470_ex,3,Example / Application,4.0,rater2,,470,images/470.png,Differentiate between method overloading and method overriding (in Java) with examples.,"
Definition of Method Overloading:
 Method overloading occurs when multiple methods in the same class have the same name but different parameter lists (different number, type, or order of parameters). It is an example of compile-time polymorphism because the compiler determines which method will be executed.

Definition of Method Overriding: 
Method overriding occurs when a subclass provides a new implementation of a method already defined in the parent class using the same method signature. It is an example of run-time polymorphism because the method call is resolved during execution.

Comparison:
| Method Overloading                                              | Method Overriding                                              |
| --------------------------------------                         | ----------------------------------------                     |
| Happens within the same class                         | Happens between parent and child classes |
| Same method name, different parameters | Same method name, same parameters        |
| Compile-time polymorphism                            | Run-time polymorphism                                     |
| Inheritance not required                                     | Inheritance required                                             |





Example:

class Area {
    int calculate(int side) {
        return side * side;
    }

    int calculate(int length, int width) {
        return length * width;
    }
}

class Bird {
    void fly() {
        System.out.println(""Bird flies"");
    }
}

class Sparrow extends Bird {
    void fly() {
        System.out.println(""Sparrow flies low"");
    }
}

calculate() is overloaded and fly() is overridden..","Excellent (4): Provides correct and 
complete programming 
example for both overloading
 and overriding with clear 
explanation | Good (3): Example mostly
correct
 with minor error | Average (2): Partial example or 
only one concept shown | Poor (1): No valid example"
320_def,0,Definition of Data Mining,4.0,rater2,,320,images/320.png,What is Data Mining? Describe the steps of the KDD (Knowledge Discovery in Databases) process and explain why data mining is essential in modern organizations.,"Definition of Data Mining:
Data mining is the process of discovering meaningful patterns, knowledge, or useful information from large datasets using techniques from statistics, machine learning, and pattern recognition.
Steps of the KDD Process:
The Knowledge Discovery in Databases (KDD) process includes the following main steps:
1. Data Selection
2. Data Preprocessing / Cleaning
3. Data Transformation
4. Data Mining
5. Pattern Evaluation
6. Knowledge Presentation
Justification / Importance of Data Mining:
Data mining is essential in modern organizations because it enables data-driven decision making and provides insights that would otherwise remain hidden in large datasets. By analyzing customer behavior, transaction patterns, and market trends, organizations can make strategic decisions that improve efficiency, increase revenue, and reduce risks.

For example, a retail company can analyze purchase histories to recommend products to customers, thereby increasing sales and enhancing customer satisfaction. Similarly, banks can detect fraudulent transactions by identifying unusual patterns in account activity, which helps prevent financial losses.
Rubrics for DataMining ",Excellent (4): Clear and correct definition explaining discovery of useful patterns/knowledge from large datasets | Good (3): Correct definition but slightly incomplete | Average (2): Basic idea mentioned but not clearly defined | Poor (0-1): Incorrect or missing definition
320_kdd,1,KDD Process Steps,4.0,rater2,,320,images/320.png,What is Data Mining? Describe the steps of the KDD (Knowledge Discovery in Databases) process and explain why data mining is essential in modern organizations.,"Definition of Data Mining:
Data mining is the process of discovering meaningful patterns, knowledge, or useful information from large datasets using techniques from statistics, machine learning, and pattern recognition.
Steps of the KDD Process:
The Knowledge Discovery in Databases (KDD) process includes the following main steps:
1. Data Selection
2. Data Preprocessing / Cleaning
3. Data Transformation
4. Data Mining
5. Pattern Evaluation
6. Knowledge Presentation
Justification / Importance of Data Mining:
Data mining is essential in modern organizations because it enables data-driven decision making and provides insights that would otherwise remain hidden in large datasets. By analyzing customer behavior, transaction patterns, and market trends, organizations can make strategic decisions that improve efficiency, increase revenue, and reduce risks.

For example, a retail company can analyze purchase histories to recommend products to customers, thereby increasing sales and enhancing customer satisfaction. Similarly, banks can detect fraudulent transactions by identifying unusual patterns in account activity, which helps prevent financial losses.
Rubrics for DataMining ","Excellent (4): Most or all steps correctly identified (selection, preprocessing, transformation, data mining, evaluation, presentation) | Good (3): Several steps identified but some missing | Average (2): Few steps mentioned with limited understanding | Poor (0-1): Steps mostly incorrect or missing"
320_c2,2,Importance of Data Mining Marks=(4),4.0,rater2,,320,images/320.png,What is Data Mining? Describe the steps of the KDD (Knowledge Discovery in Databases) process and explain why data mining is essential in modern organizations.,"Definition of Data Mining:
Data mining is the process of discovering meaningful patterns, knowledge, or useful information from large datasets using techniques from statistics, machine learning, and pattern recognition.
Steps of the KDD Process:
The Knowledge Discovery in Databases (KDD) process includes the following main steps:
1. Data Selection
2. Data Preprocessing / Cleaning
3. Data Transformation
4. Data Mining
5. Pattern Evaluation
6. Knowledge Presentation
Justification / Importance of Data Mining:
Data mining is essential in modern organizations because it enables data-driven decision making and provides insights that would otherwise remain hidden in large datasets. By analyzing customer behavior, transaction patterns, and market trends, organizations can make strategic decisions that improve efficiency, increase revenue, and reduce risks.

For example, a retail company can analyze purchase histories to recommend products to customers, thereby increasing sales and enhancing customer satisfaction. Similarly, banks can detect fraudulent transactions by identifying unusual patterns in account activity, which helps prevent financial losses.
Rubrics for DataMining ",Excellent (4): Strong justification with clear reasoning | Good (3): Reasonable justification but limited explanation | Average (2): General statement with weak reasoning | Poor (0-1): No clear justification
320_ex,3,Example / Application,4.0,rater2,,320,images/320.png,What is Data Mining? Describe the steps of the KDD (Knowledge Discovery in Databases) process and explain why data mining is essential in modern organizations.,"Definition of Data Mining:
Data mining is the process of discovering meaningful patterns, knowledge, or useful information from large datasets using techniques from statistics, machine learning, and pattern recognition.
Steps of the KDD Process:
The Knowledge Discovery in Databases (KDD) process includes the following main steps:
1. Data Selection
2. Data Preprocessing / Cleaning
3. Data Transformation
4. Data Mining
5. Pattern Evaluation
6. Knowledge Presentation
Justification / Importance of Data Mining:
Data mining is essential in modern organizations because it enables data-driven decision making and provides insights that would otherwise remain hidden in large datasets. By analyzing customer behavior, transaction patterns, and market trends, organizations can make strategic decisions that improve efficiency, increase revenue, and reduce risks.

For example, a retail company can analyze purchase histories to recommend products to customers, thereby increasing sales and enhancing customer satisfaction. Similarly, banks can detect fraudulent transactions by identifying unusual patterns in account activity, which helps prevent financial losses.
Rubrics for DataMining ","Excellent (4): Relevant real-world example provided (e.g., marketing, fraud detection, recommendation systems) | Good (3): Example provided but not well explained | Average (2): Vague or unclear example | Poor (0-1): No example"
142_c0,0,Understanding of normalization and related problems(3),3.0,rater2,,142,images/142.png,"Question 1. In database systems, poor design can lead to data redundancy and update anomalies.","Answer 1: Poor database design leads to data redundancy and update anomalies. Redundancy means storing the same data repeatedly, which increases storage and causes inconsistency. The main anomalies are:

Insertion anomaly: Cannot insert data without adding unrelated information
Deletion anomaly: Deleting a record may remove useful data
Update anomaly: Same data must be updated in multiple rows

Normalization is used to organize data and eliminate these problems.

Normal Forms:

1NF: Ensures atomic values and removes repeating groups
2NF: Removes partial dependency (non-key depends on full primary key)
3NF: Removes transitive dependency (non-key depends only on primary key)

Example:

Unnormalized Table:
StudentID | Course | Instructor | InstructorPhone
1 | DBMS | Rahim | 017XX
1 | AI | Karim | 018XX

Problems: Instructor data is repeated → redundancy and update anomaly.

After Normalization:

StudentCourse:
StudentID | Course

CourseInstructor:
Course | Instructor | InstructorPhone

Now redundancy is minimized and anomalies are removed.
Answer 2:A poorly designed database suffers from redundancy and update anomalies, which reduce data consistency.

Suppose we have a table:
OrderID | CustomerName | CustomerAddress | Product

If a customer places multiple orders, their address is stored repeatedly → data redundancy.

Anomalies:

Insertion anomaly: Cannot add a new customer without an order
Deletion anomaly: Deleting last order removes customer info
Update anomaly: Changing address requires multiple updates

To solve this, we apply normalization.

Normal Forms:

1NF: Removes repeating attributes
2NF: Eliminates partial dependency
3NF: Eliminates transitive dependency

Normalized Tables:

Customer:
CustomerID | Name | Address

Order:
OrderID | CustomerID | Product

Now each fact is stored once, reducing redundancy and eliminating anomalies.
Answer 3: Poor database design causes redundant data storage and anomalies (insertion, deletion, update), leading to inconsistency.

Normalization is a step-by-step process to improve database structure.

Example (Unnormalized Table):
StudentID | StudentName | Course | Instructor | InstructorOffice

Problems:

Instructor details repeated → redundancy
Update anomaly if instructor office changes
Step 1: Convert to 1NF

Ensure atomic values (already satisfied, no repeating groups)

Step 2: Convert to 2NF

Remove partial dependency:

StudentName depends only on StudentID

Student Table:
StudentID | StudentName

Step 3: Convert to 3NF

Remove transitive dependency:

InstructorOffice depends on Instructor

Course Table:
Course | Instructor

Instructor Table:
Instructor | InstructorOffice

Now:

No redundant data
All anomalies removed
Database is well-structured
Rubrics","Excellent (2/3): Clearly explains normalization purpose; correctly identifies redundancy and all anomalies (insertion, deletion, update) with reasoning | Good (0.5-2):  Explains normalization and anomalies but misses depth or one type | Average (0.2-0.5):  Basic idea; anomalies unclear or partially incorrect | Poor (0-0.2):  No clear understanding; mostly incorrect"
142_c1,1,Explanation of normal forms(3),3.0,rater2,,142,images/142.png,"Question 1. In database systems, poor design can lead to data redundancy and update anomalies.","Answer 1: Poor database design leads to data redundancy and update anomalies. Redundancy means storing the same data repeatedly, which increases storage and causes inconsistency. The main anomalies are:

Insertion anomaly: Cannot insert data without adding unrelated information
Deletion anomaly: Deleting a record may remove useful data
Update anomaly: Same data must be updated in multiple rows

Normalization is used to organize data and eliminate these problems.

Normal Forms:

1NF: Ensures atomic values and removes repeating groups
2NF: Removes partial dependency (non-key depends on full primary key)
3NF: Removes transitive dependency (non-key depends only on primary key)

Example:

Unnormalized Table:
StudentID | Course | Instructor | InstructorPhone
1 | DBMS | Rahim | 017XX
1 | AI | Karim | 018XX

Problems: Instructor data is repeated → redundancy and update anomaly.

After Normalization:

StudentCourse:
StudentID | Course

CourseInstructor:
Course | Instructor | InstructorPhone

Now redundancy is minimized and anomalies are removed.
Answer 2:A poorly designed database suffers from redundancy and update anomalies, which reduce data consistency.

Suppose we have a table:
OrderID | CustomerName | CustomerAddress | Product

If a customer places multiple orders, their address is stored repeatedly → data redundancy.

Anomalies:

Insertion anomaly: Cannot add a new customer without an order
Deletion anomaly: Deleting last order removes customer info
Update anomaly: Changing address requires multiple updates

To solve this, we apply normalization.

Normal Forms:

1NF: Removes repeating attributes
2NF: Eliminates partial dependency
3NF: Eliminates transitive dependency

Normalized Tables:

Customer:
CustomerID | Name | Address

Order:
OrderID | CustomerID | Product

Now each fact is stored once, reducing redundancy and eliminating anomalies.
Answer 3: Poor database design causes redundant data storage and anomalies (insertion, deletion, update), leading to inconsistency.

Normalization is a step-by-step process to improve database structure.

Example (Unnormalized Table):
StudentID | StudentName | Course | Instructor | InstructorOffice

Problems:

Instructor details repeated → redundancy
Update anomaly if instructor office changes
Step 1: Convert to 1NF

Ensure atomic values (already satisfied, no repeating groups)

Step 2: Convert to 2NF

Remove partial dependency:

StudentName depends only on StudentID

Student Table:
StudentID | StudentName

Step 3: Convert to 3NF

Remove transitive dependency:

InstructorOffice depends on Instructor

Course Table:
Course | Instructor

Instructor Table:
Instructor | InstructorOffice

Now:

No redundant data
All anomalies removed
Database is well-structured
Rubrics","Excellent (2/3):  Correctly explains 1NF, 2NF, 3NF with conditions and how they remove anomalies | Good (0.5-2):  Explains normal forms with minor mistakes or missing details | Average (0.2-0.5):  Mentions normal forms but incomplete/partially wrong | Poor (0-0.2): Incorrect or missing explanation"
142_c2,2,Use of example(2),2.0,rater2,,142,images/142.png,"Question 1. In database systems, poor design can lead to data redundancy and update anomalies.","Answer 1: Poor database design leads to data redundancy and update anomalies. Redundancy means storing the same data repeatedly, which increases storage and causes inconsistency. The main anomalies are:

Insertion anomaly: Cannot insert data without adding unrelated information
Deletion anomaly: Deleting a record may remove useful data
Update anomaly: Same data must be updated in multiple rows

Normalization is used to organize data and eliminate these problems.

Normal Forms:

1NF: Ensures atomic values and removes repeating groups
2NF: Removes partial dependency (non-key depends on full primary key)
3NF: Removes transitive dependency (non-key depends only on primary key)

Example:

Unnormalized Table:
StudentID | Course | Instructor | InstructorPhone
1 | DBMS | Rahim | 017XX
1 | AI | Karim | 018XX

Problems: Instructor data is repeated → redundancy and update anomaly.

After Normalization:

StudentCourse:
StudentID | Course

CourseInstructor:
Course | Instructor | InstructorPhone

Now redundancy is minimized and anomalies are removed.
Answer 2:A poorly designed database suffers from redundancy and update anomalies, which reduce data consistency.

Suppose we have a table:
OrderID | CustomerName | CustomerAddress | Product

If a customer places multiple orders, their address is stored repeatedly → data redundancy.

Anomalies:

Insertion anomaly: Cannot add a new customer without an order
Deletion anomaly: Deleting last order removes customer info
Update anomaly: Changing address requires multiple updates

To solve this, we apply normalization.

Normal Forms:

1NF: Removes repeating attributes
2NF: Eliminates partial dependency
3NF: Eliminates transitive dependency

Normalized Tables:

Customer:
CustomerID | Name | Address

Order:
OrderID | CustomerID | Product

Now each fact is stored once, reducing redundancy and eliminating anomalies.
Answer 3: Poor database design causes redundant data storage and anomalies (insertion, deletion, update), leading to inconsistency.

Normalization is a step-by-step process to improve database structure.

Example (Unnormalized Table):
StudentID | StudentName | Course | Instructor | InstructorOffice

Problems:

Instructor details repeated → redundancy
Update anomaly if instructor office changes
Step 1: Convert to 1NF

Ensure atomic values (already satisfied, no repeating groups)

Step 2: Convert to 2NF

Remove partial dependency:

StudentName depends only on StudentID

Student Table:
StudentID | StudentName

Step 3: Convert to 3NF

Remove transitive dependency:

InstructorOffice depends on Instructor

Course Table:
Course | Instructor

Instructor Table:
Instructor | InstructorOffice

Now:

No redundant data
All anomalies removed
Database is well-structured
Rubrics",Excellent (2/3):  Clear table/example; shows anomalies and normalization steps correctly | Good (0.5-2):  Relevant example but explanation partially unclear | Average (0.2-0.5):  Example present but weak connection to concept | Poor (0-0.2):  No example or incorrect
142_c3,3,Clear and organized writing(2),2.0,rater2,,142,images/142.png,"Question 1. In database systems, poor design can lead to data redundancy and update anomalies.","Answer 1: Poor database design leads to data redundancy and update anomalies. Redundancy means storing the same data repeatedly, which increases storage and causes inconsistency. The main anomalies are:

Insertion anomaly: Cannot insert data without adding unrelated information
Deletion anomaly: Deleting a record may remove useful data
Update anomaly: Same data must be updated in multiple rows

Normalization is used to organize data and eliminate these problems.

Normal Forms:

1NF: Ensures atomic values and removes repeating groups
2NF: Removes partial dependency (non-key depends on full primary key)
3NF: Removes transitive dependency (non-key depends only on primary key)

Example:

Unnormalized Table:
StudentID | Course | Instructor | InstructorPhone
1 | DBMS | Rahim | 017XX
1 | AI | Karim | 018XX

Problems: Instructor data is repeated → redundancy and update anomaly.

After Normalization:

StudentCourse:
StudentID | Course

CourseInstructor:
Course | Instructor | InstructorPhone

Now redundancy is minimized and anomalies are removed.
Answer 2:A poorly designed database suffers from redundancy and update anomalies, which reduce data consistency.

Suppose we have a table:
OrderID | CustomerName | CustomerAddress | Product

If a customer places multiple orders, their address is stored repeatedly → data redundancy.

Anomalies:

Insertion anomaly: Cannot add a new customer without an order
Deletion anomaly: Deleting last order removes customer info
Update anomaly: Changing address requires multiple updates

To solve this, we apply normalization.

Normal Forms:

1NF: Removes repeating attributes
2NF: Eliminates partial dependency
3NF: Eliminates transitive dependency

Normalized Tables:

Customer:
CustomerID | Name | Address

Order:
OrderID | CustomerID | Product

Now each fact is stored once, reducing redundancy and eliminating anomalies.
Answer 3: Poor database design causes redundant data storage and anomalies (insertion, deletion, update), leading to inconsistency.

Normalization is a step-by-step process to improve database structure.

Example (Unnormalized Table):
StudentID | StudentName | Course | Instructor | InstructorOffice

Problems:

Instructor details repeated → redundancy
Update anomaly if instructor office changes
Step 1: Convert to 1NF

Ensure atomic values (already satisfied, no repeating groups)

Step 2: Convert to 2NF

Remove partial dependency:

StudentName depends only on StudentID

Student Table:
StudentID | StudentName

Step 3: Convert to 3NF

Remove transitive dependency:

InstructorOffice depends on Instructor

Course Table:
Course | Instructor

Instructor Table:
Instructor | InstructorOffice

Now:

No redundant data
All anomalies removed
Database is well-structured
Rubrics","Excellent (2/3):  Very well-structured; clear flow, neat tables/steps | Good (0.5-2):  Generally clear with minor issues | Average (0.2-0.5): Understandable but poorly structured | Poor (0-0.2):  Disorganized and unclear"
103_c0,0,Concept of Histogram Equalization,4.0,rater2,,103,images/103.png,Question Q9: Explain necessity of histogram equalization and histogram matching in Image Processing. (10 Marks),"Definition of Histogram Equalization

Histogram Equalization is a technique used in image processing to enhance the contrast of an image by redistributing its intensity values so that they are spread more uniformly across the entire range.
Necessity of Histogram Equalization

Histogram equalization is necessary for several important reasons:

Contrast Enhancement: Many images suffer from low contrast where pixel values are concentrated in a narrow range. Histogram equalization spreads these values, improving contrast.
Better Visibility of Details: It enhances details in dark or bright regions, making features more distinguishable.
Improved Image Interpretation: Useful in applications like medical imaging (e.g., X-rays, MRI), remote sensing, and surveillance systems.
Preprocessing Step: Helps improve the performance of further image processing tasks such as segmentation and feature extraction.
Definition of Histogram Matching

Histogram Matching (also called histogram specification) is a technique where the histogram of an input image is transformed to match the histogram of a reference image.
Necessity of Histogram Matching
Histogram matching is important due to the following reasons:
Consistency Across Images: Ensures uniform appearance between multiple images.
Handling Lighting Variations: Useful when images are captured under different lighting conditions.
Improved Comparison: Makes image comparison more reliable by normalizing intensity distributions.
Better Performance in ML Systems: Enhances accuracy in image recognition and machine learning models.
Image Normalization: Helps in standardizing datasets for analysis.
Rubrics for Digital Image Processing",Excellent (4): Clearly defines and explains redistribution of intensity values with purpose of contrast enhancement | Good (3): Correct but missing one key aspect | Average (2): Basic idea present but unclear | Poor (1): Incorrect or missing definition
103_c1,1,Necessity of Histogram Equalization,4.0,rater2,,103,images/103.png,Question Q9: Explain necessity of histogram equalization and histogram matching in Image Processing. (10 Marks),"Definition of Histogram Equalization

Histogram Equalization is a technique used in image processing to enhance the contrast of an image by redistributing its intensity values so that they are spread more uniformly across the entire range.
Necessity of Histogram Equalization

Histogram equalization is necessary for several important reasons:

Contrast Enhancement: Many images suffer from low contrast where pixel values are concentrated in a narrow range. Histogram equalization spreads these values, improving contrast.
Better Visibility of Details: It enhances details in dark or bright regions, making features more distinguishable.
Improved Image Interpretation: Useful in applications like medical imaging (e.g., X-rays, MRI), remote sensing, and surveillance systems.
Preprocessing Step: Helps improve the performance of further image processing tasks such as segmentation and feature extraction.
Definition of Histogram Matching

Histogram Matching (also called histogram specification) is a technique where the histogram of an input image is transformed to match the histogram of a reference image.
Necessity of Histogram Matching
Histogram matching is important due to the following reasons:
Consistency Across Images: Ensures uniform appearance between multiple images.
Handling Lighting Variations: Useful when images are captured under different lighting conditions.
Improved Comparison: Makes image comparison more reliable by normalizing intensity distributions.
Better Performance in ML Systems: Enhances accuracy in image recognition and machine learning models.
Image Normalization: Helps in standardizing datasets for analysis.
Rubrics for Digital Image Processing",Excellent (4): Clearly explains multiple valid reasons with examples/applications | Good (3): Explains most reasons but misses one important point | Average (2): Limited explanation | Poor (1): Incorrect or irrelevant explanation
103_c2,2,Concept of Histogram Matching,4.0,rater2,,103,images/103.png,Question Q9: Explain necessity of histogram equalization and histogram matching in Image Processing. (10 Marks),"Definition of Histogram Equalization

Histogram Equalization is a technique used in image processing to enhance the contrast of an image by redistributing its intensity values so that they are spread more uniformly across the entire range.
Necessity of Histogram Equalization

Histogram equalization is necessary for several important reasons:

Contrast Enhancement: Many images suffer from low contrast where pixel values are concentrated in a narrow range. Histogram equalization spreads these values, improving contrast.
Better Visibility of Details: It enhances details in dark or bright regions, making features more distinguishable.
Improved Image Interpretation: Useful in applications like medical imaging (e.g., X-rays, MRI), remote sensing, and surveillance systems.
Preprocessing Step: Helps improve the performance of further image processing tasks such as segmentation and feature extraction.
Definition of Histogram Matching

Histogram Matching (also called histogram specification) is a technique where the histogram of an input image is transformed to match the histogram of a reference image.
Necessity of Histogram Matching
Histogram matching is important due to the following reasons:
Consistency Across Images: Ensures uniform appearance between multiple images.
Handling Lighting Variations: Useful when images are captured under different lighting conditions.
Improved Comparison: Makes image comparison more reliable by normalizing intensity distributions.
Better Performance in ML Systems: Enhances accuracy in image recognition and machine learning models.
Image Normalization: Helps in standardizing datasets for analysis.
Rubrics for Digital Image Processing",Excellent (4): Clearly explains transformation using reference histogram | Good (3): Correct but lacks one key detail | Average (2): Partial understanding | Poor (1): Incorrect or missing
103_c3,3,Necessity of Histogram Matching,4.0,rater2,,103,images/103.png,Question Q9: Explain necessity of histogram equalization and histogram matching in Image Processing. (10 Marks),"Definition of Histogram Equalization

Histogram Equalization is a technique used in image processing to enhance the contrast of an image by redistributing its intensity values so that they are spread more uniformly across the entire range.
Necessity of Histogram Equalization

Histogram equalization is necessary for several important reasons:

Contrast Enhancement: Many images suffer from low contrast where pixel values are concentrated in a narrow range. Histogram equalization spreads these values, improving contrast.
Better Visibility of Details: It enhances details in dark or bright regions, making features more distinguishable.
Improved Image Interpretation: Useful in applications like medical imaging (e.g., X-rays, MRI), remote sensing, and surveillance systems.
Preprocessing Step: Helps improve the performance of further image processing tasks such as segmentation and feature extraction.
Definition of Histogram Matching

Histogram Matching (also called histogram specification) is a technique where the histogram of an input image is transformed to match the histogram of a reference image.
Necessity of Histogram Matching
Histogram matching is important due to the following reasons:
Consistency Across Images: Ensures uniform appearance between multiple images.
Handling Lighting Variations: Useful when images are captured under different lighting conditions.
Improved Comparison: Makes image comparison more reliable by normalizing intensity distributions.
Better Performance in ML Systems: Enhances accuracy in image recognition and machine learning models.
Image Normalization: Helps in standardizing datasets for analysis.
Rubrics for Digital Image Processing",Excellent (4): Clearly explains multiple uses including consistency and ML applications | Good (3): Some correct points but incomplete | Average (2): Limited explanation | Poor (1): Incorrect or irrelevant explanation
37_c0,0,Definition of Quantization,2.5,rater2,,37,images/37.png,What is the purpose of quantization in image processing? Describe the role of the Max-Lloyd algorithm in minimizing distortion.,"Definition / Purpose of Quantization:
Quantization is the process of converting a continuous range of pixel intensity values into a finite number of discrete levels. It is a fundamental step in digital image processing.
Purpose of Quantization:
The main purposes of quantization are:

Data Reduction: It reduces the number of bits required to store image data by limiting intensity levels.
Image Compression: It plays a key role in compression techniques such as JPEG by reducing redundancy.
Simplification: It simplifies image processing and analysis by reducing the range of pixel values.
Role of Max-Lloyd Algorithm

The Max-Lloyd algorithm is an iterative optimization technique used to design an efficient quantizer by minimizing distortion, typically measured using Mean Squared Error (MSE).
It improves quantization by adapting the quantization levels based on the statistical distribution of image data.
Role of Max-Lloyd Algorithm:
The Max-Lloyd algorithm is an optimization technique used to design an efficient quantizer by minimizing distortion, typically measured using Mean Squared Error (MSE). it is used to minimize quantization error (Mean Squared Error). It optimizes quantization levels based on data distribution using:
             1. Boundary Condition: Decision boundaries are midpoints between levels
             2. Centroid Condition: Each level equals the mean of assigned values
This iterative optimization reduces distortion and improves representation accuracy.
Rubrics for Digital Image Processing ","Excellent (2.5): Clearly defines quantization as mapping continuous values to discrete levels AND mentions image/pixel context | Good (2): Defines quantization correctly but lacks context (e.g., image or pixels not mentioned) | Average (1.5): Mentions discretization but unclear or partially incorrect | Poor (1): No definition OR completely incorrect concept"
37_c1,1,Purpose of Quantization,2.5,rater2,,37,images/37.png,What is the purpose of quantization in image processing? Describe the role of the Max-Lloyd algorithm in minimizing distortion.,"Definition / Purpose of Quantization:
Quantization is the process of converting a continuous range of pixel intensity values into a finite number of discrete levels. It is a fundamental step in digital image processing.
Purpose of Quantization:
The main purposes of quantization are:

Data Reduction: It reduces the number of bits required to store image data by limiting intensity levels.
Image Compression: It plays a key role in compression techniques such as JPEG by reducing redundancy.
Simplification: It simplifies image processing and analysis by reducing the range of pixel values.
Role of Max-Lloyd Algorithm

The Max-Lloyd algorithm is an iterative optimization technique used to design an efficient quantizer by minimizing distortion, typically measured using Mean Squared Error (MSE).
It improves quantization by adapting the quantization levels based on the statistical distribution of image data.
Role of Max-Lloyd Algorithm:
The Max-Lloyd algorithm is an optimization technique used to design an efficient quantizer by minimizing distortion, typically measured using Mean Squared Error (MSE). it is used to minimize quantization error (Mean Squared Error). It optimizes quantization levels based on data distribution using:
             1. Boundary Condition: Decision boundaries are midpoints between levels
             2. Centroid Condition: Each level equals the mean of assigned values
This iterative optimization reduces distortion and improves representation accuracy.
Rubrics for Digital Image Processing ","Excellent (2.5): Mentions at least 2–3 correct purposes (compression, storage reduction, simplification) with explanation | Good (2): Mentions 1–2 correct purposes but limited explanation | Average (1.5): Few purposes mentioned with limited understanding | Poor (1): No valid purpose stated"
37_c2,2,Max-Lloyd Algorithm Explanation,2.5,rater2,,37,images/37.png,What is the purpose of quantization in image processing? Describe the role of the Max-Lloyd algorithm in minimizing distortion.,"Definition / Purpose of Quantization:
Quantization is the process of converting a continuous range of pixel intensity values into a finite number of discrete levels. It is a fundamental step in digital image processing.
Purpose of Quantization:
The main purposes of quantization are:

Data Reduction: It reduces the number of bits required to store image data by limiting intensity levels.
Image Compression: It plays a key role in compression techniques such as JPEG by reducing redundancy.
Simplification: It simplifies image processing and analysis by reducing the range of pixel values.
Role of Max-Lloyd Algorithm

The Max-Lloyd algorithm is an iterative optimization technique used to design an efficient quantizer by minimizing distortion, typically measured using Mean Squared Error (MSE).
It improves quantization by adapting the quantization levels based on the statistical distribution of image data.
Role of Max-Lloyd Algorithm:
The Max-Lloyd algorithm is an optimization technique used to design an efficient quantizer by minimizing distortion, typically measured using Mean Squared Error (MSE). it is used to minimize quantization error (Mean Squared Error). It optimizes quantization levels based on data distribution using:
             1. Boundary Condition: Decision boundaries are midpoints between levels
             2. Centroid Condition: Each level equals the mean of assigned values
This iterative optimization reduces distortion and improves representation accuracy.
Rubrics for Digital Image Processing ",Excellent (2.5): Clearly explains optimization goal (minimizing distortion/MSE) AND adaptive level selection | Good (2): Mentions algorithm and distortion but lacks clarity on how it works | Average (1.5): Mentions algorithm name only OR unclear explanation | Poor (1): Not mentioned or incorrect
37_c3,3,Boundary & Centroid Conditions,2.5,rater2,,37,images/37.png,What is the purpose of quantization in image processing? Describe the role of the Max-Lloyd algorithm in minimizing distortion.,"Definition / Purpose of Quantization:
Quantization is the process of converting a continuous range of pixel intensity values into a finite number of discrete levels. It is a fundamental step in digital image processing.
Purpose of Quantization:
The main purposes of quantization are:

Data Reduction: It reduces the number of bits required to store image data by limiting intensity levels.
Image Compression: It plays a key role in compression techniques such as JPEG by reducing redundancy.
Simplification: It simplifies image processing and analysis by reducing the range of pixel values.
Role of Max-Lloyd Algorithm

The Max-Lloyd algorithm is an iterative optimization technique used to design an efficient quantizer by minimizing distortion, typically measured using Mean Squared Error (MSE).
It improves quantization by adapting the quantization levels based on the statistical distribution of image data.
Role of Max-Lloyd Algorithm:
The Max-Lloyd algorithm is an optimization technique used to design an efficient quantizer by minimizing distortion, typically measured using Mean Squared Error (MSE). it is used to minimize quantization error (Mean Squared Error). It optimizes quantization levels based on data distribution using:
             1. Boundary Condition: Decision boundaries are midpoints between levels
             2. Centroid Condition: Each level equals the mean of assigned values
This iterative optimization reduces distortion and improves representation accuracy.
Rubrics for Digital Image Processing ",Excellent (2.5): Clearly explains BOTH conditions with correct meaning | Good (2): Explains only one condition correctly | Average (1.5): Mentions both but incorrectly or vaguely | Poor (1): Not mentioned
12_c0,0,Importance of R² and Variability (eg. 0.85 or 85%) explained by the model,3.0,rater2,,12,images/12.png,"Explain the meaning of R² in regression analysis, interpret values such as R² ≈ 1, R² ≈ 0, and R² < 0, and discuss how Adjusted R² helps in model comparison and addressing overfitting.",Rubrics for Machine Learning,"Excellent (3): Clearly explains R² as proportion of variance explained and Clearly explains multiple roles (model fit, reliability, explanation power) | Good (2): Partial or vague explanation and Explains some importance but lacks depth | Average (1): Basic idea mentioned but lacks clarity | Poor (0): Incorrect or no explanation"
12_c1,1,"Mathematical Expression & Interpretation and Evaluate model performance by               R² ≈ 1 → very good fit 
R² ≈ 0 → poor fit 
R²<0 → model is worse than just using the mean",3.0,rater2,,12,images/12.png,"Explain the meaning of R² in regression analysis, interpret values such as R² ≈ 1, R² ≈ 0, and R² < 0, and discuss how Adjusted R² helps in model comparison and addressing overfitting.",Rubrics for Machine Learning,"Excellent (3): Correct formula and proper interpretation of values (0–1, meaning) | Good (2): Formula or interpretation partially correct | Average (1): Basic idea mentioned with weak understanding | Poor (0): Incorrect or missing answer"
12_c2,2,Critical Insight (Limitations / Adjusted R²) and higher R² strengthens confidence,3.0,rater2,,12,images/12.png,"Explain the meaning of R² in regression analysis, interpret values such as R² ≈ 1, R² ≈ 0, and R² < 0, and discuss how Adjusted R² helps in model comparison and addressing overfitting.",Rubrics for Machine Learning,"Excellent (3): Mentions limitations (e.g., overfitting) or adjusted R² | Good (2): Mentions but not clearly explained | Average (1): Only mentions same key with limited understanding | Poor (0): Incorrect or missing answer"
12_c3,3,Enables comparison between models and overfitting issues,3.0,rater2,,12,images/12.png,"Explain the meaning of R² in regression analysis, interpret values such as R² ≈ 1, R² ≈ 0, and R² < 0, and discuss how Adjusted R² helps in model comparison and addressing overfitting.",Rubrics for Machine Learning,"Excellent (3): Clarity & Organization | Good (2): Well-structured, clear, logical answer | Average (1): Basic idea mentioned with weak understanding | Poor (0): Incorrect auction type or no answer"
247_c0,0,Identification of Layers (2 Marks),2.0,rater2,,247,images/247.png,Q19: describe the 7 layers of OSI model (10 Marks),"The OSI (Open Systems Interconnection) model is a conceptual framework that divides network communication into seven layers, each responsible for a specific function. This layered approach helps in understanding, designing, and troubleshooting network systems.
OSI Model Diagram
+---------------------+
| 7. Application      |
+---------------------+
| 6. Presentation     |
+---------------------+
| 5. Session          |
+---------------------+
| 4. Transport        |
+---------------------+
| 3. Network          |
+---------------------+
| 2. Data Link        |
+---------------------+
| 1. Physical         |
+---------------------+
1. Physical Layer
The Physical layer is responsible for transmitting raw bits over a physical medium. It deals with hardware components such as cables, connectors, and electrical signals, ensuring that data is physically sent from one device to another.

2. Data Link Layer
The Data Link layer ensures reliable communication between directly connected devices by organizing data into frames and performing error detection. It also uses MAC addresses to identify devices within the same network.

3. Network Layer
The Network layer handles logical addressing and routing, determining the best path for data packets to travel from the source to the destination across multiple networks. Protocols such as IP operate at this layer.

4. Transport Layer
The Transport layer provides reliable data transfer through segmentation, flow control, and error recovery. It uses protocols like TCP for reliable communication and UDP for faster, connectionless transmission.

5. Session Layer
The Session layer is responsible for establishing, managing, and terminating communication sessions between applications. It maintains synchronization and controls the dialog during data exchange.

6. Presentation Layer
The Presentation layer focuses on data representation by translating, encrypting, and compressing data so that it can be properly understood by the receiving system. Technologies such as SSL/TLS operate at this level.

7. Application Layer
The Application layer is the topmost layer and provides network services directly to end users and applications. It enables interaction with the network through protocols such as HTTP, FTP, and SMTP.
Rubrics","Excellent: All 7 layers listed in correct order (2.0) | Good: 5–6 correct, minor order issue (1.5) | Average: 3–4 correct (1.0) | Poor: ≤2 or incorrect (0–0.5)"
247_c1,1,Explanation of Layers with diagram (4 Marks),4.0,rater2,,247,images/247.png,Q19: describe the 7 layers of OSI model (10 Marks),"The OSI (Open Systems Interconnection) model is a conceptual framework that divides network communication into seven layers, each responsible for a specific function. This layered approach helps in understanding, designing, and troubleshooting network systems.
OSI Model Diagram
+---------------------+
| 7. Application      |
+---------------------+
| 6. Presentation     |
+---------------------+
| 5. Session          |
+---------------------+
| 4. Transport        |
+---------------------+
| 3. Network          |
+---------------------+
| 2. Data Link        |
+---------------------+
| 1. Physical         |
+---------------------+
1. Physical Layer
The Physical layer is responsible for transmitting raw bits over a physical medium. It deals with hardware components such as cables, connectors, and electrical signals, ensuring that data is physically sent from one device to another.

2. Data Link Layer
The Data Link layer ensures reliable communication between directly connected devices by organizing data into frames and performing error detection. It also uses MAC addresses to identify devices within the same network.

3. Network Layer
The Network layer handles logical addressing and routing, determining the best path for data packets to travel from the source to the destination across multiple networks. Protocols such as IP operate at this layer.

4. Transport Layer
The Transport layer provides reliable data transfer through segmentation, flow control, and error recovery. It uses protocols like TCP for reliable communication and UDP for faster, connectionless transmission.

5. Session Layer
The Session layer is responsible for establishing, managing, and terminating communication sessions between applications. It maintains synchronization and controls the dialog during data exchange.

6. Presentation Layer
The Presentation layer focuses on data representation by translating, encrypting, and compressing data so that it can be properly understood by the receiving system. Technologies such as SSL/TLS operate at this level.

7. Application Layer
The Application layer is the topmost layer and provides network services directly to end users and applications. It enables interaction with the network through protocols such as HTTP, FTP, and SMTP.
Rubrics",Excellent: Accurate explanation of all 7 layers with full diagram (4.0) | Good: Most layers explained correctly and no/partial diagram (3.0) | Average: Partial explanation and no  diagram (2.0) | Poor: Incorrect or missing diagram or explaination (0-1.0)
247_c2,2,Technical Accuracy (2 Marks),2.0,rater2,,247,images/247.png,Q19: describe the 7 layers of OSI model (10 Marks),"The OSI (Open Systems Interconnection) model is a conceptual framework that divides network communication into seven layers, each responsible for a specific function. This layered approach helps in understanding, designing, and troubleshooting network systems.
OSI Model Diagram
+---------------------+
| 7. Application      |
+---------------------+
| 6. Presentation     |
+---------------------+
| 5. Session          |
+---------------------+
| 4. Transport        |
+---------------------+
| 3. Network          |
+---------------------+
| 2. Data Link        |
+---------------------+
| 1. Physical         |
+---------------------+
1. Physical Layer
The Physical layer is responsible for transmitting raw bits over a physical medium. It deals with hardware components such as cables, connectors, and electrical signals, ensuring that data is physically sent from one device to another.

2. Data Link Layer
The Data Link layer ensures reliable communication between directly connected devices by organizing data into frames and performing error detection. It also uses MAC addresses to identify devices within the same network.

3. Network Layer
The Network layer handles logical addressing and routing, determining the best path for data packets to travel from the source to the destination across multiple networks. Protocols such as IP operate at this layer.

4. Transport Layer
The Transport layer provides reliable data transfer through segmentation, flow control, and error recovery. It uses protocols like TCP for reliable communication and UDP for faster, connectionless transmission.

5. Session Layer
The Session layer is responsible for establishing, managing, and terminating communication sessions between applications. It maintains synchronization and controls the dialog during data exchange.

6. Presentation Layer
The Presentation layer focuses on data representation by translating, encrypting, and compressing data so that it can be properly understood by the receiving system. Technologies such as SSL/TLS operate at this level.

7. Application Layer
The Application layer is the topmost layer and provides network services directly to end users and applications. It enables interaction with the network through protocols such as HTTP, FTP, and SMTP.
Rubrics",Excellent: Correct terminology used consistently (2.0) | Good: Minor mistakes (1.5) | Average: Limited technical terms (1.0) | Poor: Incorrect terminology (0-0.5)
247_c3,3,Examples/Protocols(1 Mark),1.0,rater2,,247,images/247.png,Q19: describe the 7 layers of OSI model (10 Marks),"The OSI (Open Systems Interconnection) model is a conceptual framework that divides network communication into seven layers, each responsible for a specific function. This layered approach helps in understanding, designing, and troubleshooting network systems.
OSI Model Diagram
+---------------------+
| 7. Application      |
+---------------------+
| 6. Presentation     |
+---------------------+
| 5. Session          |
+---------------------+
| 4. Transport        |
+---------------------+
| 3. Network          |
+---------------------+
| 2. Data Link        |
+---------------------+
| 1. Physical         |
+---------------------+
1. Physical Layer
The Physical layer is responsible for transmitting raw bits over a physical medium. It deals with hardware components such as cables, connectors, and electrical signals, ensuring that data is physically sent from one device to another.

2. Data Link Layer
The Data Link layer ensures reliable communication between directly connected devices by organizing data into frames and performing error detection. It also uses MAC addresses to identify devices within the same network.

3. Network Layer
The Network layer handles logical addressing and routing, determining the best path for data packets to travel from the source to the destination across multiple networks. Protocols such as IP operate at this layer.

4. Transport Layer
The Transport layer provides reliable data transfer through segmentation, flow control, and error recovery. It uses protocols like TCP for reliable communication and UDP for faster, connectionless transmission.

5. Session Layer
The Session layer is responsible for establishing, managing, and terminating communication sessions between applications. It maintains synchronization and controls the dialog during data exchange.

6. Presentation Layer
The Presentation layer focuses on data representation by translating, encrypting, and compressing data so that it can be properly understood by the receiving system. Technologies such as SSL/TLS operate at this level.

7. Application Layer
The Application layer is the topmost layer and provides network services directly to end users and applications. It enables interaction with the network through protocols such as HTTP, FTP, and SMTP.
Rubrics",Excellent: Relevant examples for multiple layers (1.0) | Good: Some examples (0.5–0.75) | Average: Very Few Examples (0.25) | Poor: No examples (0)
247_c4,4,Clarity & Organization (1 Mark),1.0,rater2,,247,images/247.png,Q19: describe the 7 layers of OSI model (10 Marks),"The OSI (Open Systems Interconnection) model is a conceptual framework that divides network communication into seven layers, each responsible for a specific function. This layered approach helps in understanding, designing, and troubleshooting network systems.
OSI Model Diagram
+---------------------+
| 7. Application      |
+---------------------+
| 6. Presentation     |
+---------------------+
| 5. Session          |
+---------------------+
| 4. Transport        |
+---------------------+
| 3. Network          |
+---------------------+
| 2. Data Link        |
+---------------------+
| 1. Physical         |
+---------------------+
1. Physical Layer
The Physical layer is responsible for transmitting raw bits over a physical medium. It deals with hardware components such as cables, connectors, and electrical signals, ensuring that data is physically sent from one device to another.

2. Data Link Layer
The Data Link layer ensures reliable communication between directly connected devices by organizing data into frames and performing error detection. It also uses MAC addresses to identify devices within the same network.

3. Network Layer
The Network layer handles logical addressing and routing, determining the best path for data packets to travel from the source to the destination across multiple networks. Protocols such as IP operate at this layer.

4. Transport Layer
The Transport layer provides reliable data transfer through segmentation, flow control, and error recovery. It uses protocols like TCP for reliable communication and UDP for faster, connectionless transmission.

5. Session Layer
The Session layer is responsible for establishing, managing, and terminating communication sessions between applications. It maintains synchronization and controls the dialog during data exchange.

6. Presentation Layer
The Presentation layer focuses on data representation by translating, encrypting, and compressing data so that it can be properly understood by the receiving system. Technologies such as SSL/TLS operate at this level.

7. Application Layer
The Application layer is the topmost layer and provides network services directly to end users and applications. It enables interaction with the network through protocols such as HTTP, FTP, and SMTP.
Rubrics","Excellent: Very clear, neat diagrams/tables, strong justification (1.0) | Good: Clear explanation (0.75) | Average: Understandable but not neat (0.5) | Poor: Poorly organized (0-0.25)"
291_def,0,Definition of Data Mining,4.0,rater2,,291,images/291.png,What is Data Mining? Describe the steps of the KDD (Knowledge Discovery in Databases) process and explain why data mining is essential in modern organizations.,"Definition of Data Mining:
Data mining is the process of discovering meaningful patterns, knowledge, or useful information from large datasets using techniques from statistics, machine learning, and pattern recognition.
Steps of the KDD Process:
The Knowledge Discovery in Databases (KDD) process includes the following main steps:
1. Data Selection
2. Data Preprocessing / Cleaning
3. Data Transformation
4. Data Mining
5. Pattern Evaluation
6. Knowledge Presentation
Justification / Importance of Data Mining:
Data mining is essential in modern organizations because it enables data-driven decision making and provides insights that would otherwise remain hidden in large datasets. By analyzing customer behavior, transaction patterns, and market trends, organizations can make strategic decisions that improve efficiency, increase revenue, and reduce risks.

For example, a retail company can analyze purchase histories to recommend products to customers, thereby increasing sales and enhancing customer satisfaction. Similarly, banks can detect fraudulent transactions by identifying unusual patterns in account activity, which helps prevent financial losses.
Rubrics for DataMining ",Excellent (4): Clear and correct definition explaining discovery of useful patterns/knowledge from large datasets | Good (3): Correct definition but slightly incomplete | Average (2): Basic idea mentioned but not clearly defined | Poor (0-1): Incorrect or missing definition
291_kdd,1,KDD Process Steps,4.0,rater2,,291,images/291.png,What is Data Mining? Describe the steps of the KDD (Knowledge Discovery in Databases) process and explain why data mining is essential in modern organizations.,"Definition of Data Mining:
Data mining is the process of discovering meaningful patterns, knowledge, or useful information from large datasets using techniques from statistics, machine learning, and pattern recognition.
Steps of the KDD Process:
The Knowledge Discovery in Databases (KDD) process includes the following main steps:
1. Data Selection
2. Data Preprocessing / Cleaning
3. Data Transformation
4. Data Mining
5. Pattern Evaluation
6. Knowledge Presentation
Justification / Importance of Data Mining:
Data mining is essential in modern organizations because it enables data-driven decision making and provides insights that would otherwise remain hidden in large datasets. By analyzing customer behavior, transaction patterns, and market trends, organizations can make strategic decisions that improve efficiency, increase revenue, and reduce risks.

For example, a retail company can analyze purchase histories to recommend products to customers, thereby increasing sales and enhancing customer satisfaction. Similarly, banks can detect fraudulent transactions by identifying unusual patterns in account activity, which helps prevent financial losses.
Rubrics for DataMining ","Excellent (4): Most or all steps correctly identified (selection, preprocessing, transformation, data mining, evaluation, presentation) | Good (3): Several steps identified but some missing | Average (2): Few steps mentioned with limited understanding | Poor (0-1): Steps mostly incorrect or missing"
291_c2,2,Importance of Data Mining Marks=(4),4.0,rater2,,291,images/291.png,What is Data Mining? Describe the steps of the KDD (Knowledge Discovery in Databases) process and explain why data mining is essential in modern organizations.,"Definition of Data Mining:
Data mining is the process of discovering meaningful patterns, knowledge, or useful information from large datasets using techniques from statistics, machine learning, and pattern recognition.
Steps of the KDD Process:
The Knowledge Discovery in Databases (KDD) process includes the following main steps:
1. Data Selection
2. Data Preprocessing / Cleaning
3. Data Transformation
4. Data Mining
5. Pattern Evaluation
6. Knowledge Presentation
Justification / Importance of Data Mining:
Data mining is essential in modern organizations because it enables data-driven decision making and provides insights that would otherwise remain hidden in large datasets. By analyzing customer behavior, transaction patterns, and market trends, organizations can make strategic decisions that improve efficiency, increase revenue, and reduce risks.

For example, a retail company can analyze purchase histories to recommend products to customers, thereby increasing sales and enhancing customer satisfaction. Similarly, banks can detect fraudulent transactions by identifying unusual patterns in account activity, which helps prevent financial losses.
Rubrics for DataMining ",Excellent (4): Strong justification with clear reasoning | Good (3): Reasonable justification but limited explanation | Average (2): General statement with weak reasoning | Poor (0-1): No clear justification
291_ex,3,Example / Application,4.0,rater2,,291,images/291.png,What is Data Mining? Describe the steps of the KDD (Knowledge Discovery in Databases) process and explain why data mining is essential in modern organizations.,"Definition of Data Mining:
Data mining is the process of discovering meaningful patterns, knowledge, or useful information from large datasets using techniques from statistics, machine learning, and pattern recognition.
Steps of the KDD Process:
The Knowledge Discovery in Databases (KDD) process includes the following main steps:
1. Data Selection
2. Data Preprocessing / Cleaning
3. Data Transformation
4. Data Mining
5. Pattern Evaluation
6. Knowledge Presentation
Justification / Importance of Data Mining:
Data mining is essential in modern organizations because it enables data-driven decision making and provides insights that would otherwise remain hidden in large datasets. By analyzing customer behavior, transaction patterns, and market trends, organizations can make strategic decisions that improve efficiency, increase revenue, and reduce risks.

For example, a retail company can analyze purchase histories to recommend products to customers, thereby increasing sales and enhancing customer satisfaction. Similarly, banks can detect fraudulent transactions by identifying unusual patterns in account activity, which helps prevent financial losses.
Rubrics for DataMining ","Excellent (4): Relevant real-world example provided (e.g., marketing, fraud detection, recommendation systems) | Good (3): Example provided but not well explained | Average (2): Vague or unclear example | Poor (0-1): No example"
143_c0,0,Understanding of normalization and related problems(3),3.0,rater2,,143,images/143.png,"Question 1. In database systems, poor design can lead to data redundancy and update anomalies.","Answer 1: Poor database design leads to data redundancy and update anomalies. Redundancy means storing the same data repeatedly, which increases storage and causes inconsistency. The main anomalies are:

Insertion anomaly: Cannot insert data without adding unrelated information
Deletion anomaly: Deleting a record may remove useful data
Update anomaly: Same data must be updated in multiple rows

Normalization is used to organize data and eliminate these problems.

Normal Forms:

1NF: Ensures atomic values and removes repeating groups
2NF: Removes partial dependency (non-key depends on full primary key)
3NF: Removes transitive dependency (non-key depends only on primary key)

Example:

Unnormalized Table:
StudentID | Course | Instructor | InstructorPhone
1 | DBMS | Rahim | 017XX
1 | AI | Karim | 018XX

Problems: Instructor data is repeated → redundancy and update anomaly.

After Normalization:

StudentCourse:
StudentID | Course

CourseInstructor:
Course | Instructor | InstructorPhone

Now redundancy is minimized and anomalies are removed.
Answer 2:A poorly designed database suffers from redundancy and update anomalies, which reduce data consistency.

Suppose we have a table:
OrderID | CustomerName | CustomerAddress | Product

If a customer places multiple orders, their address is stored repeatedly → data redundancy.

Anomalies:

Insertion anomaly: Cannot add a new customer without an order
Deletion anomaly: Deleting last order removes customer info
Update anomaly: Changing address requires multiple updates

To solve this, we apply normalization.

Normal Forms:

1NF: Removes repeating attributes
2NF: Eliminates partial dependency
3NF: Eliminates transitive dependency

Normalized Tables:

Customer:
CustomerID | Name | Address

Order:
OrderID | CustomerID | Product

Now each fact is stored once, reducing redundancy and eliminating anomalies.
Answer 3: Poor database design causes redundant data storage and anomalies (insertion, deletion, update), leading to inconsistency.

Normalization is a step-by-step process to improve database structure.

Example (Unnormalized Table):
StudentID | StudentName | Course | Instructor | InstructorOffice

Problems:

Instructor details repeated → redundancy
Update anomaly if instructor office changes
Step 1: Convert to 1NF

Ensure atomic values (already satisfied, no repeating groups)

Step 2: Convert to 2NF

Remove partial dependency:

StudentName depends only on StudentID

Student Table:
StudentID | StudentName

Step 3: Convert to 3NF

Remove transitive dependency:

InstructorOffice depends on Instructor

Course Table:
Course | Instructor

Instructor Table:
Instructor | InstructorOffice

Now:

No redundant data
All anomalies removed
Database is well-structured
Rubrics","Excellent (2/3): Clearly explains normalization purpose; correctly identifies redundancy and all anomalies (insertion, deletion, update) with reasoning | Good (0.5-2):  Explains normalization and anomalies but misses depth or one type | Average (0.2-0.5):  Basic idea; anomalies unclear or partially incorrect | Poor (0-0.2):  No clear understanding; mostly incorrect"
143_c1,1,Explanation of normal forms(3),3.0,rater2,,143,images/143.png,"Question 1. In database systems, poor design can lead to data redundancy and update anomalies.","Answer 1: Poor database design leads to data redundancy and update anomalies. Redundancy means storing the same data repeatedly, which increases storage and causes inconsistency. The main anomalies are:

Insertion anomaly: Cannot insert data without adding unrelated information
Deletion anomaly: Deleting a record may remove useful data
Update anomaly: Same data must be updated in multiple rows

Normalization is used to organize data and eliminate these problems.

Normal Forms:

1NF: Ensures atomic values and removes repeating groups
2NF: Removes partial dependency (non-key depends on full primary key)
3NF: Removes transitive dependency (non-key depends only on primary key)

Example:

Unnormalized Table:
StudentID | Course | Instructor | InstructorPhone
1 | DBMS | Rahim | 017XX
1 | AI | Karim | 018XX

Problems: Instructor data is repeated → redundancy and update anomaly.

After Normalization:

StudentCourse:
StudentID | Course

CourseInstructor:
Course | Instructor | InstructorPhone

Now redundancy is minimized and anomalies are removed.
Answer 2:A poorly designed database suffers from redundancy and update anomalies, which reduce data consistency.

Suppose we have a table:
OrderID | CustomerName | CustomerAddress | Product

If a customer places multiple orders, their address is stored repeatedly → data redundancy.

Anomalies:

Insertion anomaly: Cannot add a new customer without an order
Deletion anomaly: Deleting last order removes customer info
Update anomaly: Changing address requires multiple updates

To solve this, we apply normalization.

Normal Forms:

1NF: Removes repeating attributes
2NF: Eliminates partial dependency
3NF: Eliminates transitive dependency

Normalized Tables:

Customer:
CustomerID | Name | Address

Order:
OrderID | CustomerID | Product

Now each fact is stored once, reducing redundancy and eliminating anomalies.
Answer 3: Poor database design causes redundant data storage and anomalies (insertion, deletion, update), leading to inconsistency.

Normalization is a step-by-step process to improve database structure.

Example (Unnormalized Table):
StudentID | StudentName | Course | Instructor | InstructorOffice

Problems:

Instructor details repeated → redundancy
Update anomaly if instructor office changes
Step 1: Convert to 1NF

Ensure atomic values (already satisfied, no repeating groups)

Step 2: Convert to 2NF

Remove partial dependency:

StudentName depends only on StudentID

Student Table:
StudentID | StudentName

Step 3: Convert to 3NF

Remove transitive dependency:

InstructorOffice depends on Instructor

Course Table:
Course | Instructor

Instructor Table:
Instructor | InstructorOffice

Now:

No redundant data
All anomalies removed
Database is well-structured
Rubrics","Excellent (2/3):  Correctly explains 1NF, 2NF, 3NF with conditions and how they remove anomalies | Good (0.5-2):  Explains normal forms with minor mistakes or missing details | Average (0.2-0.5):  Mentions normal forms but incomplete/partially wrong | Poor (0-0.2): Incorrect or missing explanation"
143_c2,2,Use of example(2),2.0,rater2,,143,images/143.png,"Question 1. In database systems, poor design can lead to data redundancy and update anomalies.","Answer 1: Poor database design leads to data redundancy and update anomalies. Redundancy means storing the same data repeatedly, which increases storage and causes inconsistency. The main anomalies are:

Insertion anomaly: Cannot insert data without adding unrelated information
Deletion anomaly: Deleting a record may remove useful data
Update anomaly: Same data must be updated in multiple rows

Normalization is used to organize data and eliminate these problems.

Normal Forms:

1NF: Ensures atomic values and removes repeating groups
2NF: Removes partial dependency (non-key depends on full primary key)
3NF: Removes transitive dependency (non-key depends only on primary key)

Example:

Unnormalized Table:
StudentID | Course | Instructor | InstructorPhone
1 | DBMS | Rahim | 017XX
1 | AI | Karim | 018XX

Problems: Instructor data is repeated → redundancy and update anomaly.

After Normalization:

StudentCourse:
StudentID | Course

CourseInstructor:
Course | Instructor | InstructorPhone

Now redundancy is minimized and anomalies are removed.
Answer 2:A poorly designed database suffers from redundancy and update anomalies, which reduce data consistency.

Suppose we have a table:
OrderID | CustomerName | CustomerAddress | Product

If a customer places multiple orders, their address is stored repeatedly → data redundancy.

Anomalies:

Insertion anomaly: Cannot add a new customer without an order
Deletion anomaly: Deleting last order removes customer info
Update anomaly: Changing address requires multiple updates

To solve this, we apply normalization.

Normal Forms:

1NF: Removes repeating attributes
2NF: Eliminates partial dependency
3NF: Eliminates transitive dependency

Normalized Tables:

Customer:
CustomerID | Name | Address

Order:
OrderID | CustomerID | Product

Now each fact is stored once, reducing redundancy and eliminating anomalies.
Answer 3: Poor database design causes redundant data storage and anomalies (insertion, deletion, update), leading to inconsistency.

Normalization is a step-by-step process to improve database structure.

Example (Unnormalized Table):
StudentID | StudentName | Course | Instructor | InstructorOffice

Problems:

Instructor details repeated → redundancy
Update anomaly if instructor office changes
Step 1: Convert to 1NF

Ensure atomic values (already satisfied, no repeating groups)

Step 2: Convert to 2NF

Remove partial dependency:

StudentName depends only on StudentID

Student Table:
StudentID | StudentName

Step 3: Convert to 3NF

Remove transitive dependency:

InstructorOffice depends on Instructor

Course Table:
Course | Instructor

Instructor Table:
Instructor | InstructorOffice

Now:

No redundant data
All anomalies removed
Database is well-structured
Rubrics",Excellent (2/3):  Clear table/example; shows anomalies and normalization steps correctly | Good (0.5-2):  Relevant example but explanation partially unclear | Average (0.2-0.5):  Example present but weak connection to concept | Poor (0-0.2):  No example or incorrect
143_c3,3,Clear and organized writing(2),2.0,rater2,,143,images/143.png,"Question 1. In database systems, poor design can lead to data redundancy and update anomalies.","Answer 1: Poor database design leads to data redundancy and update anomalies. Redundancy means storing the same data repeatedly, which increases storage and causes inconsistency. The main anomalies are:

Insertion anomaly: Cannot insert data without adding unrelated information
Deletion anomaly: Deleting a record may remove useful data
Update anomaly: Same data must be updated in multiple rows

Normalization is used to organize data and eliminate these problems.

Normal Forms:

1NF: Ensures atomic values and removes repeating groups
2NF: Removes partial dependency (non-key depends on full primary key)
3NF: Removes transitive dependency (non-key depends only on primary key)

Example:

Unnormalized Table:
StudentID | Course | Instructor | InstructorPhone
1 | DBMS | Rahim | 017XX
1 | AI | Karim | 018XX

Problems: Instructor data is repeated → redundancy and update anomaly.

After Normalization:

StudentCourse:
StudentID | Course

CourseInstructor:
Course | Instructor | InstructorPhone

Now redundancy is minimized and anomalies are removed.
Answer 2:A poorly designed database suffers from redundancy and update anomalies, which reduce data consistency.

Suppose we have a table:
OrderID | CustomerName | CustomerAddress | Product

If a customer places multiple orders, their address is stored repeatedly → data redundancy.

Anomalies:

Insertion anomaly: Cannot add a new customer without an order
Deletion anomaly: Deleting last order removes customer info
Update anomaly: Changing address requires multiple updates

To solve this, we apply normalization.

Normal Forms:

1NF: Removes repeating attributes
2NF: Eliminates partial dependency
3NF: Eliminates transitive dependency

Normalized Tables:

Customer:
CustomerID | Name | Address

Order:
OrderID | CustomerID | Product

Now each fact is stored once, reducing redundancy and eliminating anomalies.
Answer 3: Poor database design causes redundant data storage and anomalies (insertion, deletion, update), leading to inconsistency.

Normalization is a step-by-step process to improve database structure.

Example (Unnormalized Table):
StudentID | StudentName | Course | Instructor | InstructorOffice

Problems:

Instructor details repeated → redundancy
Update anomaly if instructor office changes
Step 1: Convert to 1NF

Ensure atomic values (already satisfied, no repeating groups)

Step 2: Convert to 2NF

Remove partial dependency:

StudentName depends only on StudentID

Student Table:
StudentID | StudentName

Step 3: Convert to 3NF

Remove transitive dependency:

InstructorOffice depends on Instructor

Course Table:
Course | Instructor

Instructor Table:
Instructor | InstructorOffice

Now:

No redundant data
All anomalies removed
Database is well-structured
Rubrics","Excellent (2/3):  Very well-structured; clear flow, neat tables/steps | Good (0.5-2):  Generally clear with minor issues | Average (0.2-0.5): Understandable but poorly structured | Poor (0-0.2):  Disorganized and unclear"
268_c0,0,Identification of Layers (2 Marks),2.0,rater2,,268,images/268.png,Q19: describe the 7 layers of OSI model (10 Marks),"The OSI (Open Systems Interconnection) model is a conceptual framework that divides network communication into seven layers, each responsible for a specific function. This layered approach helps in understanding, designing, and troubleshooting network systems.
OSI Model Diagram
+---------------------+
| 7. Application      |
+---------------------+
| 6. Presentation     |
+---------------------+
| 5. Session          |
+---------------------+
| 4. Transport        |
+---------------------+
| 3. Network          |
+---------------------+
| 2. Data Link        |
+---------------------+
| 1. Physical         |
+---------------------+
1. Physical Layer
The Physical layer is responsible for transmitting raw bits over a physical medium. It deals with hardware components such as cables, connectors, and electrical signals, ensuring that data is physically sent from one device to another.

2. Data Link Layer
The Data Link layer ensures reliable communication between directly connected devices by organizing data into frames and performing error detection. It also uses MAC addresses to identify devices within the same network.

3. Network Layer
The Network layer handles logical addressing and routing, determining the best path for data packets to travel from the source to the destination across multiple networks. Protocols such as IP operate at this layer.

4. Transport Layer
The Transport layer provides reliable data transfer through segmentation, flow control, and error recovery. It uses protocols like TCP for reliable communication and UDP for faster, connectionless transmission.

5. Session Layer
The Session layer is responsible for establishing, managing, and terminating communication sessions between applications. It maintains synchronization and controls the dialog during data exchange.

6. Presentation Layer
The Presentation layer focuses on data representation by translating, encrypting, and compressing data so that it can be properly understood by the receiving system. Technologies such as SSL/TLS operate at this level.

7. Application Layer
The Application layer is the topmost layer and provides network services directly to end users and applications. It enables interaction with the network through protocols such as HTTP, FTP, and SMTP.
Rubrics","Excellent: All 7 layers listed in correct order (2.0) | Good: 5–6 correct, minor order issue (1.5) | Average: 3–4 correct (1.0) | Poor: ≤2 or incorrect (0–0.5)"
268_c1,1,Explanation of Layers with diagram (4 Marks),4.0,rater2,,268,images/268.png,Q19: describe the 7 layers of OSI model (10 Marks),"The OSI (Open Systems Interconnection) model is a conceptual framework that divides network communication into seven layers, each responsible for a specific function. This layered approach helps in understanding, designing, and troubleshooting network systems.
OSI Model Diagram
+---------------------+
| 7. Application      |
+---------------------+
| 6. Presentation     |
+---------------------+
| 5. Session          |
+---------------------+
| 4. Transport        |
+---------------------+
| 3. Network          |
+---------------------+
| 2. Data Link        |
+---------------------+
| 1. Physical         |
+---------------------+
1. Physical Layer
The Physical layer is responsible for transmitting raw bits over a physical medium. It deals with hardware components such as cables, connectors, and electrical signals, ensuring that data is physically sent from one device to another.

2. Data Link Layer
The Data Link layer ensures reliable communication between directly connected devices by organizing data into frames and performing error detection. It also uses MAC addresses to identify devices within the same network.

3. Network Layer
The Network layer handles logical addressing and routing, determining the best path for data packets to travel from the source to the destination across multiple networks. Protocols such as IP operate at this layer.

4. Transport Layer
The Transport layer provides reliable data transfer through segmentation, flow control, and error recovery. It uses protocols like TCP for reliable communication and UDP for faster, connectionless transmission.

5. Session Layer
The Session layer is responsible for establishing, managing, and terminating communication sessions between applications. It maintains synchronization and controls the dialog during data exchange.

6. Presentation Layer
The Presentation layer focuses on data representation by translating, encrypting, and compressing data so that it can be properly understood by the receiving system. Technologies such as SSL/TLS operate at this level.

7. Application Layer
The Application layer is the topmost layer and provides network services directly to end users and applications. It enables interaction with the network through protocols such as HTTP, FTP, and SMTP.
Rubrics",Excellent: Accurate explanation of all 7 layers with full diagram (4.0) | Good: Most layers explained correctly and no/partial diagram (3.0) | Average: Partial explanation and no  diagram (2.0) | Poor: Incorrect or missing diagram or explaination (0-1.0)
268_c2,2,Technical Accuracy (2 Marks),2.0,rater2,,268,images/268.png,Q19: describe the 7 layers of OSI model (10 Marks),"The OSI (Open Systems Interconnection) model is a conceptual framework that divides network communication into seven layers, each responsible for a specific function. This layered approach helps in understanding, designing, and troubleshooting network systems.
OSI Model Diagram
+---------------------+
| 7. Application      |
+---------------------+
| 6. Presentation     |
+---------------------+
| 5. Session          |
+---------------------+
| 4. Transport        |
+---------------------+
| 3. Network          |
+---------------------+
| 2. Data Link        |
+---------------------+
| 1. Physical         |
+---------------------+
1. Physical Layer
The Physical layer is responsible for transmitting raw bits over a physical medium. It deals with hardware components such as cables, connectors, and electrical signals, ensuring that data is physically sent from one device to another.

2. Data Link Layer
The Data Link layer ensures reliable communication between directly connected devices by organizing data into frames and performing error detection. It also uses MAC addresses to identify devices within the same network.

3. Network Layer
The Network layer handles logical addressing and routing, determining the best path for data packets to travel from the source to the destination across multiple networks. Protocols such as IP operate at this layer.

4. Transport Layer
The Transport layer provides reliable data transfer through segmentation, flow control, and error recovery. It uses protocols like TCP for reliable communication and UDP for faster, connectionless transmission.

5. Session Layer
The Session layer is responsible for establishing, managing, and terminating communication sessions between applications. It maintains synchronization and controls the dialog during data exchange.

6. Presentation Layer
The Presentation layer focuses on data representation by translating, encrypting, and compressing data so that it can be properly understood by the receiving system. Technologies such as SSL/TLS operate at this level.

7. Application Layer
The Application layer is the topmost layer and provides network services directly to end users and applications. It enables interaction with the network through protocols such as HTTP, FTP, and SMTP.
Rubrics",Excellent: Correct terminology used consistently (2.0) | Good: Minor mistakes (1.5) | Average: Limited technical terms (1.0) | Poor: Incorrect terminology (0-0.5)
268_c3,3,Examples/Protocols(1 Mark),1.0,rater2,,268,images/268.png,Q19: describe the 7 layers of OSI model (10 Marks),"The OSI (Open Systems Interconnection) model is a conceptual framework that divides network communication into seven layers, each responsible for a specific function. This layered approach helps in understanding, designing, and troubleshooting network systems.
OSI Model Diagram
+---------------------+
| 7. Application      |
+---------------------+
| 6. Presentation     |
+---------------------+
| 5. Session          |
+---------------------+
| 4. Transport        |
+---------------------+
| 3. Network          |
+---------------------+
| 2. Data Link        |
+---------------------+
| 1. Physical         |
+---------------------+
1. Physical Layer
The Physical layer is responsible for transmitting raw bits over a physical medium. It deals with hardware components such as cables, connectors, and electrical signals, ensuring that data is physically sent from one device to another.

2. Data Link Layer
The Data Link layer ensures reliable communication between directly connected devices by organizing data into frames and performing error detection. It also uses MAC addresses to identify devices within the same network.

3. Network Layer
The Network layer handles logical addressing and routing, determining the best path for data packets to travel from the source to the destination across multiple networks. Protocols such as IP operate at this layer.

4. Transport Layer
The Transport layer provides reliable data transfer through segmentation, flow control, and error recovery. It uses protocols like TCP for reliable communication and UDP for faster, connectionless transmission.

5. Session Layer
The Session layer is responsible for establishing, managing, and terminating communication sessions between applications. It maintains synchronization and controls the dialog during data exchange.

6. Presentation Layer
The Presentation layer focuses on data representation by translating, encrypting, and compressing data so that it can be properly understood by the receiving system. Technologies such as SSL/TLS operate at this level.

7. Application Layer
The Application layer is the topmost layer and provides network services directly to end users and applications. It enables interaction with the network through protocols such as HTTP, FTP, and SMTP.
Rubrics",Excellent: Relevant examples for multiple layers (1.0) | Good: Some examples (0.5–0.75) | Average: Very Few Examples (0.25) | Poor: No examples (0)
268_c4,4,Clarity & Organization (1 Mark),1.0,rater2,,268,images/268.png,Q19: describe the 7 layers of OSI model (10 Marks),"The OSI (Open Systems Interconnection) model is a conceptual framework that divides network communication into seven layers, each responsible for a specific function. This layered approach helps in understanding, designing, and troubleshooting network systems.
OSI Model Diagram
+---------------------+
| 7. Application      |
+---------------------+
| 6. Presentation     |
+---------------------+
| 5. Session          |
+---------------------+
| 4. Transport        |
+---------------------+
| 3. Network          |
+---------------------+
| 2. Data Link        |
+---------------------+
| 1. Physical         |
+---------------------+
1. Physical Layer
The Physical layer is responsible for transmitting raw bits over a physical medium. It deals with hardware components such as cables, connectors, and electrical signals, ensuring that data is physically sent from one device to another.

2. Data Link Layer
The Data Link layer ensures reliable communication between directly connected devices by organizing data into frames and performing error detection. It also uses MAC addresses to identify devices within the same network.

3. Network Layer
The Network layer handles logical addressing and routing, determining the best path for data packets to travel from the source to the destination across multiple networks. Protocols such as IP operate at this layer.

4. Transport Layer
The Transport layer provides reliable data transfer through segmentation, flow control, and error recovery. It uses protocols like TCP for reliable communication and UDP for faster, connectionless transmission.

5. Session Layer
The Session layer is responsible for establishing, managing, and terminating communication sessions between applications. It maintains synchronization and controls the dialog during data exchange.

6. Presentation Layer
The Presentation layer focuses on data representation by translating, encrypting, and compressing data so that it can be properly understood by the receiving system. Technologies such as SSL/TLS operate at this level.

7. Application Layer
The Application layer is the topmost layer and provides network services directly to end users and applications. It enables interaction with the network through protocols such as HTTP, FTP, and SMTP.
Rubrics","Excellent: Very clear, neat diagrams/tables, strong justification (1.0) | Good: Clear explanation (0.75) | Average: Understandable but not neat (0.5) | Poor: Poorly organized (0-0.25)"
119_c0,0,Defintion of climate and weather,2.0,rater2,,119,images/119.png,"1. What do you mean by climate and weather?  2. Mention the climate variables. 3. Increased water temperature altered hemato-biochemical parameters in rohu, explain.","1. Definition of climate and weather: Climate: Climate is defined as an area's long-term weather patterns. The simplest way to describe climate is to look at average temperature and precipitation over time. It takes a long time to change.  Weather: Weather is the state of the atmosphere at a particular place during a short period of time. It can change within a short period of time, like minutes or hours.
2. Climate variables: Climate variable can be cassified into three categories such as physical, chemical, and biological. Some climate variables that are measured as follows:
3. Hemato-biochemical changes in rohu due to an increase of temparature  In rohu (Labeo rohita), increased water temperature causes thermal stress, which changes  normal blood and biochemical conditions. Usually, hemoglobin, RBC, glucose may rise at first because the fish needs more oxygen and energy to cope with stress,  while total protein and some ions may decrease due to disturbed metabolism and osmotic  imbalance.  Erythrocytic cellular abnormalities (ECA), erythrocytic nuclear abnormalities (ENA) may may also rise due to elevated temparature.  So, higher temperature alters hemato-biochemical parameters by affecting the  fish’s respiration, metabolism, and stress response.
Rubrics","Excellent (2): Clear concept with correct spelling and sentence structure | Good (1.75): Clear concept but average sentence structure and spelling | Average (1.25-1.5): Incomplete definition, with one correct definition but the rest incorrect. | Poor (=<1): Incomplete definition of both along with poor sentence structure"
119_c1,1,Name of the climate variables,2.0,rater2,,119,images/119.png,"1. What do you mean by climate and weather?  2. Mention the climate variables. 3. Increased water temperature altered hemato-biochemical parameters in rohu, explain.","1. Definition of climate and weather: Climate: Climate is defined as an area's long-term weather patterns. The simplest way to describe climate is to look at average temperature and precipitation over time. It takes a long time to change.  Weather: Weather is the state of the atmosphere at a particular place during a short period of time. It can change within a short period of time, like minutes or hours.
2. Climate variables: Climate variable can be cassified into three categories such as physical, chemical, and biological. Some climate variables that are measured as follows:
3. Hemato-biochemical changes in rohu due to an increase of temparature  In rohu (Labeo rohita), increased water temperature causes thermal stress, which changes  normal blood and biochemical conditions. Usually, hemoglobin, RBC, glucose may rise at first because the fish needs more oxygen and energy to cope with stress,  while total protein and some ions may decrease due to disturbed metabolism and osmotic  imbalance.  Erythrocytic cellular abnormalities (ECA), erythrocytic nuclear abnormalities (ENA) may may also rise due to elevated temparature.  So, higher temperature alters hemato-biochemical parameters by affecting the  fish’s respiration, metabolism, and stress response.
Rubrics","Excellent (2): Mention all the 6 variables correctly | Good (1.75): Mention 4 or 5 variables correctly | Average (1.25-1.5): Mention 3 or 4 variables correctly  | Poor (=<1): Mention 1 or 2 variables, or answer irrelevant variables"
119_c2,2,Hemato-biochemical changes in rohu due to an increase of temparature,2.0,rater2,,119,images/119.png,"1. What do you mean by climate and weather?  2. Mention the climate variables. 3. Increased water temperature altered hemato-biochemical parameters in rohu, explain.","1. Definition of climate and weather: Climate: Climate is defined as an area's long-term weather patterns. The simplest way to describe climate is to look at average temperature and precipitation over time. It takes a long time to change.  Weather: Weather is the state of the atmosphere at a particular place during a short period of time. It can change within a short period of time, like minutes or hours.
2. Climate variables: Climate variable can be cassified into three categories such as physical, chemical, and biological. Some climate variables that are measured as follows:
3. Hemato-biochemical changes in rohu due to an increase of temparature  In rohu (Labeo rohita), increased water temperature causes thermal stress, which changes  normal blood and biochemical conditions. Usually, hemoglobin, RBC, glucose may rise at first because the fish needs more oxygen and energy to cope with stress,  while total protein and some ions may decrease due to disturbed metabolism and osmotic  imbalance.  Erythrocytic cellular abnormalities (ECA), erythrocytic nuclear abnormalities (ENA) may may also rise due to elevated temparature.  So, higher temperature alters hemato-biochemical parameters by affecting the  fish’s respiration, metabolism, and stress response.
Rubrics","Excellent (2): Briefly describes the scientific process and altered parameters in an orderly manner | Good (1.75): Mentions the altered parameters properly, but does not mention the reasons | Average (1.25-1.5):  Mention 1 or 2  parameters properly and does not explain the cause also | Poor (=<1): Mention incomplete and irrelevant data"
173_c0,0,Understanding of normalization and related problems(3),3.0,rater2,,173,images/173.png,"Question 1. In database systems, poor design can lead to data redundancy and update anomalies.","Answer 1: Poor database design leads to data redundancy and update anomalies. Redundancy means storing the same data repeatedly, which increases storage and causes inconsistency. The main anomalies are:

Insertion anomaly: Cannot insert data without adding unrelated information
Deletion anomaly: Deleting a record may remove useful data
Update anomaly: Same data must be updated in multiple rows

Normalization is used to organize data and eliminate these problems.

Normal Forms:

1NF: Ensures atomic values and removes repeating groups
2NF: Removes partial dependency (non-key depends on full primary key)
3NF: Removes transitive dependency (non-key depends only on primary key)

Example:

Unnormalized Table:
StudentID | Course | Instructor | InstructorPhone
1 | DBMS | Rahim | 017XX
1 | AI | Karim | 018XX

Problems: Instructor data is repeated → redundancy and update anomaly.

After Normalization:

StudentCourse:
StudentID | Course

CourseInstructor:
Course | Instructor | InstructorPhone

Now redundancy is minimized and anomalies are removed.
Answer 2:A poorly designed database suffers from redundancy and update anomalies, which reduce data consistency.

Suppose we have a table:
OrderID | CustomerName | CustomerAddress | Product

If a customer places multiple orders, their address is stored repeatedly → data redundancy.

Anomalies:

Insertion anomaly: Cannot add a new customer without an order
Deletion anomaly: Deleting last order removes customer info
Update anomaly: Changing address requires multiple updates

To solve this, we apply normalization.

Normal Forms:

1NF: Removes repeating attributes
2NF: Eliminates partial dependency
3NF: Eliminates transitive dependency

Normalized Tables:

Customer:
CustomerID | Name | Address

Order:
OrderID | CustomerID | Product

Now each fact is stored once, reducing redundancy and eliminating anomalies.
Answer 3: Poor database design causes redundant data storage and anomalies (insertion, deletion, update), leading to inconsistency.

Normalization is a step-by-step process to improve database structure.

Example (Unnormalized Table):
StudentID | StudentName | Course | Instructor | InstructorOffice

Problems:

Instructor details repeated → redundancy
Update anomaly if instructor office changes
Step 1: Convert to 1NF

Ensure atomic values (already satisfied, no repeating groups)

Step 2: Convert to 2NF

Remove partial dependency:

StudentName depends only on StudentID

Student Table:
StudentID | StudentName

Step 3: Convert to 3NF

Remove transitive dependency:

InstructorOffice depends on Instructor

Course Table:
Course | Instructor

Instructor Table:
Instructor | InstructorOffice

Now:

No redundant data
All anomalies removed
Database is well-structured
Rubrics","Excellent (2/3): Clearly explains normalization purpose; correctly identifies redundancy and all anomalies (insertion, deletion, update) with reasoning | Good (0.5-2):  Explains normalization and anomalies but misses depth or one type | Average (0.2-0.5):  Basic idea; anomalies unclear or partially incorrect | Poor (0-0.2):  No clear understanding; mostly incorrect"
173_c1,1,Explanation of normal forms(3),3.0,rater2,,173,images/173.png,"Question 1. In database systems, poor design can lead to data redundancy and update anomalies.","Answer 1: Poor database design leads to data redundancy and update anomalies. Redundancy means storing the same data repeatedly, which increases storage and causes inconsistency. The main anomalies are:

Insertion anomaly: Cannot insert data without adding unrelated information
Deletion anomaly: Deleting a record may remove useful data
Update anomaly: Same data must be updated in multiple rows

Normalization is used to organize data and eliminate these problems.

Normal Forms:

1NF: Ensures atomic values and removes repeating groups
2NF: Removes partial dependency (non-key depends on full primary key)
3NF: Removes transitive dependency (non-key depends only on primary key)

Example:

Unnormalized Table:
StudentID | Course | Instructor | InstructorPhone
1 | DBMS | Rahim | 017XX
1 | AI | Karim | 018XX

Problems: Instructor data is repeated → redundancy and update anomaly.

After Normalization:

StudentCourse:
StudentID | Course

CourseInstructor:
Course | Instructor | InstructorPhone

Now redundancy is minimized and anomalies are removed.
Answer 2:A poorly designed database suffers from redundancy and update anomalies, which reduce data consistency.

Suppose we have a table:
OrderID | CustomerName | CustomerAddress | Product

If a customer places multiple orders, their address is stored repeatedly → data redundancy.

Anomalies:

Insertion anomaly: Cannot add a new customer without an order
Deletion anomaly: Deleting last order removes customer info
Update anomaly: Changing address requires multiple updates

To solve this, we apply normalization.

Normal Forms:

1NF: Removes repeating attributes
2NF: Eliminates partial dependency
3NF: Eliminates transitive dependency

Normalized Tables:

Customer:
CustomerID | Name | Address

Order:
OrderID | CustomerID | Product

Now each fact is stored once, reducing redundancy and eliminating anomalies.
Answer 3: Poor database design causes redundant data storage and anomalies (insertion, deletion, update), leading to inconsistency.

Normalization is a step-by-step process to improve database structure.

Example (Unnormalized Table):
StudentID | StudentName | Course | Instructor | InstructorOffice

Problems:

Instructor details repeated → redundancy
Update anomaly if instructor office changes
Step 1: Convert to 1NF

Ensure atomic values (already satisfied, no repeating groups)

Step 2: Convert to 2NF

Remove partial dependency:

StudentName depends only on StudentID

Student Table:
StudentID | StudentName

Step 3: Convert to 3NF

Remove transitive dependency:

InstructorOffice depends on Instructor

Course Table:
Course | Instructor

Instructor Table:
Instructor | InstructorOffice

Now:

No redundant data
All anomalies removed
Database is well-structured
Rubrics","Excellent (2/3):  Correctly explains 1NF, 2NF, 3NF with conditions and how they remove anomalies | Good (0.5-2):  Explains normal forms with minor mistakes or missing details | Average (0.2-0.5):  Mentions normal forms but incomplete/partially wrong | Poor (0-0.2): Incorrect or missing explanation"
173_c2,2,Use of example(2),2.0,rater2,,173,images/173.png,"Question 1. In database systems, poor design can lead to data redundancy and update anomalies.","Answer 1: Poor database design leads to data redundancy and update anomalies. Redundancy means storing the same data repeatedly, which increases storage and causes inconsistency. The main anomalies are:

Insertion anomaly: Cannot insert data without adding unrelated information
Deletion anomaly: Deleting a record may remove useful data
Update anomaly: Same data must be updated in multiple rows

Normalization is used to organize data and eliminate these problems.

Normal Forms:

1NF: Ensures atomic values and removes repeating groups
2NF: Removes partial dependency (non-key depends on full primary key)
3NF: Removes transitive dependency (non-key depends only on primary key)

Example:

Unnormalized Table:
StudentID | Course | Instructor | InstructorPhone
1 | DBMS | Rahim | 017XX
1 | AI | Karim | 018XX

Problems: Instructor data is repeated → redundancy and update anomaly.

After Normalization:

StudentCourse:
StudentID | Course

CourseInstructor:
Course | Instructor | InstructorPhone

Now redundancy is minimized and anomalies are removed.
Answer 2:A poorly designed database suffers from redundancy and update anomalies, which reduce data consistency.

Suppose we have a table:
OrderID | CustomerName | CustomerAddress | Product

If a customer places multiple orders, their address is stored repeatedly → data redundancy.

Anomalies:

Insertion anomaly: Cannot add a new customer without an order
Deletion anomaly: Deleting last order removes customer info
Update anomaly: Changing address requires multiple updates

To solve this, we apply normalization.

Normal Forms:

1NF: Removes repeating attributes
2NF: Eliminates partial dependency
3NF: Eliminates transitive dependency

Normalized Tables:

Customer:
CustomerID | Name | Address

Order:
OrderID | CustomerID | Product

Now each fact is stored once, reducing redundancy and eliminating anomalies.
Answer 3: Poor database design causes redundant data storage and anomalies (insertion, deletion, update), leading to inconsistency.

Normalization is a step-by-step process to improve database structure.

Example (Unnormalized Table):
StudentID | StudentName | Course | Instructor | InstructorOffice

Problems:

Instructor details repeated → redundancy
Update anomaly if instructor office changes
Step 1: Convert to 1NF

Ensure atomic values (already satisfied, no repeating groups)

Step 2: Convert to 2NF

Remove partial dependency:

StudentName depends only on StudentID

Student Table:
StudentID | StudentName

Step 3: Convert to 3NF

Remove transitive dependency:

InstructorOffice depends on Instructor

Course Table:
Course | Instructor

Instructor Table:
Instructor | InstructorOffice

Now:

No redundant data
All anomalies removed
Database is well-structured
Rubrics",Excellent (2/3):  Clear table/example; shows anomalies and normalization steps correctly | Good (0.5-2):  Relevant example but explanation partially unclear | Average (0.2-0.5):  Example present but weak connection to concept | Poor (0-0.2):  No example or incorrect
173_c3,3,Clear and organized writing(2),2.0,rater2,,173,images/173.png,"Question 1. In database systems, poor design can lead to data redundancy and update anomalies.","Answer 1: Poor database design leads to data redundancy and update anomalies. Redundancy means storing the same data repeatedly, which increases storage and causes inconsistency. The main anomalies are:

Insertion anomaly: Cannot insert data without adding unrelated information
Deletion anomaly: Deleting a record may remove useful data
Update anomaly: Same data must be updated in multiple rows

Normalization is used to organize data and eliminate these problems.

Normal Forms:

1NF: Ensures atomic values and removes repeating groups
2NF: Removes partial dependency (non-key depends on full primary key)
3NF: Removes transitive dependency (non-key depends only on primary key)

Example:

Unnormalized Table:
StudentID | Course | Instructor | InstructorPhone
1 | DBMS | Rahim | 017XX
1 | AI | Karim | 018XX

Problems: Instructor data is repeated → redundancy and update anomaly.

After Normalization:

StudentCourse:
StudentID | Course

CourseInstructor:
Course | Instructor | InstructorPhone

Now redundancy is minimized and anomalies are removed.
Answer 2:A poorly designed database suffers from redundancy and update anomalies, which reduce data consistency.

Suppose we have a table:
OrderID | CustomerName | CustomerAddress | Product

If a customer places multiple orders, their address is stored repeatedly → data redundancy.

Anomalies:

Insertion anomaly: Cannot add a new customer without an order
Deletion anomaly: Deleting last order removes customer info
Update anomaly: Changing address requires multiple updates

To solve this, we apply normalization.

Normal Forms:

1NF: Removes repeating attributes
2NF: Eliminates partial dependency
3NF: Eliminates transitive dependency

Normalized Tables:

Customer:
CustomerID | Name | Address

Order:
OrderID | CustomerID | Product

Now each fact is stored once, reducing redundancy and eliminating anomalies.
Answer 3: Poor database design causes redundant data storage and anomalies (insertion, deletion, update), leading to inconsistency.

Normalization is a step-by-step process to improve database structure.

Example (Unnormalized Table):
StudentID | StudentName | Course | Instructor | InstructorOffice

Problems:

Instructor details repeated → redundancy
Update anomaly if instructor office changes
Step 1: Convert to 1NF

Ensure atomic values (already satisfied, no repeating groups)

Step 2: Convert to 2NF

Remove partial dependency:

StudentName depends only on StudentID

Student Table:
StudentID | StudentName

Step 3: Convert to 3NF

Remove transitive dependency:

InstructorOffice depends on Instructor

Course Table:
Course | Instructor

Instructor Table:
Instructor | InstructorOffice

Now:

No redundant data
All anomalies removed
Database is well-structured
Rubrics","Excellent (2/3):  Very well-structured; clear flow, neat tables/steps | Good (0.5-2):  Generally clear with minor issues | Average (0.2-0.5): Understandable but poorly structured | Poor (0-0.2):  Disorganized and unclear"
190_c0,0,Understanding of schema and instance (2),2.0,rater2,,190,images/190.png,"Define schema and instance in a database system.

Then, explain the following types of keys with suitable examples:
- Super Key
- Candidate Key
- Primary Key
- Unique Key
- Composite Key

Finally, consider the relation:
Student(SID, Name, Email, Phone)

Assume:
- Each student has a unique SID
- Email is also unique
- Multiple students may have the same name

Identify all possible keys for this relation and briefly justify your answer.","Answer 1: Schema and Instance

A schema is the logical structure of a database that defines tables, attributes, and relationships. It is stable and does not change frequently.
An instance is the actual data stored in the database at a specific moment in time.

Example:
Schema: Student(SID, Name, Email, Phone)
Instance: (1, Rahim, rahim@gmail.com
, 017xxx)

Types of Keys
Super Key: Any set of attributes that uniquely identifies a record.
Example: {SID}, {Email}, {SID, Name}
Candidate Key: Minimal super key (no redundant attribute).
Example: {SID}, {Email}
Primary Key: Selected candidate key used to uniquely identify records.
Example: SID
Unique Key: Ensures uniqueness but may allow NULL values.
Example: Email
Composite Key: A key made using more than one attribute.
Example: (SID, Phone) in some cases
Given Relation: Student(SID, Name, Email, Phone)
Candidate Keys: SID, Email (both are unique)
Super Keys: Any combination containing SID or Email
Example: {SID}, {Email}, {SID, Name}, {Email, Phone}
Primary Key: SID (assumed)
Unique Key: Email
Composite Key: Not required here since single attributes are already unique

Answer 2: Schema vs Instance

Schema defines the structure of a database (tables, attributes, constraints). It is like a blueprint.
Instance is the actual data stored in the database at a specific time.

Example:
Schema: Student(SID, Name, Email, Phone)
Instance: (101, Karim, karim@gmail.com
, 018xxx)

Types of Keys
Super Key: A set of attributes that can uniquely identify a tuple.
Example: SID or (SID, Name)
Candidate Key: A minimal version of super key with no extra attribute.
Example: SID, Email
Primary Key: Chosen candidate key for identification.
Example: SID
Unique Key: Ensures all values are unique (can be multiple per table).
Example: Email
Composite Key: A key formed by combining multiple attributes.
Example: (SID, Name) if needed
Keys in Given Relation

Student(SID, Name, Email, Phone)

SID → unique → candidate key
Email → unique → candidate key
Name → not unique
Phone → not unique

✔ Candidate Keys: SID, Email
✔ Primary Key: SID
✔ Super Keys: Any set containing SID or Email
✔ Unique Key: Email
Answer 3: Schema and Instance

A schema represents the structure of the database including table design and attributes.
An instance represents the current set of data stored in the database.

Example:
Schema: Student(SID, Name, Email, Phone)
Instance: (201, Hasan, hasan@gmail.com
, 017xxx)

Types of Keys
Super Key: Any attribute or combination that uniquely identifies a row.
Example: SID, Email, (SID, Phone)
Candidate Key: A minimal super key used for unique identification.
Example: SID, Email
Primary Key: Selected candidate key to uniquely identify records.
Example: SID
Unique Key: Ensures uniqueness of values; multiple allowed per table.
Example: Email
Composite Key: Combination of multiple attributes used as a key.
Example: (SID, Name)
Key Identification in Student Relation

Student(SID, Name, Email, Phone)

SID is unique → Candidate Key
Email is unique → Candidate Key
Name is not unique
Phone is not unique

✔ Candidate Keys: SID, Email
✔ Primary Key: SID (chosen)
✔ Super Keys: SID, Email, and their combinations
✔ Unique Key: Email
✔ Composite Key: Not necessary in this relation
Rubrics",Excellent (2-4): Clearly defines schema and instance with correct distinction and suitable example | Good(1-3):  Mostly correct definitions with minor confusion or weak example | Average (0.5-1):  Basic idea but unclear or partially incorrect | Poor(0-0.3):  Incorrect or missing understanding
190_c1,1,Explanation of different types of keys with examples (4),4.0,rater2,,190,images/190.png,"Define schema and instance in a database system.

Then, explain the following types of keys with suitable examples:
- Super Key
- Candidate Key
- Primary Key
- Unique Key
- Composite Key

Finally, consider the relation:
Student(SID, Name, Email, Phone)

Assume:
- Each student has a unique SID
- Email is also unique
- Multiple students may have the same name

Identify all possible keys for this relation and briefly justify your answer.","Answer 1: Schema and Instance

A schema is the logical structure of a database that defines tables, attributes, and relationships. It is stable and does not change frequently.
An instance is the actual data stored in the database at a specific moment in time.

Example:
Schema: Student(SID, Name, Email, Phone)
Instance: (1, Rahim, rahim@gmail.com
, 017xxx)

Types of Keys
Super Key: Any set of attributes that uniquely identifies a record.
Example: {SID}, {Email}, {SID, Name}
Candidate Key: Minimal super key (no redundant attribute).
Example: {SID}, {Email}
Primary Key: Selected candidate key used to uniquely identify records.
Example: SID
Unique Key: Ensures uniqueness but may allow NULL values.
Example: Email
Composite Key: A key made using more than one attribute.
Example: (SID, Phone) in some cases
Given Relation: Student(SID, Name, Email, Phone)
Candidate Keys: SID, Email (both are unique)
Super Keys: Any combination containing SID or Email
Example: {SID}, {Email}, {SID, Name}, {Email, Phone}
Primary Key: SID (assumed)
Unique Key: Email
Composite Key: Not required here since single attributes are already unique

Answer 2: Schema vs Instance

Schema defines the structure of a database (tables, attributes, constraints). It is like a blueprint.
Instance is the actual data stored in the database at a specific time.

Example:
Schema: Student(SID, Name, Email, Phone)
Instance: (101, Karim, karim@gmail.com
, 018xxx)

Types of Keys
Super Key: A set of attributes that can uniquely identify a tuple.
Example: SID or (SID, Name)
Candidate Key: A minimal version of super key with no extra attribute.
Example: SID, Email
Primary Key: Chosen candidate key for identification.
Example: SID
Unique Key: Ensures all values are unique (can be multiple per table).
Example: Email
Composite Key: A key formed by combining multiple attributes.
Example: (SID, Name) if needed
Keys in Given Relation

Student(SID, Name, Email, Phone)

SID → unique → candidate key
Email → unique → candidate key
Name → not unique
Phone → not unique

✔ Candidate Keys: SID, Email
✔ Primary Key: SID
✔ Super Keys: Any set containing SID or Email
✔ Unique Key: Email
Answer 3: Schema and Instance

A schema represents the structure of the database including table design and attributes.
An instance represents the current set of data stored in the database.

Example:
Schema: Student(SID, Name, Email, Phone)
Instance: (201, Hasan, hasan@gmail.com
, 017xxx)

Types of Keys
Super Key: Any attribute or combination that uniquely identifies a row.
Example: SID, Email, (SID, Phone)
Candidate Key: A minimal super key used for unique identification.
Example: SID, Email
Primary Key: Selected candidate key to uniquely identify records.
Example: SID
Unique Key: Ensures uniqueness of values; multiple allowed per table.
Example: Email
Composite Key: Combination of multiple attributes used as a key.
Example: (SID, Name)
Key Identification in Student Relation

Student(SID, Name, Email, Phone)

SID is unique → Candidate Key
Email is unique → Candidate Key
Name is not unique
Phone is not unique

✔ Candidate Keys: SID, Email
✔ Primary Key: SID (chosen)
✔ Super Keys: SID, Email, and their combinations
✔ Unique Key: Email
✔ Composite Key: Not necessary in this relation
Rubrics","Excellent (2-4): Clearly explains all keys (super, candidate, primary, unique, composite) with correct and relevant examples | Good(1-3):  Explains most keys correctly with minor missing details or weak examples | Average (0.5-1):  Partial explanation; missing some keys or unclear examples | Poor(0-0.3):  Incorrect or very incomplete explanations"
190_c2,2,Correct identification of keys in given relation (2),2.0,rater2,,190,images/190.png,"Define schema and instance in a database system.

Then, explain the following types of keys with suitable examples:
- Super Key
- Candidate Key
- Primary Key
- Unique Key
- Composite Key

Finally, consider the relation:
Student(SID, Name, Email, Phone)

Assume:
- Each student has a unique SID
- Email is also unique
- Multiple students may have the same name

Identify all possible keys for this relation and briefly justify your answer.","Answer 1: Schema and Instance

A schema is the logical structure of a database that defines tables, attributes, and relationships. It is stable and does not change frequently.
An instance is the actual data stored in the database at a specific moment in time.

Example:
Schema: Student(SID, Name, Email, Phone)
Instance: (1, Rahim, rahim@gmail.com
, 017xxx)

Types of Keys
Super Key: Any set of attributes that uniquely identifies a record.
Example: {SID}, {Email}, {SID, Name}
Candidate Key: Minimal super key (no redundant attribute).
Example: {SID}, {Email}
Primary Key: Selected candidate key used to uniquely identify records.
Example: SID
Unique Key: Ensures uniqueness but may allow NULL values.
Example: Email
Composite Key: A key made using more than one attribute.
Example: (SID, Phone) in some cases
Given Relation: Student(SID, Name, Email, Phone)
Candidate Keys: SID, Email (both are unique)
Super Keys: Any combination containing SID or Email
Example: {SID}, {Email}, {SID, Name}, {Email, Phone}
Primary Key: SID (assumed)
Unique Key: Email
Composite Key: Not required here since single attributes are already unique

Answer 2: Schema vs Instance

Schema defines the structure of a database (tables, attributes, constraints). It is like a blueprint.
Instance is the actual data stored in the database at a specific time.

Example:
Schema: Student(SID, Name, Email, Phone)
Instance: (101, Karim, karim@gmail.com
, 018xxx)

Types of Keys
Super Key: A set of attributes that can uniquely identify a tuple.
Example: SID or (SID, Name)
Candidate Key: A minimal version of super key with no extra attribute.
Example: SID, Email
Primary Key: Chosen candidate key for identification.
Example: SID
Unique Key: Ensures all values are unique (can be multiple per table).
Example: Email
Composite Key: A key formed by combining multiple attributes.
Example: (SID, Name) if needed
Keys in Given Relation

Student(SID, Name, Email, Phone)

SID → unique → candidate key
Email → unique → candidate key
Name → not unique
Phone → not unique

✔ Candidate Keys: SID, Email
✔ Primary Key: SID
✔ Super Keys: Any set containing SID or Email
✔ Unique Key: Email
Answer 3: Schema and Instance

A schema represents the structure of the database including table design and attributes.
An instance represents the current set of data stored in the database.

Example:
Schema: Student(SID, Name, Email, Phone)
Instance: (201, Hasan, hasan@gmail.com
, 017xxx)

Types of Keys
Super Key: Any attribute or combination that uniquely identifies a row.
Example: SID, Email, (SID, Phone)
Candidate Key: A minimal super key used for unique identification.
Example: SID, Email
Primary Key: Selected candidate key to uniquely identify records.
Example: SID
Unique Key: Ensures uniqueness of values; multiple allowed per table.
Example: Email
Composite Key: Combination of multiple attributes used as a key.
Example: (SID, Name)
Key Identification in Student Relation

Student(SID, Name, Email, Phone)

SID is unique → Candidate Key
Email is unique → Candidate Key
Name is not unique
Phone is not unique

✔ Candidate Keys: SID, Email
✔ Primary Key: SID (chosen)
✔ Super Keys: SID, Email, and their combinations
✔ Unique Key: Email
✔ Composite Key: Not necessary in this relation
Rubrics",Excellent (2-4):  Correctly identifies all valid keys with proper justification | Good(1-3):  Mostly correct identification but weak justification | Average (0.5-1):  Partially correct identification | Poor(0-0.3): Incorrect or missing identification
190_c3,3,Clear and organized writing (2),2.0,rater2,,190,images/190.png,"Define schema and instance in a database system.

Then, explain the following types of keys with suitable examples:
- Super Key
- Candidate Key
- Primary Key
- Unique Key
- Composite Key

Finally, consider the relation:
Student(SID, Name, Email, Phone)

Assume:
- Each student has a unique SID
- Email is also unique
- Multiple students may have the same name

Identify all possible keys for this relation and briefly justify your answer.","Answer 1: Schema and Instance

A schema is the logical structure of a database that defines tables, attributes, and relationships. It is stable and does not change frequently.
An instance is the actual data stored in the database at a specific moment in time.

Example:
Schema: Student(SID, Name, Email, Phone)
Instance: (1, Rahim, rahim@gmail.com
, 017xxx)

Types of Keys
Super Key: Any set of attributes that uniquely identifies a record.
Example: {SID}, {Email}, {SID, Name}
Candidate Key: Minimal super key (no redundant attribute).
Example: {SID}, {Email}
Primary Key: Selected candidate key used to uniquely identify records.
Example: SID
Unique Key: Ensures uniqueness but may allow NULL values.
Example: Email
Composite Key: A key made using more than one attribute.
Example: (SID, Phone) in some cases
Given Relation: Student(SID, Name, Email, Phone)
Candidate Keys: SID, Email (both are unique)
Super Keys: Any combination containing SID or Email
Example: {SID}, {Email}, {SID, Name}, {Email, Phone}
Primary Key: SID (assumed)
Unique Key: Email
Composite Key: Not required here since single attributes are already unique

Answer 2: Schema vs Instance

Schema defines the structure of a database (tables, attributes, constraints). It is like a blueprint.
Instance is the actual data stored in the database at a specific time.

Example:
Schema: Student(SID, Name, Email, Phone)
Instance: (101, Karim, karim@gmail.com
, 018xxx)

Types of Keys
Super Key: A set of attributes that can uniquely identify a tuple.
Example: SID or (SID, Name)
Candidate Key: A minimal version of super key with no extra attribute.
Example: SID, Email
Primary Key: Chosen candidate key for identification.
Example: SID
Unique Key: Ensures all values are unique (can be multiple per table).
Example: Email
Composite Key: A key formed by combining multiple attributes.
Example: (SID, Name) if needed
Keys in Given Relation

Student(SID, Name, Email, Phone)

SID → unique → candidate key
Email → unique → candidate key
Name → not unique
Phone → not unique

✔ Candidate Keys: SID, Email
✔ Primary Key: SID
✔ Super Keys: Any set containing SID or Email
✔ Unique Key: Email
Answer 3: Schema and Instance

A schema represents the structure of the database including table design and attributes.
An instance represents the current set of data stored in the database.

Example:
Schema: Student(SID, Name, Email, Phone)
Instance: (201, Hasan, hasan@gmail.com
, 017xxx)

Types of Keys
Super Key: Any attribute or combination that uniquely identifies a row.
Example: SID, Email, (SID, Phone)
Candidate Key: A minimal super key used for unique identification.
Example: SID, Email
Primary Key: Selected candidate key to uniquely identify records.
Example: SID
Unique Key: Ensures uniqueness of values; multiple allowed per table.
Example: Email
Composite Key: Combination of multiple attributes used as a key.
Example: (SID, Name)
Key Identification in Student Relation

Student(SID, Name, Email, Phone)

SID is unique → Candidate Key
Email is unique → Candidate Key
Name is not unique
Phone is not unique

✔ Candidate Keys: SID, Email
✔ Primary Key: SID (chosen)
✔ Super Keys: SID, Email, and their combinations
✔ Unique Key: Email
✔ Composite Key: Not necessary in this relation
Rubrics","Excellent (2-4):  Very well-structured, logical flow, easy to read | Good(1-3):  Generally clear with minor organization issues | Average (0.5-1): Understandable but poorly structured | Poor(0-0.3):  Disorganized and unclear"
228_c0,0,Identification of Layers (2 Marks),2.0,rater2,,228,images/228.png,Q19: describe the 7 layers of OSI model (10 Marks),"The OSI (Open Systems Interconnection) model is a conceptual framework that divides network communication into seven layers, each responsible for a specific function. This layered approach helps in understanding, designing, and troubleshooting network systems.
OSI Model Diagram
+---------------------+
| 7. Application      |
+---------------------+
| 6. Presentation     |
+---------------------+
| 5. Session          |
+---------------------+
| 4. Transport        |
+---------------------+
| 3. Network          |
+---------------------+
| 2. Data Link        |
+---------------------+
| 1. Physical         |
+---------------------+
1. Physical Layer
The Physical layer is responsible for transmitting raw bits over a physical medium. It deals with hardware components such as cables, connectors, and electrical signals, ensuring that data is physically sent from one device to another.

2. Data Link Layer
The Data Link layer ensures reliable communication between directly connected devices by organizing data into frames and performing error detection. It also uses MAC addresses to identify devices within the same network.

3. Network Layer
The Network layer handles logical addressing and routing, determining the best path for data packets to travel from the source to the destination across multiple networks. Protocols such as IP operate at this layer.

4. Transport Layer
The Transport layer provides reliable data transfer through segmentation, flow control, and error recovery. It uses protocols like TCP for reliable communication and UDP for faster, connectionless transmission.

5. Session Layer
The Session layer is responsible for establishing, managing, and terminating communication sessions between applications. It maintains synchronization and controls the dialog during data exchange.

6. Presentation Layer
The Presentation layer focuses on data representation by translating, encrypting, and compressing data so that it can be properly understood by the receiving system. Technologies such as SSL/TLS operate at this level.

7. Application Layer
The Application layer is the topmost layer and provides network services directly to end users and applications. It enables interaction with the network through protocols such as HTTP, FTP, and SMTP.
Rubrics","Excellent: All 7 layers listed in correct order (2.0) | Good: 5–6 correct, minor order issue (1.5) | Average: 3–4 correct (1.0) | Poor: ≤2 or incorrect (0–0.5)"
228_c1,1,Explanation of Layers with diagram (4 Marks),4.0,rater2,,228,images/228.png,Q19: describe the 7 layers of OSI model (10 Marks),"The OSI (Open Systems Interconnection) model is a conceptual framework that divides network communication into seven layers, each responsible for a specific function. This layered approach helps in understanding, designing, and troubleshooting network systems.
OSI Model Diagram
+---------------------+
| 7. Application      |
+---------------------+
| 6. Presentation     |
+---------------------+
| 5. Session          |
+---------------------+
| 4. Transport        |
+---------------------+
| 3. Network          |
+---------------------+
| 2. Data Link        |
+---------------------+
| 1. Physical         |
+---------------------+
1. Physical Layer
The Physical layer is responsible for transmitting raw bits over a physical medium. It deals with hardware components such as cables, connectors, and electrical signals, ensuring that data is physically sent from one device to another.

2. Data Link Layer
The Data Link layer ensures reliable communication between directly connected devices by organizing data into frames and performing error detection. It also uses MAC addresses to identify devices within the same network.

3. Network Layer
The Network layer handles logical addressing and routing, determining the best path for data packets to travel from the source to the destination across multiple networks. Protocols such as IP operate at this layer.

4. Transport Layer
The Transport layer provides reliable data transfer through segmentation, flow control, and error recovery. It uses protocols like TCP for reliable communication and UDP for faster, connectionless transmission.

5. Session Layer
The Session layer is responsible for establishing, managing, and terminating communication sessions between applications. It maintains synchronization and controls the dialog during data exchange.

6. Presentation Layer
The Presentation layer focuses on data representation by translating, encrypting, and compressing data so that it can be properly understood by the receiving system. Technologies such as SSL/TLS operate at this level.

7. Application Layer
The Application layer is the topmost layer and provides network services directly to end users and applications. It enables interaction with the network through protocols such as HTTP, FTP, and SMTP.
Rubrics",Excellent: Accurate explanation of all 7 layers with full diagram (4.0) | Good: Most layers explained correctly and no/partial diagram (3.0) | Average: Partial explanation and no  diagram (2.0) | Poor: Incorrect or missing diagram or explaination (0-1.0)
228_c2,2,Technical Accuracy (2 Marks),2.0,rater2,,228,images/228.png,Q19: describe the 7 layers of OSI model (10 Marks),"The OSI (Open Systems Interconnection) model is a conceptual framework that divides network communication into seven layers, each responsible for a specific function. This layered approach helps in understanding, designing, and troubleshooting network systems.
OSI Model Diagram
+---------------------+
| 7. Application      |
+---------------------+
| 6. Presentation     |
+---------------------+
| 5. Session          |
+---------------------+
| 4. Transport        |
+---------------------+
| 3. Network          |
+---------------------+
| 2. Data Link        |
+---------------------+
| 1. Physical         |
+---------------------+
1. Physical Layer
The Physical layer is responsible for transmitting raw bits over a physical medium. It deals with hardware components such as cables, connectors, and electrical signals, ensuring that data is physically sent from one device to another.

2. Data Link Layer
The Data Link layer ensures reliable communication between directly connected devices by organizing data into frames and performing error detection. It also uses MAC addresses to identify devices within the same network.

3. Network Layer
The Network layer handles logical addressing and routing, determining the best path for data packets to travel from the source to the destination across multiple networks. Protocols such as IP operate at this layer.

4. Transport Layer
The Transport layer provides reliable data transfer through segmentation, flow control, and error recovery. It uses protocols like TCP for reliable communication and UDP for faster, connectionless transmission.

5. Session Layer
The Session layer is responsible for establishing, managing, and terminating communication sessions between applications. It maintains synchronization and controls the dialog during data exchange.

6. Presentation Layer
The Presentation layer focuses on data representation by translating, encrypting, and compressing data so that it can be properly understood by the receiving system. Technologies such as SSL/TLS operate at this level.

7. Application Layer
The Application layer is the topmost layer and provides network services directly to end users and applications. It enables interaction with the network through protocols such as HTTP, FTP, and SMTP.
Rubrics",Excellent: Correct terminology used consistently (2.0) | Good: Minor mistakes (1.5) | Average: Limited technical terms (1.0) | Poor: Incorrect terminology (0-0.5)
228_c3,3,Examples/Protocols(1 Mark),1.0,rater2,,228,images/228.png,Q19: describe the 7 layers of OSI model (10 Marks),"The OSI (Open Systems Interconnection) model is a conceptual framework that divides network communication into seven layers, each responsible for a specific function. This layered approach helps in understanding, designing, and troubleshooting network systems.
OSI Model Diagram
+---------------------+
| 7. Application      |
+---------------------+
| 6. Presentation     |
+---------------------+
| 5. Session          |
+---------------------+
| 4. Transport        |
+---------------------+
| 3. Network          |
+---------------------+
| 2. Data Link        |
+---------------------+
| 1. Physical         |
+---------------------+
1. Physical Layer
The Physical layer is responsible for transmitting raw bits over a physical medium. It deals with hardware components such as cables, connectors, and electrical signals, ensuring that data is physically sent from one device to another.

2. Data Link Layer
The Data Link layer ensures reliable communication between directly connected devices by organizing data into frames and performing error detection. It also uses MAC addresses to identify devices within the same network.

3. Network Layer
The Network layer handles logical addressing and routing, determining the best path for data packets to travel from the source to the destination across multiple networks. Protocols such as IP operate at this layer.

4. Transport Layer
The Transport layer provides reliable data transfer through segmentation, flow control, and error recovery. It uses protocols like TCP for reliable communication and UDP for faster, connectionless transmission.

5. Session Layer
The Session layer is responsible for establishing, managing, and terminating communication sessions between applications. It maintains synchronization and controls the dialog during data exchange.

6. Presentation Layer
The Presentation layer focuses on data representation by translating, encrypting, and compressing data so that it can be properly understood by the receiving system. Technologies such as SSL/TLS operate at this level.

7. Application Layer
The Application layer is the topmost layer and provides network services directly to end users and applications. It enables interaction with the network through protocols such as HTTP, FTP, and SMTP.
Rubrics",Excellent: Relevant examples for multiple layers (1.0) | Good: Some examples (0.5–0.75) | Average: Very Few Examples (0.25) | Poor: No examples (0)
228_c4,4,Clarity & Organization (1 Mark),1.0,rater2,,228,images/228.png,Q19: describe the 7 layers of OSI model (10 Marks),"The OSI (Open Systems Interconnection) model is a conceptual framework that divides network communication into seven layers, each responsible for a specific function. This layered approach helps in understanding, designing, and troubleshooting network systems.
OSI Model Diagram
+---------------------+
| 7. Application      |
+---------------------+
| 6. Presentation     |
+---------------------+
| 5. Session          |
+---------------------+
| 4. Transport        |
+---------------------+
| 3. Network          |
+---------------------+
| 2. Data Link        |
+---------------------+
| 1. Physical         |
+---------------------+
1. Physical Layer
The Physical layer is responsible for transmitting raw bits over a physical medium. It deals with hardware components such as cables, connectors, and electrical signals, ensuring that data is physically sent from one device to another.

2. Data Link Layer
The Data Link layer ensures reliable communication between directly connected devices by organizing data into frames and performing error detection. It also uses MAC addresses to identify devices within the same network.

3. Network Layer
The Network layer handles logical addressing and routing, determining the best path for data packets to travel from the source to the destination across multiple networks. Protocols such as IP operate at this layer.

4. Transport Layer
The Transport layer provides reliable data transfer through segmentation, flow control, and error recovery. It uses protocols like TCP for reliable communication and UDP for faster, connectionless transmission.

5. Session Layer
The Session layer is responsible for establishing, managing, and terminating communication sessions between applications. It maintains synchronization and controls the dialog during data exchange.

6. Presentation Layer
The Presentation layer focuses on data representation by translating, encrypting, and compressing data so that it can be properly understood by the receiving system. Technologies such as SSL/TLS operate at this level.

7. Application Layer
The Application layer is the topmost layer and provides network services directly to end users and applications. It enables interaction with the network through protocols such as HTTP, FTP, and SMTP.
Rubrics","Excellent: Very clear, neat diagrams/tables, strong justification (1.0) | Good: Clear explanation (0.75) | Average: Understandable but not neat (0.5) | Poor: Poorly organized (0-0.25)"
441_c0,0,Supervised Learning,2.5,rater2,,441,images/441.png,"Describe Supervised, Unsupervised, and Reinforcement Machine Learning.","Supervised Learning:
Supervised learning is a type of machine learning in which the model is trained using labeled data. Each input is associated with a correct output, and the model learns to map inputs to outputs by minimizing error using a loss function.
Examples include spam detection, image classification, and regression tasks.
Unsupervised Learning:
Unsupervised learning is a type of machine learning where the model is trained on unlabeled data. It identifies hidden patterns, structures, or relationships within the data.
Common techniques include clustering and dimensionality reduction.
Examples include customer segmentation and anomaly detection.
Reinforcement Learning:
Reinforcement learning is a type of machine learning where an agent interacts with an environment and learns by receiving rewards or penalties. The objective is to learn an optimal policy that maximizes cumulative reward over time.
Examples include game playing, robotics, and self-driving systems.
Rubrics for Machine Learning",Excellent (2.5): Defines clearly AND includes key idea (labeled data + prediction/learning) AND example | Good (2): Correct definition but missing either key idea or example | Average (1.5): Partial understanding (only labeled data mentioned) | Poor (1): Incorrect or missing definition
441_c1,1,Unsupervised Learning,2.5,rater2,,441,images/441.png,"Describe Supervised, Unsupervised, and Reinforcement Machine Learning.","Supervised Learning:
Supervised learning is a type of machine learning in which the model is trained using labeled data. Each input is associated with a correct output, and the model learns to map inputs to outputs by minimizing error using a loss function.
Examples include spam detection, image classification, and regression tasks.
Unsupervised Learning:
Unsupervised learning is a type of machine learning where the model is trained on unlabeled data. It identifies hidden patterns, structures, or relationships within the data.
Common techniques include clustering and dimensionality reduction.
Examples include customer segmentation and anomaly detection.
Reinforcement Learning:
Reinforcement learning is a type of machine learning where an agent interacts with an environment and learns by receiving rewards or penalties. The objective is to learn an optimal policy that maximizes cumulative reward over time.
Examples include game playing, robotics, and self-driving systems.
Rubrics for Machine Learning","Excellent (2.5): Clearly states no labels AND mentions pattern discovery (e.g., clustering) with example | Good (2): Correct but lacks example or clarity | Average (1.5): Mentions no labels but no understanding of purpose | Poor (1): Incorrect or missing definition"
441_c2,2,Reinforcement Learning,2.5,rater2,,441,images/441.png,"Describe Supervised, Unsupervised, and Reinforcement Machine Learning.","Supervised Learning:
Supervised learning is a type of machine learning in which the model is trained using labeled data. Each input is associated with a correct output, and the model learns to map inputs to outputs by minimizing error using a loss function.
Examples include spam detection, image classification, and regression tasks.
Unsupervised Learning:
Unsupervised learning is a type of machine learning where the model is trained on unlabeled data. It identifies hidden patterns, structures, or relationships within the data.
Common techniques include clustering and dimensionality reduction.
Examples include customer segmentation and anomaly detection.
Reinforcement Learning:
Reinforcement learning is a type of machine learning where an agent interacts with an environment and learns by receiving rewards or penalties. The objective is to learn an optimal policy that maximizes cumulative reward over time.
Examples include game playing, robotics, and self-driving systems.
Rubrics for Machine Learning","Excellent (2.5): Clearly explains agent, environment, reward mechanism AND goal of maximizing reward | Good (2): Mentions reward-based learning but lacks full explanation | Average (1.5): Partial idea (trial-and-error only) | Poor (1): Incorrect or missing definition"
441_c3,3,"Example, Overall Clarity & Structure",2.5,rater2,,441,images/441.png,"Describe Supervised, Unsupervised, and Reinforcement Machine Learning.","Supervised Learning:
Supervised learning is a type of machine learning in which the model is trained using labeled data. Each input is associated with a correct output, and the model learns to map inputs to outputs by minimizing error using a loss function.
Examples include spam detection, image classification, and regression tasks.
Unsupervised Learning:
Unsupervised learning is a type of machine learning where the model is trained on unlabeled data. It identifies hidden patterns, structures, or relationships within the data.
Common techniques include clustering and dimensionality reduction.
Examples include customer segmentation and anomaly detection.
Reinforcement Learning:
Reinforcement learning is a type of machine learning where an agent interacts with an environment and learns by receiving rewards or penalties. The objective is to learn an optimal policy that maximizes cumulative reward over time.
Examples include game playing, robotics, and self-driving systems.
Rubrics for Machine Learning",Excellent (2.5): All three types clearly distinguished and well-organized | Good (2): Mostly clear but slight confusion between types | Average (1.5): Some mixing of concepts | Poor (1): Poor or unclear explanation
481_c0,0,Definition of Method Overloading,4.0,rater2,,481,images/481.png,Differentiate between method overloading and method overriding (in Java) with examples.,"
Definition of Method Overloading:
 Method overloading occurs when multiple methods in the same class have the same name but different parameter lists (different number, type, or order of parameters). It is an example of compile-time polymorphism because the compiler determines which method will be executed.

Definition of Method Overriding: 
Method overriding occurs when a subclass provides a new implementation of a method already defined in the parent class using the same method signature. It is an example of run-time polymorphism because the method call is resolved during execution.

Comparison:
| Method Overloading                                              | Method Overriding                                              |
| --------------------------------------                         | ----------------------------------------                     |
| Happens within the same class                         | Happens between parent and child classes |
| Same method name, different parameters | Same method name, same parameters        |
| Compile-time polymorphism                            | Run-time polymorphism                                     |
| Inheritance not required                                     | Inheritance required                                             |





Example:

class Area {
    int calculate(int side) {
        return side * side;
    }

    int calculate(int length, int width) {
        return length * width;
    }
}

class Bird {
    void fly() {
        System.out.println(""Bird flies"");
    }
}

class Sparrow extends Bird {
    void fly() {
        System.out.println(""Sparrow flies low"");
    }
}

calculate() is overloaded and fly() is overridden..","Excellent (4): Clearly defines method
 overloading as same
 method name with different
 parameter lists in the same
 class; mentions compile-time 
polymorphism correctly | Good (3): Defines correctly but 
misses one important aspect
(e.g., compile-time polymorphism 
or parameter variation) | Average (2): Partial definition with 
limited clarity | Poor (1): Incorrect or missing definition"
481_c1,1,Definition of Method Overriding,4.0,rater2,,481,images/481.png,Differentiate between method overloading and method overriding (in Java) with examples.,"
Definition of Method Overloading:
 Method overloading occurs when multiple methods in the same class have the same name but different parameter lists (different number, type, or order of parameters). It is an example of compile-time polymorphism because the compiler determines which method will be executed.

Definition of Method Overriding: 
Method overriding occurs when a subclass provides a new implementation of a method already defined in the parent class using the same method signature. It is an example of run-time polymorphism because the method call is resolved during execution.

Comparison:
| Method Overloading                                              | Method Overriding                                              |
| --------------------------------------                         | ----------------------------------------                     |
| Happens within the same class                         | Happens between parent and child classes |
| Same method name, different parameters | Same method name, same parameters        |
| Compile-time polymorphism                            | Run-time polymorphism                                     |
| Inheritance not required                                     | Inheritance required                                             |





Example:

class Area {
    int calculate(int side) {
        return side * side;
    }

    int calculate(int length, int width) {
        return length * width;
    }
}

class Bird {
    void fly() {
        System.out.println(""Bird flies"");
    }
}

class Sparrow extends Bird {
    void fly() {
        System.out.println(""Sparrow flies low"");
    }
}

calculate() is overloaded and fly() is overridden..","Excellent (4): Clearly defines method
 overriding as redefining 
inherited method in child 
class with same signature; 
mentions run-time 
polymorphism correctly | Good (3): Correct definition with
 minor missing point | Average (2): Partial explanation | Poor (1): Incorrect or missing definition"
481_c2,2,Comparision,4.0,rater2,,481,images/481.png,Differentiate between method overloading and method overriding (in Java) with examples.,"
Definition of Method Overloading:
 Method overloading occurs when multiple methods in the same class have the same name but different parameter lists (different number, type, or order of parameters). It is an example of compile-time polymorphism because the compiler determines which method will be executed.

Definition of Method Overriding: 
Method overriding occurs when a subclass provides a new implementation of a method already defined in the parent class using the same method signature. It is an example of run-time polymorphism because the method call is resolved during execution.

Comparison:
| Method Overloading                                              | Method Overriding                                              |
| --------------------------------------                         | ----------------------------------------                     |
| Happens within the same class                         | Happens between parent and child classes |
| Same method name, different parameters | Same method name, same parameters        |
| Compile-time polymorphism                            | Run-time polymorphism                                     |
| Inheritance not required                                     | Inheritance required                                             |





Example:

class Area {
    int calculate(int side) {
        return side * side;
    }

    int calculate(int length, int width) {
        return length * width;
    }
}

class Bird {
    void fly() {
        System.out.println(""Bird flies"");
    }
}

class Sparrow extends Bird {
    void fly() {
        System.out.println(""Sparrow flies low"");
    }
}

calculate() is overloaded and fly() is overridden..","Excellent (4): Clearly identifies at least 
4 major differences: 
class relationship, parameters, 
binding time, inheritance 
requirement | Good (3): Identifies 3 differences 
correctly | Average (2): Identifies 2 differences
 | Poor (1): Very limited or incorrect 
comparison"
481_ex,3,Example / Application,4.0,rater2,,481,images/481.png,Differentiate between method overloading and method overriding (in Java) with examples.,"
Definition of Method Overloading:
 Method overloading occurs when multiple methods in the same class have the same name but different parameter lists (different number, type, or order of parameters). It is an example of compile-time polymorphism because the compiler determines which method will be executed.

Definition of Method Overriding: 
Method overriding occurs when a subclass provides a new implementation of a method already defined in the parent class using the same method signature. It is an example of run-time polymorphism because the method call is resolved during execution.

Comparison:
| Method Overloading                                              | Method Overriding                                              |
| --------------------------------------                         | ----------------------------------------                     |
| Happens within the same class                         | Happens between parent and child classes |
| Same method name, different parameters | Same method name, same parameters        |
| Compile-time polymorphism                            | Run-time polymorphism                                     |
| Inheritance not required                                     | Inheritance required                                             |





Example:

class Area {
    int calculate(int side) {
        return side * side;
    }

    int calculate(int length, int width) {
        return length * width;
    }
}

class Bird {
    void fly() {
        System.out.println(""Bird flies"");
    }
}

class Sparrow extends Bird {
    void fly() {
        System.out.println(""Sparrow flies low"");
    }
}

calculate() is overloaded and fly() is overridden..","Excellent (4): Provides correct and 
complete programming 
example for both overloading
 and overriding with clear 
explanation | Good (3): Example mostly
correct
 with minor error | Average (2): Partial example or 
only one concept shown | Poor (1): No valid example"
144_c0,0,Understanding of normalization and related problems(3),3.0,rater2,,144,images/144.png,"Question 1. In database systems, poor design can lead to data redundancy and update anomalies.","Answer 1: Poor database design leads to data redundancy and update anomalies. Redundancy means storing the same data repeatedly, which increases storage and causes inconsistency. The main anomalies are:

Insertion anomaly: Cannot insert data without adding unrelated information
Deletion anomaly: Deleting a record may remove useful data
Update anomaly: Same data must be updated in multiple rows

Normalization is used to organize data and eliminate these problems.

Normal Forms:

1NF: Ensures atomic values and removes repeating groups
2NF: Removes partial dependency (non-key depends on full primary key)
3NF: Removes transitive dependency (non-key depends only on primary key)

Example:

Unnormalized Table:
StudentID | Course | Instructor | InstructorPhone
1 | DBMS | Rahim | 017XX
1 | AI | Karim | 018XX

Problems: Instructor data is repeated → redundancy and update anomaly.

After Normalization:

StudentCourse:
StudentID | Course

CourseInstructor:
Course | Instructor | InstructorPhone

Now redundancy is minimized and anomalies are removed.
Answer 2:A poorly designed database suffers from redundancy and update anomalies, which reduce data consistency.

Suppose we have a table:
OrderID | CustomerName | CustomerAddress | Product

If a customer places multiple orders, their address is stored repeatedly → data redundancy.

Anomalies:

Insertion anomaly: Cannot add a new customer without an order
Deletion anomaly: Deleting last order removes customer info
Update anomaly: Changing address requires multiple updates

To solve this, we apply normalization.

Normal Forms:

1NF: Removes repeating attributes
2NF: Eliminates partial dependency
3NF: Eliminates transitive dependency

Normalized Tables:

Customer:
CustomerID | Name | Address

Order:
OrderID | CustomerID | Product

Now each fact is stored once, reducing redundancy and eliminating anomalies.
Answer 3: Poor database design causes redundant data storage and anomalies (insertion, deletion, update), leading to inconsistency.

Normalization is a step-by-step process to improve database structure.

Example (Unnormalized Table):
StudentID | StudentName | Course | Instructor | InstructorOffice

Problems:

Instructor details repeated → redundancy
Update anomaly if instructor office changes
Step 1: Convert to 1NF

Ensure atomic values (already satisfied, no repeating groups)

Step 2: Convert to 2NF

Remove partial dependency:

StudentName depends only on StudentID

Student Table:
StudentID | StudentName

Step 3: Convert to 3NF

Remove transitive dependency:

InstructorOffice depends on Instructor

Course Table:
Course | Instructor

Instructor Table:
Instructor | InstructorOffice

Now:

No redundant data
All anomalies removed
Database is well-structured
Rubrics","Excellent (2/3): Clearly explains normalization purpose; correctly identifies redundancy and all anomalies (insertion, deletion, update) with reasoning | Good (0.5-2):  Explains normalization and anomalies but misses depth or one type | Average (0.2-0.5):  Basic idea; anomalies unclear or partially incorrect | Poor (0-0.2):  No clear understanding; mostly incorrect"
144_c1,1,Explanation of normal forms(3),3.0,rater2,,144,images/144.png,"Question 1. In database systems, poor design can lead to data redundancy and update anomalies.","Answer 1: Poor database design leads to data redundancy and update anomalies. Redundancy means storing the same data repeatedly, which increases storage and causes inconsistency. The main anomalies are:

Insertion anomaly: Cannot insert data without adding unrelated information
Deletion anomaly: Deleting a record may remove useful data
Update anomaly: Same data must be updated in multiple rows

Normalization is used to organize data and eliminate these problems.

Normal Forms:

1NF: Ensures atomic values and removes repeating groups
2NF: Removes partial dependency (non-key depends on full primary key)
3NF: Removes transitive dependency (non-key depends only on primary key)

Example:

Unnormalized Table:
StudentID | Course | Instructor | InstructorPhone
1 | DBMS | Rahim | 017XX
1 | AI | Karim | 018XX

Problems: Instructor data is repeated → redundancy and update anomaly.

After Normalization:

StudentCourse:
StudentID | Course

CourseInstructor:
Course | Instructor | InstructorPhone

Now redundancy is minimized and anomalies are removed.
Answer 2:A poorly designed database suffers from redundancy and update anomalies, which reduce data consistency.

Suppose we have a table:
OrderID | CustomerName | CustomerAddress | Product

If a customer places multiple orders, their address is stored repeatedly → data redundancy.

Anomalies:

Insertion anomaly: Cannot add a new customer without an order
Deletion anomaly: Deleting last order removes customer info
Update anomaly: Changing address requires multiple updates

To solve this, we apply normalization.

Normal Forms:

1NF: Removes repeating attributes
2NF: Eliminates partial dependency
3NF: Eliminates transitive dependency

Normalized Tables:

Customer:
CustomerID | Name | Address

Order:
OrderID | CustomerID | Product

Now each fact is stored once, reducing redundancy and eliminating anomalies.
Answer 3: Poor database design causes redundant data storage and anomalies (insertion, deletion, update), leading to inconsistency.

Normalization is a step-by-step process to improve database structure.

Example (Unnormalized Table):
StudentID | StudentName | Course | Instructor | InstructorOffice

Problems:

Instructor details repeated → redundancy
Update anomaly if instructor office changes
Step 1: Convert to 1NF

Ensure atomic values (already satisfied, no repeating groups)

Step 2: Convert to 2NF

Remove partial dependency:

StudentName depends only on StudentID

Student Table:
StudentID | StudentName

Step 3: Convert to 3NF

Remove transitive dependency:

InstructorOffice depends on Instructor

Course Table:
Course | Instructor

Instructor Table:
Instructor | InstructorOffice

Now:

No redundant data
All anomalies removed
Database is well-structured
Rubrics","Excellent (2/3):  Correctly explains 1NF, 2NF, 3NF with conditions and how they remove anomalies | Good (0.5-2):  Explains normal forms with minor mistakes or missing details | Average (0.2-0.5):  Mentions normal forms but incomplete/partially wrong | Poor (0-0.2): Incorrect or missing explanation"
144_c2,2,Use of example(2),2.0,rater2,,144,images/144.png,"Question 1. In database systems, poor design can lead to data redundancy and update anomalies.","Answer 1: Poor database design leads to data redundancy and update anomalies. Redundancy means storing the same data repeatedly, which increases storage and causes inconsistency. The main anomalies are:

Insertion anomaly: Cannot insert data without adding unrelated information
Deletion anomaly: Deleting a record may remove useful data
Update anomaly: Same data must be updated in multiple rows

Normalization is used to organize data and eliminate these problems.

Normal Forms:

1NF: Ensures atomic values and removes repeating groups
2NF: Removes partial dependency (non-key depends on full primary key)
3NF: Removes transitive dependency (non-key depends only on primary key)

Example:

Unnormalized Table:
StudentID | Course | Instructor | InstructorPhone
1 | DBMS | Rahim | 017XX
1 | AI | Karim | 018XX

Problems: Instructor data is repeated → redundancy and update anomaly.

After Normalization:

StudentCourse:
StudentID | Course

CourseInstructor:
Course | Instructor | InstructorPhone

Now redundancy is minimized and anomalies are removed.
Answer 2:A poorly designed database suffers from redundancy and update anomalies, which reduce data consistency.

Suppose we have a table:
OrderID | CustomerName | CustomerAddress | Product

If a customer places multiple orders, their address is stored repeatedly → data redundancy.

Anomalies:

Insertion anomaly: Cannot add a new customer without an order
Deletion anomaly: Deleting last order removes customer info
Update anomaly: Changing address requires multiple updates

To solve this, we apply normalization.

Normal Forms:

1NF: Removes repeating attributes
2NF: Eliminates partial dependency
3NF: Eliminates transitive dependency

Normalized Tables:

Customer:
CustomerID | Name | Address

Order:
OrderID | CustomerID | Product

Now each fact is stored once, reducing redundancy and eliminating anomalies.
Answer 3: Poor database design causes redundant data storage and anomalies (insertion, deletion, update), leading to inconsistency.

Normalization is a step-by-step process to improve database structure.

Example (Unnormalized Table):
StudentID | StudentName | Course | Instructor | InstructorOffice

Problems:

Instructor details repeated → redundancy
Update anomaly if instructor office changes
Step 1: Convert to 1NF

Ensure atomic values (already satisfied, no repeating groups)

Step 2: Convert to 2NF

Remove partial dependency:

StudentName depends only on StudentID

Student Table:
StudentID | StudentName

Step 3: Convert to 3NF

Remove transitive dependency:

InstructorOffice depends on Instructor

Course Table:
Course | Instructor

Instructor Table:
Instructor | InstructorOffice

Now:

No redundant data
All anomalies removed
Database is well-structured
Rubrics",Excellent (2/3):  Clear table/example; shows anomalies and normalization steps correctly | Good (0.5-2):  Relevant example but explanation partially unclear | Average (0.2-0.5):  Example present but weak connection to concept | Poor (0-0.2):  No example or incorrect
144_c3,3,Clear and organized writing(2),2.0,rater2,,144,images/144.png,"Question 1. In database systems, poor design can lead to data redundancy and update anomalies.","Answer 1: Poor database design leads to data redundancy and update anomalies. Redundancy means storing the same data repeatedly, which increases storage and causes inconsistency. The main anomalies are:

Insertion anomaly: Cannot insert data without adding unrelated information
Deletion anomaly: Deleting a record may remove useful data
Update anomaly: Same data must be updated in multiple rows

Normalization is used to organize data and eliminate these problems.

Normal Forms:

1NF: Ensures atomic values and removes repeating groups
2NF: Removes partial dependency (non-key depends on full primary key)
3NF: Removes transitive dependency (non-key depends only on primary key)

Example:

Unnormalized Table:
StudentID | Course | Instructor | InstructorPhone
1 | DBMS | Rahim | 017XX
1 | AI | Karim | 018XX

Problems: Instructor data is repeated → redundancy and update anomaly.

After Normalization:

StudentCourse:
StudentID | Course

CourseInstructor:
Course | Instructor | InstructorPhone

Now redundancy is minimized and anomalies are removed.
Answer 2:A poorly designed database suffers from redundancy and update anomalies, which reduce data consistency.

Suppose we have a table:
OrderID | CustomerName | CustomerAddress | Product

If a customer places multiple orders, their address is stored repeatedly → data redundancy.

Anomalies:

Insertion anomaly: Cannot add a new customer without an order
Deletion anomaly: Deleting last order removes customer info
Update anomaly: Changing address requires multiple updates

To solve this, we apply normalization.

Normal Forms:

1NF: Removes repeating attributes
2NF: Eliminates partial dependency
3NF: Eliminates transitive dependency

Normalized Tables:

Customer:
CustomerID | Name | Address

Order:
OrderID | CustomerID | Product

Now each fact is stored once, reducing redundancy and eliminating anomalies.
Answer 3: Poor database design causes redundant data storage and anomalies (insertion, deletion, update), leading to inconsistency.

Normalization is a step-by-step process to improve database structure.

Example (Unnormalized Table):
StudentID | StudentName | Course | Instructor | InstructorOffice

Problems:

Instructor details repeated → redundancy
Update anomaly if instructor office changes
Step 1: Convert to 1NF

Ensure atomic values (already satisfied, no repeating groups)

Step 2: Convert to 2NF

Remove partial dependency:

StudentName depends only on StudentID

Student Table:
StudentID | StudentName

Step 3: Convert to 3NF

Remove transitive dependency:

InstructorOffice depends on Instructor

Course Table:
Course | Instructor

Instructor Table:
Instructor | InstructorOffice

Now:

No redundant data
All anomalies removed
Database is well-structured
Rubrics","Excellent (2/3):  Very well-structured; clear flow, neat tables/steps | Good (0.5-2):  Generally clear with minor issues | Average (0.2-0.5): Understandable but poorly structured | Poor (0-0.2):  Disorganized and unclear"
18_c0,0,Importance of R² and Variability (eg. 0.85 or 85%) explained by the model,3.0,rater2,,18,images/18.png,"Explain the meaning of R² in regression analysis, interpret values such as R² ≈ 1, R² ≈ 0, and R² < 0, and discuss how Adjusted R² helps in model comparison and addressing overfitting.",Rubrics for Machine Learning,"Excellent (3): Clearly explains R² as proportion of variance explained and Clearly explains multiple roles (model fit, reliability, explanation power) | Good (2): Partial or vague explanation and Explains some importance but lacks depth | Average (1): Basic idea mentioned but lacks clarity | Poor (0): Incorrect or no explanation"
18_c1,1,"Mathematical Expression & Interpretation and Evaluate model performance by               R² ≈ 1 → very good fit 
R² ≈ 0 → poor fit 
R²<0 → model is worse than just using the mean",3.0,rater2,,18,images/18.png,"Explain the meaning of R² in regression analysis, interpret values such as R² ≈ 1, R² ≈ 0, and R² < 0, and discuss how Adjusted R² helps in model comparison and addressing overfitting.",Rubrics for Machine Learning,"Excellent (3): Correct formula and proper interpretation of values (0–1, meaning) | Good (2): Formula or interpretation partially correct | Average (1): Basic idea mentioned with weak understanding | Poor (0): Incorrect or missing answer"
18_c2,2,Critical Insight (Limitations / Adjusted R²) and higher R² strengthens confidence,3.0,rater2,,18,images/18.png,"Explain the meaning of R² in regression analysis, interpret values such as R² ≈ 1, R² ≈ 0, and R² < 0, and discuss how Adjusted R² helps in model comparison and addressing overfitting.",Rubrics for Machine Learning,"Excellent (3): Mentions limitations (e.g., overfitting) or adjusted R² | Good (2): Mentions but not clearly explained | Average (1): Only mentions same key with limited understanding | Poor (0): Incorrect or missing answer"
18_c3,3,Enables comparison between models and overfitting issues,3.0,rater2,,18,images/18.png,"Explain the meaning of R² in regression analysis, interpret values such as R² ≈ 1, R² ≈ 0, and R² < 0, and discuss how Adjusted R² helps in model comparison and addressing overfitting.",Rubrics for Machine Learning,"Excellent (3): Clarity & Organization | Good (2): Well-structured, clear, logical answer | Average (1): Basic idea mentioned with weak understanding | Poor (0): Incorrect auction type or no answer"
479_c0,0,Definition of Method Overloading,4.0,rater2,,479,images/479.png,Differentiate between method overloading and method overriding (in Java) with examples.,"
Definition of Method Overloading:
 Method overloading occurs when multiple methods in the same class have the same name but different parameter lists (different number, type, or order of parameters). It is an example of compile-time polymorphism because the compiler determines which method will be executed.

Definition of Method Overriding: 
Method overriding occurs when a subclass provides a new implementation of a method already defined in the parent class using the same method signature. It is an example of run-time polymorphism because the method call is resolved during execution.

Comparison:
| Method Overloading                                              | Method Overriding                                              |
| --------------------------------------                         | ----------------------------------------                     |
| Happens within the same class                         | Happens between parent and child classes |
| Same method name, different parameters | Same method name, same parameters        |
| Compile-time polymorphism                            | Run-time polymorphism                                     |
| Inheritance not required                                     | Inheritance required                                             |





Example:

class Area {
    int calculate(int side) {
        return side * side;
    }

    int calculate(int length, int width) {
        return length * width;
    }
}

class Bird {
    void fly() {
        System.out.println(""Bird flies"");
    }
}

class Sparrow extends Bird {
    void fly() {
        System.out.println(""Sparrow flies low"");
    }
}

calculate() is overloaded and fly() is overridden..","Excellent (4): Clearly defines method
 overloading as same
 method name with different
 parameter lists in the same
 class; mentions compile-time 
polymorphism correctly | Good (3): Defines correctly but 
misses one important aspect
(e.g., compile-time polymorphism 
or parameter variation) | Average (2): Partial definition with 
limited clarity | Poor (1): Incorrect or missing definition"
479_c1,1,Definition of Method Overriding,4.0,rater2,,479,images/479.png,Differentiate between method overloading and method overriding (in Java) with examples.,"
Definition of Method Overloading:
 Method overloading occurs when multiple methods in the same class have the same name but different parameter lists (different number, type, or order of parameters). It is an example of compile-time polymorphism because the compiler determines which method will be executed.

Definition of Method Overriding: 
Method overriding occurs when a subclass provides a new implementation of a method already defined in the parent class using the same method signature. It is an example of run-time polymorphism because the method call is resolved during execution.

Comparison:
| Method Overloading                                              | Method Overriding                                              |
| --------------------------------------                         | ----------------------------------------                     |
| Happens within the same class                         | Happens between parent and child classes |
| Same method name, different parameters | Same method name, same parameters        |
| Compile-time polymorphism                            | Run-time polymorphism                                     |
| Inheritance not required                                     | Inheritance required                                             |





Example:

class Area {
    int calculate(int side) {
        return side * side;
    }

    int calculate(int length, int width) {
        return length * width;
    }
}

class Bird {
    void fly() {
        System.out.println(""Bird flies"");
    }
}

class Sparrow extends Bird {
    void fly() {
        System.out.println(""Sparrow flies low"");
    }
}

calculate() is overloaded and fly() is overridden..","Excellent (4): Clearly defines method
 overriding as redefining 
inherited method in child 
class with same signature; 
mentions run-time 
polymorphism correctly | Good (3): Correct definition with
 minor missing point | Average (2): Partial explanation | Poor (1): Incorrect or missing definition"
479_c2,2,Comparision,4.0,rater2,,479,images/479.png,Differentiate between method overloading and method overriding (in Java) with examples.,"
Definition of Method Overloading:
 Method overloading occurs when multiple methods in the same class have the same name but different parameter lists (different number, type, or order of parameters). It is an example of compile-time polymorphism because the compiler determines which method will be executed.

Definition of Method Overriding: 
Method overriding occurs when a subclass provides a new implementation of a method already defined in the parent class using the same method signature. It is an example of run-time polymorphism because the method call is resolved during execution.

Comparison:
| Method Overloading                                              | Method Overriding                                              |
| --------------------------------------                         | ----------------------------------------                     |
| Happens within the same class                         | Happens between parent and child classes |
| Same method name, different parameters | Same method name, same parameters        |
| Compile-time polymorphism                            | Run-time polymorphism                                     |
| Inheritance not required                                     | Inheritance required                                             |





Example:

class Area {
    int calculate(int side) {
        return side * side;
    }

    int calculate(int length, int width) {
        return length * width;
    }
}

class Bird {
    void fly() {
        System.out.println(""Bird flies"");
    }
}

class Sparrow extends Bird {
    void fly() {
        System.out.println(""Sparrow flies low"");
    }
}

calculate() is overloaded and fly() is overridden..","Excellent (4): Clearly identifies at least 
4 major differences: 
class relationship, parameters, 
binding time, inheritance 
requirement | Good (3): Identifies 3 differences 
correctly | Average (2): Identifies 2 differences
 | Poor (1): Very limited or incorrect 
comparison"
479_ex,3,Example / Application,4.0,rater2,,479,images/479.png,Differentiate between method overloading and method overriding (in Java) with examples.,"
Definition of Method Overloading:
 Method overloading occurs when multiple methods in the same class have the same name but different parameter lists (different number, type, or order of parameters). It is an example of compile-time polymorphism because the compiler determines which method will be executed.

Definition of Method Overriding: 
Method overriding occurs when a subclass provides a new implementation of a method already defined in the parent class using the same method signature. It is an example of run-time polymorphism because the method call is resolved during execution.

Comparison:
| Method Overloading                                              | Method Overriding                                              |
| --------------------------------------                         | ----------------------------------------                     |
| Happens within the same class                         | Happens between parent and child classes |
| Same method name, different parameters | Same method name, same parameters        |
| Compile-time polymorphism                            | Run-time polymorphism                                     |
| Inheritance not required                                     | Inheritance required                                             |





Example:

class Area {
    int calculate(int side) {
        return side * side;
    }

    int calculate(int length, int width) {
        return length * width;
    }
}

class Bird {
    void fly() {
        System.out.println(""Bird flies"");
    }
}

class Sparrow extends Bird {
    void fly() {
        System.out.println(""Sparrow flies low"");
    }
}

calculate() is overloaded and fly() is overridden..","Excellent (4): Provides correct and 
complete programming 
example for both overloading
 and overriding with clear 
explanation | Good (3): Example mostly
correct
 with minor error | Average (2): Partial example or 
only one concept shown | Poor (1): No valid example"
400_c0,0,Understanding of Concept,4.0,rater2,,400,images/400.png,"Question 1. You are given the following values: 12, -5.4, 10000, 3.14, 0, 87, -200, 45.6, 999, 1.2. Choose the most efficient among Counting Sort, Radix Sort, or Bucket Sort for this dataset. Justify your selection and state the time and space complexity of all three algorithms.
2. A directed weighted graph is given below. Determine whether the graph contains a negative cycle using a step-by-step solution. Graph (text form): Vertices = {A, B, C, D}; Edges = A→B (4), B→C (-6), C→D (2), D→B (1), A→D (5).
3. You are given coin denominations: 1, 3, 4, 5. Find the minimum number of coins required to make 10 taka. Show the DP table and derive the final answer.","Answer 1: Bucket Sort is the most efficient for this dataset because it contains floating-point numbers and a wide range of values including negatives. Counting Sort is not suitable due to large range and non-integers, and Radix Sort is inefficient for floating-point values. Time Complexity: Counting Sort = O(n + k), Space = O(k); Radix Sort = O(d(n + k)), Space = O(n + k); Bucket Sort = O(n + k) average, worst O(n²), Space = O(n + k). Therefore, Bucket Sort is preferred.
Answer 2: Using Bellman-Ford algorithm: Step 1 initialize distances (A=0, others=∞). Step 2 relax edges repeatedly: A→B (4), B→C (-6), C→D (2), D→B (1). After V-1 iterations, distances keep decreasing due to cycle B→C→D→B with total weight (-6 + 2 + 1 = -3). Step 3 one more relaxation still reduces distance, confirming a negative cycle exists. Therefore, the graph contains a negative cycle.
Answer 3: Using Dynamic Programming: Let dp[x] = minimum coins to make x. Initialize dp[0]=0. Fill table up to 10: dp[1]=1, dp[2]=2, dp[3]=1, dp[4]=1, dp[5]=1, dp[6]=2, dp[7]=2, dp[8]=2, dp[9]=2, dp[10]=2. Minimum coins for 10 = 2 (5+5 or 4+3+3 is larger). Final answer: 2 coins.
Rubrics",Excellent (4): Fully correct and clearly demonstrates the concept | Good (3): Mostly correct with minor issues | Average (2): Partial understanding | Poor (1): Shows little understanding; answer mostly incorrect
400_c1,1,Step-by-Step Procedure,4.0,rater2,,400,images/400.png,"Question 1. You are given the following values: 12, -5.4, 10000, 3.14, 0, 87, -200, 45.6, 999, 1.2. Choose the most efficient among Counting Sort, Radix Sort, or Bucket Sort for this dataset. Justify your selection and state the time and space complexity of all three algorithms.
2. A directed weighted graph is given below. Determine whether the graph contains a negative cycle using a step-by-step solution. Graph (text form): Vertices = {A, B, C, D}; Edges = A→B (4), B→C (-6), C→D (2), D→B (1), A→D (5).
3. You are given coin denominations: 1, 3, 4, 5. Find the minimum number of coins required to make 10 taka. Show the DP table and derive the final answer.","Answer 1: Bucket Sort is the most efficient for this dataset because it contains floating-point numbers and a wide range of values including negatives. Counting Sort is not suitable due to large range and non-integers, and Radix Sort is inefficient for floating-point values. Time Complexity: Counting Sort = O(n + k), Space = O(k); Radix Sort = O(d(n + k)), Space = O(n + k); Bucket Sort = O(n + k) average, worst O(n²), Space = O(n + k). Therefore, Bucket Sort is preferred.
Answer 2: Using Bellman-Ford algorithm: Step 1 initialize distances (A=0, others=∞). Step 2 relax edges repeatedly: A→B (4), B→C (-6), C→D (2), D→B (1). After V-1 iterations, distances keep decreasing due to cycle B→C→D→B with total weight (-6 + 2 + 1 = -3). Step 3 one more relaxation still reduces distance, confirming a negative cycle exists. Therefore, the graph contains a negative cycle.
Answer 3: Using Dynamic Programming: Let dp[x] = minimum coins to make x. Initialize dp[0]=0. Fill table up to 10: dp[1]=1, dp[2]=2, dp[3]=1, dp[4]=1, dp[5]=1, dp[6]=2, dp[7]=2, dp[8]=2, dp[9]=2, dp[10]=2. Minimum coins for 10 = 2 (5+5 or 4+3+3 is larger). Final answer: 2 coins.
Rubrics",Excellent (4): All steps clearly shown and well structured | Good (3): Mostly correct steps | Average (2): Few correct steps | Poor (1): Missing or wrong steps
400_c2,2,Accuracy of Final Answer,4.0,rater2,,400,images/400.png,"Question 1. You are given the following values: 12, -5.4, 10000, 3.14, 0, 87, -200, 45.6, 999, 1.2. Choose the most efficient among Counting Sort, Radix Sort, or Bucket Sort for this dataset. Justify your selection and state the time and space complexity of all three algorithms.
2. A directed weighted graph is given below. Determine whether the graph contains a negative cycle using a step-by-step solution. Graph (text form): Vertices = {A, B, C, D}; Edges = A→B (4), B→C (-6), C→D (2), D→B (1), A→D (5).
3. You are given coin denominations: 1, 3, 4, 5. Find the minimum number of coins required to make 10 taka. Show the DP table and derive the final answer.","Answer 1: Bucket Sort is the most efficient for this dataset because it contains floating-point numbers and a wide range of values including negatives. Counting Sort is not suitable due to large range and non-integers, and Radix Sort is inefficient for floating-point values. Time Complexity: Counting Sort = O(n + k), Space = O(k); Radix Sort = O(d(n + k)), Space = O(n + k); Bucket Sort = O(n + k) average, worst O(n²), Space = O(n + k). Therefore, Bucket Sort is preferred.
Answer 2: Using Bellman-Ford algorithm: Step 1 initialize distances (A=0, others=∞). Step 2 relax edges repeatedly: A→B (4), B→C (-6), C→D (2), D→B (1). After V-1 iterations, distances keep decreasing due to cycle B→C→D→B with total weight (-6 + 2 + 1 = -3). Step 3 one more relaxation still reduces distance, confirming a negative cycle exists. Therefore, the graph contains a negative cycle.
Answer 3: Using Dynamic Programming: Let dp[x] = minimum coins to make x. Initialize dp[0]=0. Fill table up to 10: dp[1]=1, dp[2]=2, dp[3]=1, dp[4]=1, dp[5]=1, dp[6]=2, dp[7]=2, dp[8]=2, dp[9]=2, dp[10]=2. Minimum coins for 10 = 2 (5+5 or 4+3+3 is larger). Final answer: 2 coins.
Rubrics",Excellent (4): Fully accurate and justified | Good (3): Mostly correct | Average (2): Partially correct | Poor (1): Wrong result
400_c3,3,Clarity & Presentation,4.0,rater2,,400,images/400.png,"Question 1. You are given the following values: 12, -5.4, 10000, 3.14, 0, 87, -200, 45.6, 999, 1.2. Choose the most efficient among Counting Sort, Radix Sort, or Bucket Sort for this dataset. Justify your selection and state the time and space complexity of all three algorithms.
2. A directed weighted graph is given below. Determine whether the graph contains a negative cycle using a step-by-step solution. Graph (text form): Vertices = {A, B, C, D}; Edges = A→B (4), B→C (-6), C→D (2), D→B (1), A→D (5).
3. You are given coin denominations: 1, 3, 4, 5. Find the minimum number of coins required to make 10 taka. Show the DP table and derive the final answer.","Answer 1: Bucket Sort is the most efficient for this dataset because it contains floating-point numbers and a wide range of values including negatives. Counting Sort is not suitable due to large range and non-integers, and Radix Sort is inefficient for floating-point values. Time Complexity: Counting Sort = O(n + k), Space = O(k); Radix Sort = O(d(n + k)), Space = O(n + k); Bucket Sort = O(n + k) average, worst O(n²), Space = O(n + k). Therefore, Bucket Sort is preferred.
Answer 2: Using Bellman-Ford algorithm: Step 1 initialize distances (A=0, others=∞). Step 2 relax edges repeatedly: A→B (4), B→C (-6), C→D (2), D→B (1). After V-1 iterations, distances keep decreasing due to cycle B→C→D→B with total weight (-6 + 2 + 1 = -3). Step 3 one more relaxation still reduces distance, confirming a negative cycle exists. Therefore, the graph contains a negative cycle.
Answer 3: Using Dynamic Programming: Let dp[x] = minimum coins to make x. Initialize dp[0]=0. Fill table up to 10: dp[1]=1, dp[2]=2, dp[3]=1, dp[4]=1, dp[5]=1, dp[6]=2, dp[7]=2, dp[8]=2, dp[9]=2, dp[10]=2. Minimum coins for 10 = 2 (5+5 or 4+3+3 is larger). Final answer: 2 coins.
Rubrics","Excellent (4): Very clear, neat diagrams/tables, strong justification | Good (3): Clear explanation | Average (2): Understandable but not neat | Poor (1): Poorly organized"
216_c0,0,Identification of Layers (2 Marks),2.0,rater2,,216,images/216.png,Q19: describe the 7 layers of OSI model (10 Marks),"The OSI (Open Systems Interconnection) model is a conceptual framework that divides network communication into seven layers, each responsible for a specific function. This layered approach helps in understanding, designing, and troubleshooting network systems.
OSI Model Diagram
+---------------------+
| 7. Application      |
+---------------------+
| 6. Presentation     |
+---------------------+
| 5. Session          |
+---------------------+
| 4. Transport        |
+---------------------+
| 3. Network          |
+---------------------+
| 2. Data Link        |
+---------------------+
| 1. Physical         |
+---------------------+
1. Physical Layer
The Physical layer is responsible for transmitting raw bits over a physical medium. It deals with hardware components such as cables, connectors, and electrical signals, ensuring that data is physically sent from one device to another.

2. Data Link Layer
The Data Link layer ensures reliable communication between directly connected devices by organizing data into frames and performing error detection. It also uses MAC addresses to identify devices within the same network.

3. Network Layer
The Network layer handles logical addressing and routing, determining the best path for data packets to travel from the source to the destination across multiple networks. Protocols such as IP operate at this layer.

4. Transport Layer
The Transport layer provides reliable data transfer through segmentation, flow control, and error recovery. It uses protocols like TCP for reliable communication and UDP for faster, connectionless transmission.

5. Session Layer
The Session layer is responsible for establishing, managing, and terminating communication sessions between applications. It maintains synchronization and controls the dialog during data exchange.

6. Presentation Layer
The Presentation layer focuses on data representation by translating, encrypting, and compressing data so that it can be properly understood by the receiving system. Technologies such as SSL/TLS operate at this level.

7. Application Layer
The Application layer is the topmost layer and provides network services directly to end users and applications. It enables interaction with the network through protocols such as HTTP, FTP, and SMTP.
Rubrics","Excellent: All 7 layers listed in correct order (2.0) | Good: 5–6 correct, minor order issue (1.5) | Average: 3–4 correct (1.0) | Poor: ≤2 or incorrect (0–0.5)"
216_c1,1,Explanation of Layers with diagram (4 Marks),4.0,rater2,,216,images/216.png,Q19: describe the 7 layers of OSI model (10 Marks),"The OSI (Open Systems Interconnection) model is a conceptual framework that divides network communication into seven layers, each responsible for a specific function. This layered approach helps in understanding, designing, and troubleshooting network systems.
OSI Model Diagram
+---------------------+
| 7. Application      |
+---------------------+
| 6. Presentation     |
+---------------------+
| 5. Session          |
+---------------------+
| 4. Transport        |
+---------------------+
| 3. Network          |
+---------------------+
| 2. Data Link        |
+---------------------+
| 1. Physical         |
+---------------------+
1. Physical Layer
The Physical layer is responsible for transmitting raw bits over a physical medium. It deals with hardware components such as cables, connectors, and electrical signals, ensuring that data is physically sent from one device to another.

2. Data Link Layer
The Data Link layer ensures reliable communication between directly connected devices by organizing data into frames and performing error detection. It also uses MAC addresses to identify devices within the same network.

3. Network Layer
The Network layer handles logical addressing and routing, determining the best path for data packets to travel from the source to the destination across multiple networks. Protocols such as IP operate at this layer.

4. Transport Layer
The Transport layer provides reliable data transfer through segmentation, flow control, and error recovery. It uses protocols like TCP for reliable communication and UDP for faster, connectionless transmission.

5. Session Layer
The Session layer is responsible for establishing, managing, and terminating communication sessions between applications. It maintains synchronization and controls the dialog during data exchange.

6. Presentation Layer
The Presentation layer focuses on data representation by translating, encrypting, and compressing data so that it can be properly understood by the receiving system. Technologies such as SSL/TLS operate at this level.

7. Application Layer
The Application layer is the topmost layer and provides network services directly to end users and applications. It enables interaction with the network through protocols such as HTTP, FTP, and SMTP.
Rubrics",Excellent: Accurate explanation of all 7 layers with full diagram (4.0) | Good: Most layers explained correctly and no/partial diagram (3.0) | Average: Partial explanation and no  diagram (2.0) | Poor: Incorrect or missing diagram or explaination (0-1.0)
216_c2,2,Technical Accuracy (2 Marks),2.0,rater2,,216,images/216.png,Q19: describe the 7 layers of OSI model (10 Marks),"The OSI (Open Systems Interconnection) model is a conceptual framework that divides network communication into seven layers, each responsible for a specific function. This layered approach helps in understanding, designing, and troubleshooting network systems.
OSI Model Diagram
+---------------------+
| 7. Application      |
+---------------------+
| 6. Presentation     |
+---------------------+
| 5. Session          |
+---------------------+
| 4. Transport        |
+---------------------+
| 3. Network          |
+---------------------+
| 2. Data Link        |
+---------------------+
| 1. Physical         |
+---------------------+
1. Physical Layer
The Physical layer is responsible for transmitting raw bits over a physical medium. It deals with hardware components such as cables, connectors, and electrical signals, ensuring that data is physically sent from one device to another.

2. Data Link Layer
The Data Link layer ensures reliable communication between directly connected devices by organizing data into frames and performing error detection. It also uses MAC addresses to identify devices within the same network.

3. Network Layer
The Network layer handles logical addressing and routing, determining the best path for data packets to travel from the source to the destination across multiple networks. Protocols such as IP operate at this layer.

4. Transport Layer
The Transport layer provides reliable data transfer through segmentation, flow control, and error recovery. It uses protocols like TCP for reliable communication and UDP for faster, connectionless transmission.

5. Session Layer
The Session layer is responsible for establishing, managing, and terminating communication sessions between applications. It maintains synchronization and controls the dialog during data exchange.

6. Presentation Layer
The Presentation layer focuses on data representation by translating, encrypting, and compressing data so that it can be properly understood by the receiving system. Technologies such as SSL/TLS operate at this level.

7. Application Layer
The Application layer is the topmost layer and provides network services directly to end users and applications. It enables interaction with the network through protocols such as HTTP, FTP, and SMTP.
Rubrics",Excellent: Correct terminology used consistently (2.0) | Good: Minor mistakes (1.5) | Average: Limited technical terms (1.0) | Poor: Incorrect terminology (0-0.5)
216_c3,3,Examples/Protocols(1 Mark),1.0,rater2,,216,images/216.png,Q19: describe the 7 layers of OSI model (10 Marks),"The OSI (Open Systems Interconnection) model is a conceptual framework that divides network communication into seven layers, each responsible for a specific function. This layered approach helps in understanding, designing, and troubleshooting network systems.
OSI Model Diagram
+---------------------+
| 7. Application      |
+---------------------+
| 6. Presentation     |
+---------------------+
| 5. Session          |
+---------------------+
| 4. Transport        |
+---------------------+
| 3. Network          |
+---------------------+
| 2. Data Link        |
+---------------------+
| 1. Physical         |
+---------------------+
1. Physical Layer
The Physical layer is responsible for transmitting raw bits over a physical medium. It deals with hardware components such as cables, connectors, and electrical signals, ensuring that data is physically sent from one device to another.

2. Data Link Layer
The Data Link layer ensures reliable communication between directly connected devices by organizing data into frames and performing error detection. It also uses MAC addresses to identify devices within the same network.

3. Network Layer
The Network layer handles logical addressing and routing, determining the best path for data packets to travel from the source to the destination across multiple networks. Protocols such as IP operate at this layer.

4. Transport Layer
The Transport layer provides reliable data transfer through segmentation, flow control, and error recovery. It uses protocols like TCP for reliable communication and UDP for faster, connectionless transmission.

5. Session Layer
The Session layer is responsible for establishing, managing, and terminating communication sessions between applications. It maintains synchronization and controls the dialog during data exchange.

6. Presentation Layer
The Presentation layer focuses on data representation by translating, encrypting, and compressing data so that it can be properly understood by the receiving system. Technologies such as SSL/TLS operate at this level.

7. Application Layer
The Application layer is the topmost layer and provides network services directly to end users and applications. It enables interaction with the network through protocols such as HTTP, FTP, and SMTP.
Rubrics",Excellent: Relevant examples for multiple layers (1.0) | Good: Some examples (0.5–0.75) | Average: Very Few Examples (0.25) | Poor: No examples (0)
216_c4,4,Clarity & Organization (1 Mark),1.0,rater2,,216,images/216.png,Q19: describe the 7 layers of OSI model (10 Marks),"The OSI (Open Systems Interconnection) model is a conceptual framework that divides network communication into seven layers, each responsible for a specific function. This layered approach helps in understanding, designing, and troubleshooting network systems.
OSI Model Diagram
+---------------------+
| 7. Application      |
+---------------------+
| 6. Presentation     |
+---------------------+
| 5. Session          |
+---------------------+
| 4. Transport        |
+---------------------+
| 3. Network          |
+---------------------+
| 2. Data Link        |
+---------------------+
| 1. Physical         |
+---------------------+
1. Physical Layer
The Physical layer is responsible for transmitting raw bits over a physical medium. It deals with hardware components such as cables, connectors, and electrical signals, ensuring that data is physically sent from one device to another.

2. Data Link Layer
The Data Link layer ensures reliable communication between directly connected devices by organizing data into frames and performing error detection. It also uses MAC addresses to identify devices within the same network.

3. Network Layer
The Network layer handles logical addressing and routing, determining the best path for data packets to travel from the source to the destination across multiple networks. Protocols such as IP operate at this layer.

4. Transport Layer
The Transport layer provides reliable data transfer through segmentation, flow control, and error recovery. It uses protocols like TCP for reliable communication and UDP for faster, connectionless transmission.

5. Session Layer
The Session layer is responsible for establishing, managing, and terminating communication sessions between applications. It maintains synchronization and controls the dialog during data exchange.

6. Presentation Layer
The Presentation layer focuses on data representation by translating, encrypting, and compressing data so that it can be properly understood by the receiving system. Technologies such as SSL/TLS operate at this level.

7. Application Layer
The Application layer is the topmost layer and provides network services directly to end users and applications. It enables interaction with the network through protocols such as HTTP, FTP, and SMTP.
Rubrics","Excellent: Very clear, neat diagrams/tables, strong justification (1.0) | Good: Clear explanation (0.75) | Average: Understandable but not neat (0.5) | Poor: Poorly organized (0-0.25)"
39_c0,0,Definition of Quantization,2.5,rater2,,39,images/39.png,What is the purpose of quantization in image processing? Describe the role of the Max-Lloyd algorithm in minimizing distortion.,"Definition / Purpose of Quantization:
Quantization is the process of converting a continuous range of pixel intensity values into a finite number of discrete levels. It is a fundamental step in digital image processing.
Purpose of Quantization:
The main purposes of quantization are:

Data Reduction: It reduces the number of bits required to store image data by limiting intensity levels.
Image Compression: It plays a key role in compression techniques such as JPEG by reducing redundancy.
Simplification: It simplifies image processing and analysis by reducing the range of pixel values.
Role of Max-Lloyd Algorithm

The Max-Lloyd algorithm is an iterative optimization technique used to design an efficient quantizer by minimizing distortion, typically measured using Mean Squared Error (MSE).
It improves quantization by adapting the quantization levels based on the statistical distribution of image data.
Role of Max-Lloyd Algorithm:
The Max-Lloyd algorithm is an optimization technique used to design an efficient quantizer by minimizing distortion, typically measured using Mean Squared Error (MSE). it is used to minimize quantization error (Mean Squared Error). It optimizes quantization levels based on data distribution using:
             1. Boundary Condition: Decision boundaries are midpoints between levels
             2. Centroid Condition: Each level equals the mean of assigned values
This iterative optimization reduces distortion and improves representation accuracy.
Rubrics for Digital Image Processing ","Excellent (2.5): Clearly defines quantization as mapping continuous values to discrete levels AND mentions image/pixel context | Good (2): Defines quantization correctly but lacks context (e.g., image or pixels not mentioned) | Average (1.5): Mentions discretization but unclear or partially incorrect | Poor (1): No definition OR completely incorrect concept"
39_c1,1,Purpose of Quantization,2.5,rater2,,39,images/39.png,What is the purpose of quantization in image processing? Describe the role of the Max-Lloyd algorithm in minimizing distortion.,"Definition / Purpose of Quantization:
Quantization is the process of converting a continuous range of pixel intensity values into a finite number of discrete levels. It is a fundamental step in digital image processing.
Purpose of Quantization:
The main purposes of quantization are:

Data Reduction: It reduces the number of bits required to store image data by limiting intensity levels.
Image Compression: It plays a key role in compression techniques such as JPEG by reducing redundancy.
Simplification: It simplifies image processing and analysis by reducing the range of pixel values.
Role of Max-Lloyd Algorithm

The Max-Lloyd algorithm is an iterative optimization technique used to design an efficient quantizer by minimizing distortion, typically measured using Mean Squared Error (MSE).
It improves quantization by adapting the quantization levels based on the statistical distribution of image data.
Role of Max-Lloyd Algorithm:
The Max-Lloyd algorithm is an optimization technique used to design an efficient quantizer by minimizing distortion, typically measured using Mean Squared Error (MSE). it is used to minimize quantization error (Mean Squared Error). It optimizes quantization levels based on data distribution using:
             1. Boundary Condition: Decision boundaries are midpoints between levels
             2. Centroid Condition: Each level equals the mean of assigned values
This iterative optimization reduces distortion and improves representation accuracy.
Rubrics for Digital Image Processing ","Excellent (2.5): Mentions at least 2–3 correct purposes (compression, storage reduction, simplification) with explanation | Good (2): Mentions 1–2 correct purposes but limited explanation | Average (1.5): Few purposes mentioned with limited understanding | Poor (1): No valid purpose stated"
39_c2,2,Max-Lloyd Algorithm Explanation,2.5,rater2,,39,images/39.png,What is the purpose of quantization in image processing? Describe the role of the Max-Lloyd algorithm in minimizing distortion.,"Definition / Purpose of Quantization:
Quantization is the process of converting a continuous range of pixel intensity values into a finite number of discrete levels. It is a fundamental step in digital image processing.
Purpose of Quantization:
The main purposes of quantization are:

Data Reduction: It reduces the number of bits required to store image data by limiting intensity levels.
Image Compression: It plays a key role in compression techniques such as JPEG by reducing redundancy.
Simplification: It simplifies image processing and analysis by reducing the range of pixel values.
Role of Max-Lloyd Algorithm

The Max-Lloyd algorithm is an iterative optimization technique used to design an efficient quantizer by minimizing distortion, typically measured using Mean Squared Error (MSE).
It improves quantization by adapting the quantization levels based on the statistical distribution of image data.
Role of Max-Lloyd Algorithm:
The Max-Lloyd algorithm is an optimization technique used to design an efficient quantizer by minimizing distortion, typically measured using Mean Squared Error (MSE). it is used to minimize quantization error (Mean Squared Error). It optimizes quantization levels based on data distribution using:
             1. Boundary Condition: Decision boundaries are midpoints between levels
             2. Centroid Condition: Each level equals the mean of assigned values
This iterative optimization reduces distortion and improves representation accuracy.
Rubrics for Digital Image Processing ",Excellent (2.5): Clearly explains optimization goal (minimizing distortion/MSE) AND adaptive level selection | Good (2): Mentions algorithm and distortion but lacks clarity on how it works | Average (1.5): Mentions algorithm name only OR unclear explanation | Poor (1): Not mentioned or incorrect
39_c3,3,Boundary & Centroid Conditions,2.5,rater2,,39,images/39.png,What is the purpose of quantization in image processing? Describe the role of the Max-Lloyd algorithm in minimizing distortion.,"Definition / Purpose of Quantization:
Quantization is the process of converting a continuous range of pixel intensity values into a finite number of discrete levels. It is a fundamental step in digital image processing.
Purpose of Quantization:
The main purposes of quantization are:

Data Reduction: It reduces the number of bits required to store image data by limiting intensity levels.
Image Compression: It plays a key role in compression techniques such as JPEG by reducing redundancy.
Simplification: It simplifies image processing and analysis by reducing the range of pixel values.
Role of Max-Lloyd Algorithm

The Max-Lloyd algorithm is an iterative optimization technique used to design an efficient quantizer by minimizing distortion, typically measured using Mean Squared Error (MSE).
It improves quantization by adapting the quantization levels based on the statistical distribution of image data.
Role of Max-Lloyd Algorithm:
The Max-Lloyd algorithm is an optimization technique used to design an efficient quantizer by minimizing distortion, typically measured using Mean Squared Error (MSE). it is used to minimize quantization error (Mean Squared Error). It optimizes quantization levels based on data distribution using:
             1. Boundary Condition: Decision boundaries are midpoints between levels
             2. Centroid Condition: Each level equals the mean of assigned values
This iterative optimization reduces distortion and improves representation accuracy.
Rubrics for Digital Image Processing ",Excellent (2.5): Clearly explains BOTH conditions with correct meaning | Good (2): Explains only one condition correctly | Average (1.5): Mentions both but incorrectly or vaguely | Poor (1): Not mentioned
122_c0,0,Defintion of climate and weather,2.0,rater2,,122,images/122.png,"1. What do you mean by climate and weather?  2. Mention the climate variables. 3. Increased water temperature altered hemato-biochemical parameters in rohu, explain.","1. Definition of climate and weather: Climate: Climate is defined as an area's long-term weather patterns. The simplest way to describe climate is to look at average temperature and precipitation over time. It takes a long time to change.  Weather: Weather is the state of the atmosphere at a particular place during a short period of time. It can change within a short period of time, like minutes or hours.
2. Climate variables: Climate variable can be cassified into three categories such as physical, chemical, and biological. Some climate variables that are measured as follows:
3. Hemato-biochemical changes in rohu due to an increase of temparature  In rohu (Labeo rohita), increased water temperature causes thermal stress, which changes  normal blood and biochemical conditions. Usually, hemoglobin, RBC, glucose may rise at first because the fish needs more oxygen and energy to cope with stress,  while total protein and some ions may decrease due to disturbed metabolism and osmotic  imbalance.  Erythrocytic cellular abnormalities (ECA), erythrocytic nuclear abnormalities (ENA) may may also rise due to elevated temparature.  So, higher temperature alters hemato-biochemical parameters by affecting the  fish’s respiration, metabolism, and stress response.
Rubrics","Excellent (2): Clear concept with correct spelling and sentence structure | Good (1.75): Clear concept but average sentence structure and spelling | Average (1.25-1.5): Incomplete definition, with one correct definition but the rest incorrect. | Poor (=<1): Incomplete definition of both along with poor sentence structure"
122_c1,1,Name of the climate variables,2.0,rater2,,122,images/122.png,"1. What do you mean by climate and weather?  2. Mention the climate variables. 3. Increased water temperature altered hemato-biochemical parameters in rohu, explain.","1. Definition of climate and weather: Climate: Climate is defined as an area's long-term weather patterns. The simplest way to describe climate is to look at average temperature and precipitation over time. It takes a long time to change.  Weather: Weather is the state of the atmosphere at a particular place during a short period of time. It can change within a short period of time, like minutes or hours.
2. Climate variables: Climate variable can be cassified into three categories such as physical, chemical, and biological. Some climate variables that are measured as follows:
3. Hemato-biochemical changes in rohu due to an increase of temparature  In rohu (Labeo rohita), increased water temperature causes thermal stress, which changes  normal blood and biochemical conditions. Usually, hemoglobin, RBC, glucose may rise at first because the fish needs more oxygen and energy to cope with stress,  while total protein and some ions may decrease due to disturbed metabolism and osmotic  imbalance.  Erythrocytic cellular abnormalities (ECA), erythrocytic nuclear abnormalities (ENA) may may also rise due to elevated temparature.  So, higher temperature alters hemato-biochemical parameters by affecting the  fish’s respiration, metabolism, and stress response.
Rubrics","Excellent (2): Mention all the 6 variables correctly | Good (1.75): Mention 4 or 5 variables correctly | Average (1.25-1.5): Mention 3 or 4 variables correctly  | Poor (=<1): Mention 1 or 2 variables, or answer irrelevant variables"
122_c2,2,Hemato-biochemical changes in rohu due to an increase of temparature,2.0,rater2,,122,images/122.png,"1. What do you mean by climate and weather?  2. Mention the climate variables. 3. Increased water temperature altered hemato-biochemical parameters in rohu, explain.","1. Definition of climate and weather: Climate: Climate is defined as an area's long-term weather patterns. The simplest way to describe climate is to look at average temperature and precipitation over time. It takes a long time to change.  Weather: Weather is the state of the atmosphere at a particular place during a short period of time. It can change within a short period of time, like minutes or hours.
2. Climate variables: Climate variable can be cassified into three categories such as physical, chemical, and biological. Some climate variables that are measured as follows:
3. Hemato-biochemical changes in rohu due to an increase of temparature  In rohu (Labeo rohita), increased water temperature causes thermal stress, which changes  normal blood and biochemical conditions. Usually, hemoglobin, RBC, glucose may rise at first because the fish needs more oxygen and energy to cope with stress,  while total protein and some ions may decrease due to disturbed metabolism and osmotic  imbalance.  Erythrocytic cellular abnormalities (ECA), erythrocytic nuclear abnormalities (ENA) may may also rise due to elevated temparature.  So, higher temperature alters hemato-biochemical parameters by affecting the  fish’s respiration, metabolism, and stress response.
Rubrics","Excellent (2): Briefly describes the scientific process and altered parameters in an orderly manner | Good (1.75): Mentions the altered parameters properly, but does not mention the reasons | Average (1.25-1.5):  Mention 1 or 2  parameters properly and does not explain the cause also | Poor (=<1): Mention incomplete and irrelevant data"
205_c0,0,Understanding of schema and instance (2),2.0,rater2,,205,images/205.png,"Define schema and instance in a database system.

Then, explain the following types of keys with suitable examples:
- Super Key
- Candidate Key
- Primary Key
- Unique Key
- Composite Key

Finally, consider the relation:
Student(SID, Name, Email, Phone)

Assume:
- Each student has a unique SID
- Email is also unique
- Multiple students may have the same name

Identify all possible keys for this relation and briefly justify your answer.","Answer 1: Schema and Instance

A schema is the logical structure of a database that defines tables, attributes, and relationships. It is stable and does not change frequently.
An instance is the actual data stored in the database at a specific moment in time.

Example:
Schema: Student(SID, Name, Email, Phone)
Instance: (1, Rahim, rahim@gmail.com
, 017xxx)

Types of Keys
Super Key: Any set of attributes that uniquely identifies a record.
Example: {SID}, {Email}, {SID, Name}
Candidate Key: Minimal super key (no redundant attribute).
Example: {SID}, {Email}
Primary Key: Selected candidate key used to uniquely identify records.
Example: SID
Unique Key: Ensures uniqueness but may allow NULL values.
Example: Email
Composite Key: A key made using more than one attribute.
Example: (SID, Phone) in some cases
Given Relation: Student(SID, Name, Email, Phone)
Candidate Keys: SID, Email (both are unique)
Super Keys: Any combination containing SID or Email
Example: {SID}, {Email}, {SID, Name}, {Email, Phone}
Primary Key: SID (assumed)
Unique Key: Email
Composite Key: Not required here since single attributes are already unique

Answer 2: Schema vs Instance

Schema defines the structure of a database (tables, attributes, constraints). It is like a blueprint.
Instance is the actual data stored in the database at a specific time.

Example:
Schema: Student(SID, Name, Email, Phone)
Instance: (101, Karim, karim@gmail.com
, 018xxx)

Types of Keys
Super Key: A set of attributes that can uniquely identify a tuple.
Example: SID or (SID, Name)
Candidate Key: A minimal version of super key with no extra attribute.
Example: SID, Email
Primary Key: Chosen candidate key for identification.
Example: SID
Unique Key: Ensures all values are unique (can be multiple per table).
Example: Email
Composite Key: A key formed by combining multiple attributes.
Example: (SID, Name) if needed
Keys in Given Relation

Student(SID, Name, Email, Phone)

SID → unique → candidate key
Email → unique → candidate key
Name → not unique
Phone → not unique

✔ Candidate Keys: SID, Email
✔ Primary Key: SID
✔ Super Keys: Any set containing SID or Email
✔ Unique Key: Email
Answer 3: Schema and Instance

A schema represents the structure of the database including table design and attributes.
An instance represents the current set of data stored in the database.

Example:
Schema: Student(SID, Name, Email, Phone)
Instance: (201, Hasan, hasan@gmail.com
, 017xxx)

Types of Keys
Super Key: Any attribute or combination that uniquely identifies a row.
Example: SID, Email, (SID, Phone)
Candidate Key: A minimal super key used for unique identification.
Example: SID, Email
Primary Key: Selected candidate key to uniquely identify records.
Example: SID
Unique Key: Ensures uniqueness of values; multiple allowed per table.
Example: Email
Composite Key: Combination of multiple attributes used as a key.
Example: (SID, Name)
Key Identification in Student Relation

Student(SID, Name, Email, Phone)

SID is unique → Candidate Key
Email is unique → Candidate Key
Name is not unique
Phone is not unique

✔ Candidate Keys: SID, Email
✔ Primary Key: SID (chosen)
✔ Super Keys: SID, Email, and their combinations
✔ Unique Key: Email
✔ Composite Key: Not necessary in this relation
Rubrics",Excellent (2-4): Clearly defines schema and instance with correct distinction and suitable example | Good(1-3):  Mostly correct definitions with minor confusion or weak example | Average (0.5-1):  Basic idea but unclear or partially incorrect | Poor(0-0.3):  Incorrect or missing understanding
205_c1,1,Explanation of different types of keys with examples (4),4.0,rater2,,205,images/205.png,"Define schema and instance in a database system.

Then, explain the following types of keys with suitable examples:
- Super Key
- Candidate Key
- Primary Key
- Unique Key
- Composite Key

Finally, consider the relation:
Student(SID, Name, Email, Phone)

Assume:
- Each student has a unique SID
- Email is also unique
- Multiple students may have the same name

Identify all possible keys for this relation and briefly justify your answer.","Answer 1: Schema and Instance

A schema is the logical structure of a database that defines tables, attributes, and relationships. It is stable and does not change frequently.
An instance is the actual data stored in the database at a specific moment in time.

Example:
Schema: Student(SID, Name, Email, Phone)
Instance: (1, Rahim, rahim@gmail.com
, 017xxx)

Types of Keys
Super Key: Any set of attributes that uniquely identifies a record.
Example: {SID}, {Email}, {SID, Name}
Candidate Key: Minimal super key (no redundant attribute).
Example: {SID}, {Email}
Primary Key: Selected candidate key used to uniquely identify records.
Example: SID
Unique Key: Ensures uniqueness but may allow NULL values.
Example: Email
Composite Key: A key made using more than one attribute.
Example: (SID, Phone) in some cases
Given Relation: Student(SID, Name, Email, Phone)
Candidate Keys: SID, Email (both are unique)
Super Keys: Any combination containing SID or Email
Example: {SID}, {Email}, {SID, Name}, {Email, Phone}
Primary Key: SID (assumed)
Unique Key: Email
Composite Key: Not required here since single attributes are already unique

Answer 2: Schema vs Instance

Schema defines the structure of a database (tables, attributes, constraints). It is like a blueprint.
Instance is the actual data stored in the database at a specific time.

Example:
Schema: Student(SID, Name, Email, Phone)
Instance: (101, Karim, karim@gmail.com
, 018xxx)

Types of Keys
Super Key: A set of attributes that can uniquely identify a tuple.
Example: SID or (SID, Name)
Candidate Key: A minimal version of super key with no extra attribute.
Example: SID, Email
Primary Key: Chosen candidate key for identification.
Example: SID
Unique Key: Ensures all values are unique (can be multiple per table).
Example: Email
Composite Key: A key formed by combining multiple attributes.
Example: (SID, Name) if needed
Keys in Given Relation

Student(SID, Name, Email, Phone)

SID → unique → candidate key
Email → unique → candidate key
Name → not unique
Phone → not unique

✔ Candidate Keys: SID, Email
✔ Primary Key: SID
✔ Super Keys: Any set containing SID or Email
✔ Unique Key: Email
Answer 3: Schema and Instance

A schema represents the structure of the database including table design and attributes.
An instance represents the current set of data stored in the database.

Example:
Schema: Student(SID, Name, Email, Phone)
Instance: (201, Hasan, hasan@gmail.com
, 017xxx)

Types of Keys
Super Key: Any attribute or combination that uniquely identifies a row.
Example: SID, Email, (SID, Phone)
Candidate Key: A minimal super key used for unique identification.
Example: SID, Email
Primary Key: Selected candidate key to uniquely identify records.
Example: SID
Unique Key: Ensures uniqueness of values; multiple allowed per table.
Example: Email
Composite Key: Combination of multiple attributes used as a key.
Example: (SID, Name)
Key Identification in Student Relation

Student(SID, Name, Email, Phone)

SID is unique → Candidate Key
Email is unique → Candidate Key
Name is not unique
Phone is not unique

✔ Candidate Keys: SID, Email
✔ Primary Key: SID (chosen)
✔ Super Keys: SID, Email, and their combinations
✔ Unique Key: Email
✔ Composite Key: Not necessary in this relation
Rubrics","Excellent (2-4): Clearly explains all keys (super, candidate, primary, unique, composite) with correct and relevant examples | Good(1-3):  Explains most keys correctly with minor missing details or weak examples | Average (0.5-1):  Partial explanation; missing some keys or unclear examples | Poor(0-0.3):  Incorrect or very incomplete explanations"
205_c2,2,Correct identification of keys in given relation (2),2.0,rater2,,205,images/205.png,"Define schema and instance in a database system.

Then, explain the following types of keys with suitable examples:
- Super Key
- Candidate Key
- Primary Key
- Unique Key
- Composite Key

Finally, consider the relation:
Student(SID, Name, Email, Phone)

Assume:
- Each student has a unique SID
- Email is also unique
- Multiple students may have the same name

Identify all possible keys for this relation and briefly justify your answer.","Answer 1: Schema and Instance

A schema is the logical structure of a database that defines tables, attributes, and relationships. It is stable and does not change frequently.
An instance is the actual data stored in the database at a specific moment in time.

Example:
Schema: Student(SID, Name, Email, Phone)
Instance: (1, Rahim, rahim@gmail.com
, 017xxx)

Types of Keys
Super Key: Any set of attributes that uniquely identifies a record.
Example: {SID}, {Email}, {SID, Name}
Candidate Key: Minimal super key (no redundant attribute).
Example: {SID}, {Email}
Primary Key: Selected candidate key used to uniquely identify records.
Example: SID
Unique Key: Ensures uniqueness but may allow NULL values.
Example: Email
Composite Key: A key made using more than one attribute.
Example: (SID, Phone) in some cases
Given Relation: Student(SID, Name, Email, Phone)
Candidate Keys: SID, Email (both are unique)
Super Keys: Any combination containing SID or Email
Example: {SID}, {Email}, {SID, Name}, {Email, Phone}
Primary Key: SID (assumed)
Unique Key: Email
Composite Key: Not required here since single attributes are already unique

Answer 2: Schema vs Instance

Schema defines the structure of a database (tables, attributes, constraints). It is like a blueprint.
Instance is the actual data stored in the database at a specific time.

Example:
Schema: Student(SID, Name, Email, Phone)
Instance: (101, Karim, karim@gmail.com
, 018xxx)

Types of Keys
Super Key: A set of attributes that can uniquely identify a tuple.
Example: SID or (SID, Name)
Candidate Key: A minimal version of super key with no extra attribute.
Example: SID, Email
Primary Key: Chosen candidate key for identification.
Example: SID
Unique Key: Ensures all values are unique (can be multiple per table).
Example: Email
Composite Key: A key formed by combining multiple attributes.
Example: (SID, Name) if needed
Keys in Given Relation

Student(SID, Name, Email, Phone)

SID → unique → candidate key
Email → unique → candidate key
Name → not unique
Phone → not unique

✔ Candidate Keys: SID, Email
✔ Primary Key: SID
✔ Super Keys: Any set containing SID or Email
✔ Unique Key: Email
Answer 3: Schema and Instance

A schema represents the structure of the database including table design and attributes.
An instance represents the current set of data stored in the database.

Example:
Schema: Student(SID, Name, Email, Phone)
Instance: (201, Hasan, hasan@gmail.com
, 017xxx)

Types of Keys
Super Key: Any attribute or combination that uniquely identifies a row.
Example: SID, Email, (SID, Phone)
Candidate Key: A minimal super key used for unique identification.
Example: SID, Email
Primary Key: Selected candidate key to uniquely identify records.
Example: SID
Unique Key: Ensures uniqueness of values; multiple allowed per table.
Example: Email
Composite Key: Combination of multiple attributes used as a key.
Example: (SID, Name)
Key Identification in Student Relation

Student(SID, Name, Email, Phone)

SID is unique → Candidate Key
Email is unique → Candidate Key
Name is not unique
Phone is not unique

✔ Candidate Keys: SID, Email
✔ Primary Key: SID (chosen)
✔ Super Keys: SID, Email, and their combinations
✔ Unique Key: Email
✔ Composite Key: Not necessary in this relation
Rubrics",Excellent (2-4):  Correctly identifies all valid keys with proper justification | Good(1-3):  Mostly correct identification but weak justification | Average (0.5-1):  Partially correct identification | Poor(0-0.3): Incorrect or missing identification
205_c3,3,Clear and organized writing (2),2.0,rater2,,205,images/205.png,"Define schema and instance in a database system.

Then, explain the following types of keys with suitable examples:
- Super Key
- Candidate Key
- Primary Key
- Unique Key
- Composite Key

Finally, consider the relation:
Student(SID, Name, Email, Phone)

Assume:
- Each student has a unique SID
- Email is also unique
- Multiple students may have the same name

Identify all possible keys for this relation and briefly justify your answer.","Answer 1: Schema and Instance

A schema is the logical structure of a database that defines tables, attributes, and relationships. It is stable and does not change frequently.
An instance is the actual data stored in the database at a specific moment in time.

Example:
Schema: Student(SID, Name, Email, Phone)
Instance: (1, Rahim, rahim@gmail.com
, 017xxx)

Types of Keys
Super Key: Any set of attributes that uniquely identifies a record.
Example: {SID}, {Email}, {SID, Name}
Candidate Key: Minimal super key (no redundant attribute).
Example: {SID}, {Email}
Primary Key: Selected candidate key used to uniquely identify records.
Example: SID
Unique Key: Ensures uniqueness but may allow NULL values.
Example: Email
Composite Key: A key made using more than one attribute.
Example: (SID, Phone) in some cases
Given Relation: Student(SID, Name, Email, Phone)
Candidate Keys: SID, Email (both are unique)
Super Keys: Any combination containing SID or Email
Example: {SID}, {Email}, {SID, Name}, {Email, Phone}
Primary Key: SID (assumed)
Unique Key: Email
Composite Key: Not required here since single attributes are already unique

Answer 2: Schema vs Instance

Schema defines the structure of a database (tables, attributes, constraints). It is like a blueprint.
Instance is the actual data stored in the database at a specific time.

Example:
Schema: Student(SID, Name, Email, Phone)
Instance: (101, Karim, karim@gmail.com
, 018xxx)

Types of Keys
Super Key: A set of attributes that can uniquely identify a tuple.
Example: SID or (SID, Name)
Candidate Key: A minimal version of super key with no extra attribute.
Example: SID, Email
Primary Key: Chosen candidate key for identification.
Example: SID
Unique Key: Ensures all values are unique (can be multiple per table).
Example: Email
Composite Key: A key formed by combining multiple attributes.
Example: (SID, Name) if needed
Keys in Given Relation

Student(SID, Name, Email, Phone)

SID → unique → candidate key
Email → unique → candidate key
Name → not unique
Phone → not unique

✔ Candidate Keys: SID, Email
✔ Primary Key: SID
✔ Super Keys: Any set containing SID or Email
✔ Unique Key: Email
Answer 3: Schema and Instance

A schema represents the structure of the database including table design and attributes.
An instance represents the current set of data stored in the database.

Example:
Schema: Student(SID, Name, Email, Phone)
Instance: (201, Hasan, hasan@gmail.com
, 017xxx)

Types of Keys
Super Key: Any attribute or combination that uniquely identifies a row.
Example: SID, Email, (SID, Phone)
Candidate Key: A minimal super key used for unique identification.
Example: SID, Email
Primary Key: Selected candidate key to uniquely identify records.
Example: SID
Unique Key: Ensures uniqueness of values; multiple allowed per table.
Example: Email
Composite Key: Combination of multiple attributes used as a key.
Example: (SID, Name)
Key Identification in Student Relation

Student(SID, Name, Email, Phone)

SID is unique → Candidate Key
Email is unique → Candidate Key
Name is not unique
Phone is not unique

✔ Candidate Keys: SID, Email
✔ Primary Key: SID (chosen)
✔ Super Keys: SID, Email, and their combinations
✔ Unique Key: Email
✔ Composite Key: Not necessary in this relation
Rubrics","Excellent (2-4):  Very well-structured, logical flow, easy to read | Good(1-3):  Generally clear with minor organization issues | Average (0.5-1): Understandable but poorly structured | Poor(0-0.3):  Disorganized and unclear"
222_c0,0,Identification of Layers (2 Marks),2.0,rater2,,222,images/222.png,Q19: describe the 7 layers of OSI model (10 Marks),"The OSI (Open Systems Interconnection) model is a conceptual framework that divides network communication into seven layers, each responsible for a specific function. This layered approach helps in understanding, designing, and troubleshooting network systems.
OSI Model Diagram
+---------------------+
| 7. Application      |
+---------------------+
| 6. Presentation     |
+---------------------+
| 5. Session          |
+---------------------+
| 4. Transport        |
+---------------------+
| 3. Network          |
+---------------------+
| 2. Data Link        |
+---------------------+
| 1. Physical         |
+---------------------+
1. Physical Layer
The Physical layer is responsible for transmitting raw bits over a physical medium. It deals with hardware components such as cables, connectors, and electrical signals, ensuring that data is physically sent from one device to another.

2. Data Link Layer
The Data Link layer ensures reliable communication between directly connected devices by organizing data into frames and performing error detection. It also uses MAC addresses to identify devices within the same network.

3. Network Layer
The Network layer handles logical addressing and routing, determining the best path for data packets to travel from the source to the destination across multiple networks. Protocols such as IP operate at this layer.

4. Transport Layer
The Transport layer provides reliable data transfer through segmentation, flow control, and error recovery. It uses protocols like TCP for reliable communication and UDP for faster, connectionless transmission.

5. Session Layer
The Session layer is responsible for establishing, managing, and terminating communication sessions between applications. It maintains synchronization and controls the dialog during data exchange.

6. Presentation Layer
The Presentation layer focuses on data representation by translating, encrypting, and compressing data so that it can be properly understood by the receiving system. Technologies such as SSL/TLS operate at this level.

7. Application Layer
The Application layer is the topmost layer and provides network services directly to end users and applications. It enables interaction with the network through protocols such as HTTP, FTP, and SMTP.
Rubrics","Excellent: All 7 layers listed in correct order (2.0) | Good: 5–6 correct, minor order issue (1.5) | Average: 3–4 correct (1.0) | Poor: ≤2 or incorrect (0–0.5)"
222_c1,1,Explanation of Layers with diagram (4 Marks),4.0,rater2,,222,images/222.png,Q19: describe the 7 layers of OSI model (10 Marks),"The OSI (Open Systems Interconnection) model is a conceptual framework that divides network communication into seven layers, each responsible for a specific function. This layered approach helps in understanding, designing, and troubleshooting network systems.
OSI Model Diagram
+---------------------+
| 7. Application      |
+---------------------+
| 6. Presentation     |
+---------------------+
| 5. Session          |
+---------------------+
| 4. Transport        |
+---------------------+
| 3. Network          |
+---------------------+
| 2. Data Link        |
+---------------------+
| 1. Physical         |
+---------------------+
1. Physical Layer
The Physical layer is responsible for transmitting raw bits over a physical medium. It deals with hardware components such as cables, connectors, and electrical signals, ensuring that data is physically sent from one device to another.

2. Data Link Layer
The Data Link layer ensures reliable communication between directly connected devices by organizing data into frames and performing error detection. It also uses MAC addresses to identify devices within the same network.

3. Network Layer
The Network layer handles logical addressing and routing, determining the best path for data packets to travel from the source to the destination across multiple networks. Protocols such as IP operate at this layer.

4. Transport Layer
The Transport layer provides reliable data transfer through segmentation, flow control, and error recovery. It uses protocols like TCP for reliable communication and UDP for faster, connectionless transmission.

5. Session Layer
The Session layer is responsible for establishing, managing, and terminating communication sessions between applications. It maintains synchronization and controls the dialog during data exchange.

6. Presentation Layer
The Presentation layer focuses on data representation by translating, encrypting, and compressing data so that it can be properly understood by the receiving system. Technologies such as SSL/TLS operate at this level.

7. Application Layer
The Application layer is the topmost layer and provides network services directly to end users and applications. It enables interaction with the network through protocols such as HTTP, FTP, and SMTP.
Rubrics",Excellent: Accurate explanation of all 7 layers with full diagram (4.0) | Good: Most layers explained correctly and no/partial diagram (3.0) | Average: Partial explanation and no  diagram (2.0) | Poor: Incorrect or missing diagram or explaination (0-1.0)
222_c2,2,Technical Accuracy (2 Marks),2.0,rater2,,222,images/222.png,Q19: describe the 7 layers of OSI model (10 Marks),"The OSI (Open Systems Interconnection) model is a conceptual framework that divides network communication into seven layers, each responsible for a specific function. This layered approach helps in understanding, designing, and troubleshooting network systems.
OSI Model Diagram
+---------------------+
| 7. Application      |
+---------------------+
| 6. Presentation     |
+---------------------+
| 5. Session          |
+---------------------+
| 4. Transport        |
+---------------------+
| 3. Network          |
+---------------------+
| 2. Data Link        |
+---------------------+
| 1. Physical         |
+---------------------+
1. Physical Layer
The Physical layer is responsible for transmitting raw bits over a physical medium. It deals with hardware components such as cables, connectors, and electrical signals, ensuring that data is physically sent from one device to another.

2. Data Link Layer
The Data Link layer ensures reliable communication between directly connected devices by organizing data into frames and performing error detection. It also uses MAC addresses to identify devices within the same network.

3. Network Layer
The Network layer handles logical addressing and routing, determining the best path for data packets to travel from the source to the destination across multiple networks. Protocols such as IP operate at this layer.

4. Transport Layer
The Transport layer provides reliable data transfer through segmentation, flow control, and error recovery. It uses protocols like TCP for reliable communication and UDP for faster, connectionless transmission.

5. Session Layer
The Session layer is responsible for establishing, managing, and terminating communication sessions between applications. It maintains synchronization and controls the dialog during data exchange.

6. Presentation Layer
The Presentation layer focuses on data representation by translating, encrypting, and compressing data so that it can be properly understood by the receiving system. Technologies such as SSL/TLS operate at this level.

7. Application Layer
The Application layer is the topmost layer and provides network services directly to end users and applications. It enables interaction with the network through protocols such as HTTP, FTP, and SMTP.
Rubrics",Excellent: Correct terminology used consistently (2.0) | Good: Minor mistakes (1.5) | Average: Limited technical terms (1.0) | Poor: Incorrect terminology (0-0.5)
222_c3,3,Examples/Protocols(1 Mark),1.0,rater2,,222,images/222.png,Q19: describe the 7 layers of OSI model (10 Marks),"The OSI (Open Systems Interconnection) model is a conceptual framework that divides network communication into seven layers, each responsible for a specific function. This layered approach helps in understanding, designing, and troubleshooting network systems.
OSI Model Diagram
+---------------------+
| 7. Application      |
+---------------------+
| 6. Presentation     |
+---------------------+
| 5. Session          |
+---------------------+
| 4. Transport        |
+---------------------+
| 3. Network          |
+---------------------+
| 2. Data Link        |
+---------------------+
| 1. Physical         |
+---------------------+
1. Physical Layer
The Physical layer is responsible for transmitting raw bits over a physical medium. It deals with hardware components such as cables, connectors, and electrical signals, ensuring that data is physically sent from one device to another.

2. Data Link Layer
The Data Link layer ensures reliable communication between directly connected devices by organizing data into frames and performing error detection. It also uses MAC addresses to identify devices within the same network.

3. Network Layer
The Network layer handles logical addressing and routing, determining the best path for data packets to travel from the source to the destination across multiple networks. Protocols such as IP operate at this layer.

4. Transport Layer
The Transport layer provides reliable data transfer through segmentation, flow control, and error recovery. It uses protocols like TCP for reliable communication and UDP for faster, connectionless transmission.

5. Session Layer
The Session layer is responsible for establishing, managing, and terminating communication sessions between applications. It maintains synchronization and controls the dialog during data exchange.

6. Presentation Layer
The Presentation layer focuses on data representation by translating, encrypting, and compressing data so that it can be properly understood by the receiving system. Technologies such as SSL/TLS operate at this level.

7. Application Layer
The Application layer is the topmost layer and provides network services directly to end users and applications. It enables interaction with the network through protocols such as HTTP, FTP, and SMTP.
Rubrics",Excellent: Relevant examples for multiple layers (1.0) | Good: Some examples (0.5–0.75) | Average: Very Few Examples (0.25) | Poor: No examples (0)
222_c4,4,Clarity & Organization (1 Mark),1.0,rater2,,222,images/222.png,Q19: describe the 7 layers of OSI model (10 Marks),"The OSI (Open Systems Interconnection) model is a conceptual framework that divides network communication into seven layers, each responsible for a specific function. This layered approach helps in understanding, designing, and troubleshooting network systems.
OSI Model Diagram
+---------------------+
| 7. Application      |
+---------------------+
| 6. Presentation     |
+---------------------+
| 5. Session          |
+---------------------+
| 4. Transport        |
+---------------------+
| 3. Network          |
+---------------------+
| 2. Data Link        |
+---------------------+
| 1. Physical         |
+---------------------+
1. Physical Layer
The Physical layer is responsible for transmitting raw bits over a physical medium. It deals with hardware components such as cables, connectors, and electrical signals, ensuring that data is physically sent from one device to another.

2. Data Link Layer
The Data Link layer ensures reliable communication between directly connected devices by organizing data into frames and performing error detection. It also uses MAC addresses to identify devices within the same network.

3. Network Layer
The Network layer handles logical addressing and routing, determining the best path for data packets to travel from the source to the destination across multiple networks. Protocols such as IP operate at this layer.

4. Transport Layer
The Transport layer provides reliable data transfer through segmentation, flow control, and error recovery. It uses protocols like TCP for reliable communication and UDP for faster, connectionless transmission.

5. Session Layer
The Session layer is responsible for establishing, managing, and terminating communication sessions between applications. It maintains synchronization and controls the dialog during data exchange.

6. Presentation Layer
The Presentation layer focuses on data representation by translating, encrypting, and compressing data so that it can be properly understood by the receiving system. Technologies such as SSL/TLS operate at this level.

7. Application Layer
The Application layer is the topmost layer and provides network services directly to end users and applications. It enables interaction with the network through protocols such as HTTP, FTP, and SMTP.
Rubrics","Excellent: Very clear, neat diagrams/tables, strong justification (1.0) | Good: Clear explanation (0.75) | Average: Understandable but not neat (0.5) | Poor: Poorly organized (0-0.25)"
263_c0,0,Identification of Layers (2 Marks),2.0,rater2,,263,images/263.png,Q19: describe the 7 layers of OSI model (10 Marks),"The OSI (Open Systems Interconnection) model is a conceptual framework that divides network communication into seven layers, each responsible for a specific function. This layered approach helps in understanding, designing, and troubleshooting network systems.
OSI Model Diagram
+---------------------+
| 7. Application      |
+---------------------+
| 6. Presentation     |
+---------------------+
| 5. Session          |
+---------------------+
| 4. Transport        |
+---------------------+
| 3. Network          |
+---------------------+
| 2. Data Link        |
+---------------------+
| 1. Physical         |
+---------------------+
1. Physical Layer
The Physical layer is responsible for transmitting raw bits over a physical medium. It deals with hardware components such as cables, connectors, and electrical signals, ensuring that data is physically sent from one device to another.

2. Data Link Layer
The Data Link layer ensures reliable communication between directly connected devices by organizing data into frames and performing error detection. It also uses MAC addresses to identify devices within the same network.

3. Network Layer
The Network layer handles logical addressing and routing, determining the best path for data packets to travel from the source to the destination across multiple networks. Protocols such as IP operate at this layer.

4. Transport Layer
The Transport layer provides reliable data transfer through segmentation, flow control, and error recovery. It uses protocols like TCP for reliable communication and UDP for faster, connectionless transmission.

5. Session Layer
The Session layer is responsible for establishing, managing, and terminating communication sessions between applications. It maintains synchronization and controls the dialog during data exchange.

6. Presentation Layer
The Presentation layer focuses on data representation by translating, encrypting, and compressing data so that it can be properly understood by the receiving system. Technologies such as SSL/TLS operate at this level.

7. Application Layer
The Application layer is the topmost layer and provides network services directly to end users and applications. It enables interaction with the network through protocols such as HTTP, FTP, and SMTP.
Rubrics","Excellent: All 7 layers listed in correct order (2.0) | Good: 5–6 correct, minor order issue (1.5) | Average: 3–4 correct (1.0) | Poor: ≤2 or incorrect (0–0.5)"
263_c1,1,Explanation of Layers with diagram (4 Marks),4.0,rater2,,263,images/263.png,Q19: describe the 7 layers of OSI model (10 Marks),"The OSI (Open Systems Interconnection) model is a conceptual framework that divides network communication into seven layers, each responsible for a specific function. This layered approach helps in understanding, designing, and troubleshooting network systems.
OSI Model Diagram
+---------------------+
| 7. Application      |
+---------------------+
| 6. Presentation     |
+---------------------+
| 5. Session          |
+---------------------+
| 4. Transport        |
+---------------------+
| 3. Network          |
+---------------------+
| 2. Data Link        |
+---------------------+
| 1. Physical         |
+---------------------+
1. Physical Layer
The Physical layer is responsible for transmitting raw bits over a physical medium. It deals with hardware components such as cables, connectors, and electrical signals, ensuring that data is physically sent from one device to another.

2. Data Link Layer
The Data Link layer ensures reliable communication between directly connected devices by organizing data into frames and performing error detection. It also uses MAC addresses to identify devices within the same network.

3. Network Layer
The Network layer handles logical addressing and routing, determining the best path for data packets to travel from the source to the destination across multiple networks. Protocols such as IP operate at this layer.

4. Transport Layer
The Transport layer provides reliable data transfer through segmentation, flow control, and error recovery. It uses protocols like TCP for reliable communication and UDP for faster, connectionless transmission.

5. Session Layer
The Session layer is responsible for establishing, managing, and terminating communication sessions between applications. It maintains synchronization and controls the dialog during data exchange.

6. Presentation Layer
The Presentation layer focuses on data representation by translating, encrypting, and compressing data so that it can be properly understood by the receiving system. Technologies such as SSL/TLS operate at this level.

7. Application Layer
The Application layer is the topmost layer and provides network services directly to end users and applications. It enables interaction with the network through protocols such as HTTP, FTP, and SMTP.
Rubrics",Excellent: Accurate explanation of all 7 layers with full diagram (4.0) | Good: Most layers explained correctly and no/partial diagram (3.0) | Average: Partial explanation and no  diagram (2.0) | Poor: Incorrect or missing diagram or explaination (0-1.0)
263_c2,2,Technical Accuracy (2 Marks),2.0,rater2,,263,images/263.png,Q19: describe the 7 layers of OSI model (10 Marks),"The OSI (Open Systems Interconnection) model is a conceptual framework that divides network communication into seven layers, each responsible for a specific function. This layered approach helps in understanding, designing, and troubleshooting network systems.
OSI Model Diagram
+---------------------+
| 7. Application      |
+---------------------+
| 6. Presentation     |
+---------------------+
| 5. Session          |
+---------------------+
| 4. Transport        |
+---------------------+
| 3. Network          |
+---------------------+
| 2. Data Link        |
+---------------------+
| 1. Physical         |
+---------------------+
1. Physical Layer
The Physical layer is responsible for transmitting raw bits over a physical medium. It deals with hardware components such as cables, connectors, and electrical signals, ensuring that data is physically sent from one device to another.

2. Data Link Layer
The Data Link layer ensures reliable communication between directly connected devices by organizing data into frames and performing error detection. It also uses MAC addresses to identify devices within the same network.

3. Network Layer
The Network layer handles logical addressing and routing, determining the best path for data packets to travel from the source to the destination across multiple networks. Protocols such as IP operate at this layer.

4. Transport Layer
The Transport layer provides reliable data transfer through segmentation, flow control, and error recovery. It uses protocols like TCP for reliable communication and UDP for faster, connectionless transmission.

5. Session Layer
The Session layer is responsible for establishing, managing, and terminating communication sessions between applications. It maintains synchronization and controls the dialog during data exchange.

6. Presentation Layer
The Presentation layer focuses on data representation by translating, encrypting, and compressing data so that it can be properly understood by the receiving system. Technologies such as SSL/TLS operate at this level.

7. Application Layer
The Application layer is the topmost layer and provides network services directly to end users and applications. It enables interaction with the network through protocols such as HTTP, FTP, and SMTP.
Rubrics",Excellent: Correct terminology used consistently (2.0) | Good: Minor mistakes (1.5) | Average: Limited technical terms (1.0) | Poor: Incorrect terminology (0-0.5)
263_c3,3,Examples/Protocols(1 Mark),1.0,rater2,,263,images/263.png,Q19: describe the 7 layers of OSI model (10 Marks),"The OSI (Open Systems Interconnection) model is a conceptual framework that divides network communication into seven layers, each responsible for a specific function. This layered approach helps in understanding, designing, and troubleshooting network systems.
OSI Model Diagram
+---------------------+
| 7. Application      |
+---------------------+
| 6. Presentation     |
+---------------------+
| 5. Session          |
+---------------------+
| 4. Transport        |
+---------------------+
| 3. Network          |
+---------------------+
| 2. Data Link        |
+---------------------+
| 1. Physical         |
+---------------------+
1. Physical Layer
The Physical layer is responsible for transmitting raw bits over a physical medium. It deals with hardware components such as cables, connectors, and electrical signals, ensuring that data is physically sent from one device to another.

2. Data Link Layer
The Data Link layer ensures reliable communication between directly connected devices by organizing data into frames and performing error detection. It also uses MAC addresses to identify devices within the same network.

3. Network Layer
The Network layer handles logical addressing and routing, determining the best path for data packets to travel from the source to the destination across multiple networks. Protocols such as IP operate at this layer.

4. Transport Layer
The Transport layer provides reliable data transfer through segmentation, flow control, and error recovery. It uses protocols like TCP for reliable communication and UDP for faster, connectionless transmission.

5. Session Layer
The Session layer is responsible for establishing, managing, and terminating communication sessions between applications. It maintains synchronization and controls the dialog during data exchange.

6. Presentation Layer
The Presentation layer focuses on data representation by translating, encrypting, and compressing data so that it can be properly understood by the receiving system. Technologies such as SSL/TLS operate at this level.

7. Application Layer
The Application layer is the topmost layer and provides network services directly to end users and applications. It enables interaction with the network through protocols such as HTTP, FTP, and SMTP.
Rubrics",Excellent: Relevant examples for multiple layers (1.0) | Good: Some examples (0.5–0.75) | Average: Very Few Examples (0.25) | Poor: No examples (0)
263_c4,4,Clarity & Organization (1 Mark),1.0,rater2,,263,images/263.png,Q19: describe the 7 layers of OSI model (10 Marks),"The OSI (Open Systems Interconnection) model is a conceptual framework that divides network communication into seven layers, each responsible for a specific function. This layered approach helps in understanding, designing, and troubleshooting network systems.
OSI Model Diagram
+---------------------+
| 7. Application      |
+---------------------+
| 6. Presentation     |
+---------------------+
| 5. Session          |
+---------------------+
| 4. Transport        |
+---------------------+
| 3. Network          |
+---------------------+
| 2. Data Link        |
+---------------------+
| 1. Physical         |
+---------------------+
1. Physical Layer
The Physical layer is responsible for transmitting raw bits over a physical medium. It deals with hardware components such as cables, connectors, and electrical signals, ensuring that data is physically sent from one device to another.

2. Data Link Layer
The Data Link layer ensures reliable communication between directly connected devices by organizing data into frames and performing error detection. It also uses MAC addresses to identify devices within the same network.

3. Network Layer
The Network layer handles logical addressing and routing, determining the best path for data packets to travel from the source to the destination across multiple networks. Protocols such as IP operate at this layer.

4. Transport Layer
The Transport layer provides reliable data transfer through segmentation, flow control, and error recovery. It uses protocols like TCP for reliable communication and UDP for faster, connectionless transmission.

5. Session Layer
The Session layer is responsible for establishing, managing, and terminating communication sessions between applications. It maintains synchronization and controls the dialog during data exchange.

6. Presentation Layer
The Presentation layer focuses on data representation by translating, encrypting, and compressing data so that it can be properly understood by the receiving system. Technologies such as SSL/TLS operate at this level.

7. Application Layer
The Application layer is the topmost layer and provides network services directly to end users and applications. It enables interaction with the network through protocols such as HTTP, FTP, and SMTP.
Rubrics","Excellent: Very clear, neat diagrams/tables, strong justification (1.0) | Good: Clear explanation (0.75) | Average: Understandable but not neat (0.5) | Poor: Poorly organized (0-0.25)"
368_c0,0,Understanding of Concept,4.0,rater2,,368,images/368.png,"Question 1. You are given the following values: 12, -5.4, 10000, 3.14, 0, 87, -200, 45.6, 999, 1.2. Choose the most efficient among Counting Sort, Radix Sort, or Bucket Sort for this dataset. Justify your selection and state the time and space complexity of all three algorithms.
2. A directed weighted graph is given below. Determine whether the graph contains a negative cycle using a step-by-step solution. Graph (text form): Vertices = {A, B, C, D}; Edges = A→B (4), B→C (-6), C→D (2), D→B (1), A→D (5).
3. You are given coin denominations: 1, 3, 4, 5. Find the minimum number of coins required to make 10 taka. Show the DP table and derive the final answer.","Answer 1: Bucket Sort is the most efficient for this dataset because it contains floating-point numbers and a wide range of values including negatives. Counting Sort is not suitable due to large range and non-integers, and Radix Sort is inefficient for floating-point values. Time Complexity: Counting Sort = O(n + k), Space = O(k); Radix Sort = O(d(n + k)), Space = O(n + k); Bucket Sort = O(n + k) average, worst O(n²), Space = O(n + k). Therefore, Bucket Sort is preferred.
Answer 2: Using Bellman-Ford algorithm: Step 1 initialize distances (A=0, others=∞). Step 2 relax edges repeatedly: A→B (4), B→C (-6), C→D (2), D→B (1). After V-1 iterations, distances keep decreasing due to cycle B→C→D→B with total weight (-6 + 2 + 1 = -3). Step 3 one more relaxation still reduces distance, confirming a negative cycle exists. Therefore, the graph contains a negative cycle.
Answer 3: Using Dynamic Programming: Let dp[x] = minimum coins to make x. Initialize dp[0]=0. Fill table up to 10: dp[1]=1, dp[2]=2, dp[3]=1, dp[4]=1, dp[5]=1, dp[6]=2, dp[7]=2, dp[8]=2, dp[9]=2, dp[10]=2. Minimum coins for 10 = 2 (5+5 or 4+3+3 is larger). Final answer: 2 coins.
Rubrics",Excellent (4): Fully correct and clearly demonstrates the concept | Good (3): Mostly correct with minor issues | Average (2): Partial understanding | Poor (1): Shows little understanding; answer mostly incorrect
368_c1,1,Step-by-Step Procedure,4.0,rater2,,368,images/368.png,"Question 1. You are given the following values: 12, -5.4, 10000, 3.14, 0, 87, -200, 45.6, 999, 1.2. Choose the most efficient among Counting Sort, Radix Sort, or Bucket Sort for this dataset. Justify your selection and state the time and space complexity of all three algorithms.
2. A directed weighted graph is given below. Determine whether the graph contains a negative cycle using a step-by-step solution. Graph (text form): Vertices = {A, B, C, D}; Edges = A→B (4), B→C (-6), C→D (2), D→B (1), A→D (5).
3. You are given coin denominations: 1, 3, 4, 5. Find the minimum number of coins required to make 10 taka. Show the DP table and derive the final answer.","Answer 1: Bucket Sort is the most efficient for this dataset because it contains floating-point numbers and a wide range of values including negatives. Counting Sort is not suitable due to large range and non-integers, and Radix Sort is inefficient for floating-point values. Time Complexity: Counting Sort = O(n + k), Space = O(k); Radix Sort = O(d(n + k)), Space = O(n + k); Bucket Sort = O(n + k) average, worst O(n²), Space = O(n + k). Therefore, Bucket Sort is preferred.
Answer 2: Using Bellman-Ford algorithm: Step 1 initialize distances (A=0, others=∞). Step 2 relax edges repeatedly: A→B (4), B→C (-6), C→D (2), D→B (1). After V-1 iterations, distances keep decreasing due to cycle B→C→D→B with total weight (-6 + 2 + 1 = -3). Step 3 one more relaxation still reduces distance, confirming a negative cycle exists. Therefore, the graph contains a negative cycle.
Answer 3: Using Dynamic Programming: Let dp[x] = minimum coins to make x. Initialize dp[0]=0. Fill table up to 10: dp[1]=1, dp[2]=2, dp[3]=1, dp[4]=1, dp[5]=1, dp[6]=2, dp[7]=2, dp[8]=2, dp[9]=2, dp[10]=2. Minimum coins for 10 = 2 (5+5 or 4+3+3 is larger). Final answer: 2 coins.
Rubrics",Excellent (4): All steps clearly shown and well structured | Good (3): Mostly correct steps | Average (2): Few correct steps | Poor (1): Missing or wrong steps
368_c2,2,Accuracy of Final Answer,4.0,rater2,,368,images/368.png,"Question 1. You are given the following values: 12, -5.4, 10000, 3.14, 0, 87, -200, 45.6, 999, 1.2. Choose the most efficient among Counting Sort, Radix Sort, or Bucket Sort for this dataset. Justify your selection and state the time and space complexity of all three algorithms.
2. A directed weighted graph is given below. Determine whether the graph contains a negative cycle using a step-by-step solution. Graph (text form): Vertices = {A, B, C, D}; Edges = A→B (4), B→C (-6), C→D (2), D→B (1), A→D (5).
3. You are given coin denominations: 1, 3, 4, 5. Find the minimum number of coins required to make 10 taka. Show the DP table and derive the final answer.","Answer 1: Bucket Sort is the most efficient for this dataset because it contains floating-point numbers and a wide range of values including negatives. Counting Sort is not suitable due to large range and non-integers, and Radix Sort is inefficient for floating-point values. Time Complexity: Counting Sort = O(n + k), Space = O(k); Radix Sort = O(d(n + k)), Space = O(n + k); Bucket Sort = O(n + k) average, worst O(n²), Space = O(n + k). Therefore, Bucket Sort is preferred.
Answer 2: Using Bellman-Ford algorithm: Step 1 initialize distances (A=0, others=∞). Step 2 relax edges repeatedly: A→B (4), B→C (-6), C→D (2), D→B (1). After V-1 iterations, distances keep decreasing due to cycle B→C→D→B with total weight (-6 + 2 + 1 = -3). Step 3 one more relaxation still reduces distance, confirming a negative cycle exists. Therefore, the graph contains a negative cycle.
Answer 3: Using Dynamic Programming: Let dp[x] = minimum coins to make x. Initialize dp[0]=0. Fill table up to 10: dp[1]=1, dp[2]=2, dp[3]=1, dp[4]=1, dp[5]=1, dp[6]=2, dp[7]=2, dp[8]=2, dp[9]=2, dp[10]=2. Minimum coins for 10 = 2 (5+5 or 4+3+3 is larger). Final answer: 2 coins.
Rubrics",Excellent (4): Fully accurate and justified | Good (3): Mostly correct | Average (2): Partially correct | Poor (1): Wrong result
368_c3,3,Clarity & Presentation,4.0,rater2,,368,images/368.png,"Question 1. You are given the following values: 12, -5.4, 10000, 3.14, 0, 87, -200, 45.6, 999, 1.2. Choose the most efficient among Counting Sort, Radix Sort, or Bucket Sort for this dataset. Justify your selection and state the time and space complexity of all three algorithms.
2. A directed weighted graph is given below. Determine whether the graph contains a negative cycle using a step-by-step solution. Graph (text form): Vertices = {A, B, C, D}; Edges = A→B (4), B→C (-6), C→D (2), D→B (1), A→D (5).
3. You are given coin denominations: 1, 3, 4, 5. Find the minimum number of coins required to make 10 taka. Show the DP table and derive the final answer.","Answer 1: Bucket Sort is the most efficient for this dataset because it contains floating-point numbers and a wide range of values including negatives. Counting Sort is not suitable due to large range and non-integers, and Radix Sort is inefficient for floating-point values. Time Complexity: Counting Sort = O(n + k), Space = O(k); Radix Sort = O(d(n + k)), Space = O(n + k); Bucket Sort = O(n + k) average, worst O(n²), Space = O(n + k). Therefore, Bucket Sort is preferred.
Answer 2: Using Bellman-Ford algorithm: Step 1 initialize distances (A=0, others=∞). Step 2 relax edges repeatedly: A→B (4), B→C (-6), C→D (2), D→B (1). After V-1 iterations, distances keep decreasing due to cycle B→C→D→B with total weight (-6 + 2 + 1 = -3). Step 3 one more relaxation still reduces distance, confirming a negative cycle exists. Therefore, the graph contains a negative cycle.
Answer 3: Using Dynamic Programming: Let dp[x] = minimum coins to make x. Initialize dp[0]=0. Fill table up to 10: dp[1]=1, dp[2]=2, dp[3]=1, dp[4]=1, dp[5]=1, dp[6]=2, dp[7]=2, dp[8]=2, dp[9]=2, dp[10]=2. Minimum coins for 10 = 2 (5+5 or 4+3+3 is larger). Final answer: 2 coins.
Rubrics","Excellent (4): Very clear, neat diagrams/tables, strong justification | Good (3): Clear explanation | Average (2): Understandable but not neat | Poor (1): Poorly organized"
182_c0,0,Understanding of schema and instance (2),2.0,rater2,,182,images/182.png,"Define schema and instance in a database system.

Then, explain the following types of keys with suitable examples:
- Super Key
- Candidate Key
- Primary Key
- Unique Key
- Composite Key

Finally, consider the relation:
Student(SID, Name, Email, Phone)

Assume:
- Each student has a unique SID
- Email is also unique
- Multiple students may have the same name

Identify all possible keys for this relation and briefly justify your answer.","Answer 1: Schema and Instance

A schema is the logical structure of a database that defines tables, attributes, and relationships. It is stable and does not change frequently.
An instance is the actual data stored in the database at a specific moment in time.

Example:
Schema: Student(SID, Name, Email, Phone)
Instance: (1, Rahim, rahim@gmail.com
, 017xxx)

Types of Keys
Super Key: Any set of attributes that uniquely identifies a record.
Example: {SID}, {Email}, {SID, Name}
Candidate Key: Minimal super key (no redundant attribute).
Example: {SID}, {Email}
Primary Key: Selected candidate key used to uniquely identify records.
Example: SID
Unique Key: Ensures uniqueness but may allow NULL values.
Example: Email
Composite Key: A key made using more than one attribute.
Example: (SID, Phone) in some cases
Given Relation: Student(SID, Name, Email, Phone)
Candidate Keys: SID, Email (both are unique)
Super Keys: Any combination containing SID or Email
Example: {SID}, {Email}, {SID, Name}, {Email, Phone}
Primary Key: SID (assumed)
Unique Key: Email
Composite Key: Not required here since single attributes are already unique

Answer 2: Schema vs Instance

Schema defines the structure of a database (tables, attributes, constraints). It is like a blueprint.
Instance is the actual data stored in the database at a specific time.

Example:
Schema: Student(SID, Name, Email, Phone)
Instance: (101, Karim, karim@gmail.com
, 018xxx)

Types of Keys
Super Key: A set of attributes that can uniquely identify a tuple.
Example: SID or (SID, Name)
Candidate Key: A minimal version of super key with no extra attribute.
Example: SID, Email
Primary Key: Chosen candidate key for identification.
Example: SID
Unique Key: Ensures all values are unique (can be multiple per table).
Example: Email
Composite Key: A key formed by combining multiple attributes.
Example: (SID, Name) if needed
Keys in Given Relation

Student(SID, Name, Email, Phone)

SID → unique → candidate key
Email → unique → candidate key
Name → not unique
Phone → not unique

✔ Candidate Keys: SID, Email
✔ Primary Key: SID
✔ Super Keys: Any set containing SID or Email
✔ Unique Key: Email
Answer 3: Schema and Instance

A schema represents the structure of the database including table design and attributes.
An instance represents the current set of data stored in the database.

Example:
Schema: Student(SID, Name, Email, Phone)
Instance: (201, Hasan, hasan@gmail.com
, 017xxx)

Types of Keys
Super Key: Any attribute or combination that uniquely identifies a row.
Example: SID, Email, (SID, Phone)
Candidate Key: A minimal super key used for unique identification.
Example: SID, Email
Primary Key: Selected candidate key to uniquely identify records.
Example: SID
Unique Key: Ensures uniqueness of values; multiple allowed per table.
Example: Email
Composite Key: Combination of multiple attributes used as a key.
Example: (SID, Name)
Key Identification in Student Relation

Student(SID, Name, Email, Phone)

SID is unique → Candidate Key
Email is unique → Candidate Key
Name is not unique
Phone is not unique

✔ Candidate Keys: SID, Email
✔ Primary Key: SID (chosen)
✔ Super Keys: SID, Email, and their combinations
✔ Unique Key: Email
✔ Composite Key: Not necessary in this relation
Rubrics",Excellent (2-4): Clearly defines schema and instance with correct distinction and suitable example | Good(1-3):  Mostly correct definitions with minor confusion or weak example | Average (0.5-1):  Basic idea but unclear or partially incorrect | Poor(0-0.3):  Incorrect or missing understanding
182_c1,1,Explanation of different types of keys with examples (4),4.0,rater2,,182,images/182.png,"Define schema and instance in a database system.

Then, explain the following types of keys with suitable examples:
- Super Key
- Candidate Key
- Primary Key
- Unique Key
- Composite Key

Finally, consider the relation:
Student(SID, Name, Email, Phone)

Assume:
- Each student has a unique SID
- Email is also unique
- Multiple students may have the same name

Identify all possible keys for this relation and briefly justify your answer.","Answer 1: Schema and Instance

A schema is the logical structure of a database that defines tables, attributes, and relationships. It is stable and does not change frequently.
An instance is the actual data stored in the database at a specific moment in time.

Example:
Schema: Student(SID, Name, Email, Phone)
Instance: (1, Rahim, rahim@gmail.com
, 017xxx)

Types of Keys
Super Key: Any set of attributes that uniquely identifies a record.
Example: {SID}, {Email}, {SID, Name}
Candidate Key: Minimal super key (no redundant attribute).
Example: {SID}, {Email}
Primary Key: Selected candidate key used to uniquely identify records.
Example: SID
Unique Key: Ensures uniqueness but may allow NULL values.
Example: Email
Composite Key: A key made using more than one attribute.
Example: (SID, Phone) in some cases
Given Relation: Student(SID, Name, Email, Phone)
Candidate Keys: SID, Email (both are unique)
Super Keys: Any combination containing SID or Email
Example: {SID}, {Email}, {SID, Name}, {Email, Phone}
Primary Key: SID (assumed)
Unique Key: Email
Composite Key: Not required here since single attributes are already unique

Answer 2: Schema vs Instance

Schema defines the structure of a database (tables, attributes, constraints). It is like a blueprint.
Instance is the actual data stored in the database at a specific time.

Example:
Schema: Student(SID, Name, Email, Phone)
Instance: (101, Karim, karim@gmail.com
, 018xxx)

Types of Keys
Super Key: A set of attributes that can uniquely identify a tuple.
Example: SID or (SID, Name)
Candidate Key: A minimal version of super key with no extra attribute.
Example: SID, Email
Primary Key: Chosen candidate key for identification.
Example: SID
Unique Key: Ensures all values are unique (can be multiple per table).
Example: Email
Composite Key: A key formed by combining multiple attributes.
Example: (SID, Name) if needed
Keys in Given Relation

Student(SID, Name, Email, Phone)

SID → unique → candidate key
Email → unique → candidate key
Name → not unique
Phone → not unique

✔ Candidate Keys: SID, Email
✔ Primary Key: SID
✔ Super Keys: Any set containing SID or Email
✔ Unique Key: Email
Answer 3: Schema and Instance

A schema represents the structure of the database including table design and attributes.
An instance represents the current set of data stored in the database.

Example:
Schema: Student(SID, Name, Email, Phone)
Instance: (201, Hasan, hasan@gmail.com
, 017xxx)

Types of Keys
Super Key: Any attribute or combination that uniquely identifies a row.
Example: SID, Email, (SID, Phone)
Candidate Key: A minimal super key used for unique identification.
Example: SID, Email
Primary Key: Selected candidate key to uniquely identify records.
Example: SID
Unique Key: Ensures uniqueness of values; multiple allowed per table.
Example: Email
Composite Key: Combination of multiple attributes used as a key.
Example: (SID, Name)
Key Identification in Student Relation

Student(SID, Name, Email, Phone)

SID is unique → Candidate Key
Email is unique → Candidate Key
Name is not unique
Phone is not unique

✔ Candidate Keys: SID, Email
✔ Primary Key: SID (chosen)
✔ Super Keys: SID, Email, and their combinations
✔ Unique Key: Email
✔ Composite Key: Not necessary in this relation
Rubrics","Excellent (2-4): Clearly explains all keys (super, candidate, primary, unique, composite) with correct and relevant examples | Good(1-3):  Explains most keys correctly with minor missing details or weak examples | Average (0.5-1):  Partial explanation; missing some keys or unclear examples | Poor(0-0.3):  Incorrect or very incomplete explanations"
182_c2,2,Correct identification of keys in given relation (2),2.0,rater2,,182,images/182.png,"Define schema and instance in a database system.

Then, explain the following types of keys with suitable examples:
- Super Key
- Candidate Key
- Primary Key
- Unique Key
- Composite Key

Finally, consider the relation:
Student(SID, Name, Email, Phone)

Assume:
- Each student has a unique SID
- Email is also unique
- Multiple students may have the same name

Identify all possible keys for this relation and briefly justify your answer.","Answer 1: Schema and Instance

A schema is the logical structure of a database that defines tables, attributes, and relationships. It is stable and does not change frequently.
An instance is the actual data stored in the database at a specific moment in time.

Example:
Schema: Student(SID, Name, Email, Phone)
Instance: (1, Rahim, rahim@gmail.com
, 017xxx)

Types of Keys
Super Key: Any set of attributes that uniquely identifies a record.
Example: {SID}, {Email}, {SID, Name}
Candidate Key: Minimal super key (no redundant attribute).
Example: {SID}, {Email}
Primary Key: Selected candidate key used to uniquely identify records.
Example: SID
Unique Key: Ensures uniqueness but may allow NULL values.
Example: Email
Composite Key: A key made using more than one attribute.
Example: (SID, Phone) in some cases
Given Relation: Student(SID, Name, Email, Phone)
Candidate Keys: SID, Email (both are unique)
Super Keys: Any combination containing SID or Email
Example: {SID}, {Email}, {SID, Name}, {Email, Phone}
Primary Key: SID (assumed)
Unique Key: Email
Composite Key: Not required here since single attributes are already unique

Answer 2: Schema vs Instance

Schema defines the structure of a database (tables, attributes, constraints). It is like a blueprint.
Instance is the actual data stored in the database at a specific time.

Example:
Schema: Student(SID, Name, Email, Phone)
Instance: (101, Karim, karim@gmail.com
, 018xxx)

Types of Keys
Super Key: A set of attributes that can uniquely identify a tuple.
Example: SID or (SID, Name)
Candidate Key: A minimal version of super key with no extra attribute.
Example: SID, Email
Primary Key: Chosen candidate key for identification.
Example: SID
Unique Key: Ensures all values are unique (can be multiple per table).
Example: Email
Composite Key: A key formed by combining multiple attributes.
Example: (SID, Name) if needed
Keys in Given Relation

Student(SID, Name, Email, Phone)

SID → unique → candidate key
Email → unique → candidate key
Name → not unique
Phone → not unique

✔ Candidate Keys: SID, Email
✔ Primary Key: SID
✔ Super Keys: Any set containing SID or Email
✔ Unique Key: Email
Answer 3: Schema and Instance

A schema represents the structure of the database including table design and attributes.
An instance represents the current set of data stored in the database.

Example:
Schema: Student(SID, Name, Email, Phone)
Instance: (201, Hasan, hasan@gmail.com
, 017xxx)

Types of Keys
Super Key: Any attribute or combination that uniquely identifies a row.
Example: SID, Email, (SID, Phone)
Candidate Key: A minimal super key used for unique identification.
Example: SID, Email
Primary Key: Selected candidate key to uniquely identify records.
Example: SID
Unique Key: Ensures uniqueness of values; multiple allowed per table.
Example: Email
Composite Key: Combination of multiple attributes used as a key.
Example: (SID, Name)
Key Identification in Student Relation

Student(SID, Name, Email, Phone)

SID is unique → Candidate Key
Email is unique → Candidate Key
Name is not unique
Phone is not unique

✔ Candidate Keys: SID, Email
✔ Primary Key: SID (chosen)
✔ Super Keys: SID, Email, and their combinations
✔ Unique Key: Email
✔ Composite Key: Not necessary in this relation
Rubrics",Excellent (2-4):  Correctly identifies all valid keys with proper justification | Good(1-3):  Mostly correct identification but weak justification | Average (0.5-1):  Partially correct identification | Poor(0-0.3): Incorrect or missing identification
182_c3,3,Clear and organized writing (2),2.0,rater2,,182,images/182.png,"Define schema and instance in a database system.

Then, explain the following types of keys with suitable examples:
- Super Key
- Candidate Key
- Primary Key
- Unique Key
- Composite Key

Finally, consider the relation:
Student(SID, Name, Email, Phone)

Assume:
- Each student has a unique SID
- Email is also unique
- Multiple students may have the same name

Identify all possible keys for this relation and briefly justify your answer.","Answer 1: Schema and Instance

A schema is the logical structure of a database that defines tables, attributes, and relationships. It is stable and does not change frequently.
An instance is the actual data stored in the database at a specific moment in time.

Example:
Schema: Student(SID, Name, Email, Phone)
Instance: (1, Rahim, rahim@gmail.com
, 017xxx)

Types of Keys
Super Key: Any set of attributes that uniquely identifies a record.
Example: {SID}, {Email}, {SID, Name}
Candidate Key: Minimal super key (no redundant attribute).
Example: {SID}, {Email}
Primary Key: Selected candidate key used to uniquely identify records.
Example: SID
Unique Key: Ensures uniqueness but may allow NULL values.
Example: Email
Composite Key: A key made using more than one attribute.
Example: (SID, Phone) in some cases
Given Relation: Student(SID, Name, Email, Phone)
Candidate Keys: SID, Email (both are unique)
Super Keys: Any combination containing SID or Email
Example: {SID}, {Email}, {SID, Name}, {Email, Phone}
Primary Key: SID (assumed)
Unique Key: Email
Composite Key: Not required here since single attributes are already unique

Answer 2: Schema vs Instance

Schema defines the structure of a database (tables, attributes, constraints). It is like a blueprint.
Instance is the actual data stored in the database at a specific time.

Example:
Schema: Student(SID, Name, Email, Phone)
Instance: (101, Karim, karim@gmail.com
, 018xxx)

Types of Keys
Super Key: A set of attributes that can uniquely identify a tuple.
Example: SID or (SID, Name)
Candidate Key: A minimal version of super key with no extra attribute.
Example: SID, Email
Primary Key: Chosen candidate key for identification.
Example: SID
Unique Key: Ensures all values are unique (can be multiple per table).
Example: Email
Composite Key: A key formed by combining multiple attributes.
Example: (SID, Name) if needed
Keys in Given Relation

Student(SID, Name, Email, Phone)

SID → unique → candidate key
Email → unique → candidate key
Name → not unique
Phone → not unique

✔ Candidate Keys: SID, Email
✔ Primary Key: SID
✔ Super Keys: Any set containing SID or Email
✔ Unique Key: Email
Answer 3: Schema and Instance

A schema represents the structure of the database including table design and attributes.
An instance represents the current set of data stored in the database.

Example:
Schema: Student(SID, Name, Email, Phone)
Instance: (201, Hasan, hasan@gmail.com
, 017xxx)

Types of Keys
Super Key: Any attribute or combination that uniquely identifies a row.
Example: SID, Email, (SID, Phone)
Candidate Key: A minimal super key used for unique identification.
Example: SID, Email
Primary Key: Selected candidate key to uniquely identify records.
Example: SID
Unique Key: Ensures uniqueness of values; multiple allowed per table.
Example: Email
Composite Key: Combination of multiple attributes used as a key.
Example: (SID, Name)
Key Identification in Student Relation

Student(SID, Name, Email, Phone)

SID is unique → Candidate Key
Email is unique → Candidate Key
Name is not unique
Phone is not unique

✔ Candidate Keys: SID, Email
✔ Primary Key: SID (chosen)
✔ Super Keys: SID, Email, and their combinations
✔ Unique Key: Email
✔ Composite Key: Not necessary in this relation
Rubrics","Excellent (2-4):  Very well-structured, logical flow, easy to read | Good(1-3):  Generally clear with minor organization issues | Average (0.5-1): Understandable but poorly structured | Poor(0-0.3):  Disorganized and unclear"
27_c0,0,Definition of Quantization,2.5,rater2,,27,images/27.png,What is the purpose of quantization in image processing? Describe the role of the Max-Lloyd algorithm in minimizing distortion.,"Definition / Purpose of Quantization:
Quantization is the process of converting a continuous range of pixel intensity values into a finite number of discrete levels. It is a fundamental step in digital image processing.
Purpose of Quantization:
The main purposes of quantization are:

Data Reduction: It reduces the number of bits required to store image data by limiting intensity levels.
Image Compression: It plays a key role in compression techniques such as JPEG by reducing redundancy.
Simplification: It simplifies image processing and analysis by reducing the range of pixel values.
Role of Max-Lloyd Algorithm

The Max-Lloyd algorithm is an iterative optimization technique used to design an efficient quantizer by minimizing distortion, typically measured using Mean Squared Error (MSE).
It improves quantization by adapting the quantization levels based on the statistical distribution of image data.
Role of Max-Lloyd Algorithm:
The Max-Lloyd algorithm is an optimization technique used to design an efficient quantizer by minimizing distortion, typically measured using Mean Squared Error (MSE). it is used to minimize quantization error (Mean Squared Error). It optimizes quantization levels based on data distribution using:
             1. Boundary Condition: Decision boundaries are midpoints between levels
             2. Centroid Condition: Each level equals the mean of assigned values
This iterative optimization reduces distortion and improves representation accuracy.
Rubrics for Digital Image Processing ","Excellent (2.5): Clearly defines quantization as mapping continuous values to discrete levels AND mentions image/pixel context | Good (2): Defines quantization correctly but lacks context (e.g., image or pixels not mentioned) | Average (1.5): Mentions discretization but unclear or partially incorrect | Poor (1): No definition OR completely incorrect concept"
27_c1,1,Purpose of Quantization,2.5,rater2,,27,images/27.png,What is the purpose of quantization in image processing? Describe the role of the Max-Lloyd algorithm in minimizing distortion.,"Definition / Purpose of Quantization:
Quantization is the process of converting a continuous range of pixel intensity values into a finite number of discrete levels. It is a fundamental step in digital image processing.
Purpose of Quantization:
The main purposes of quantization are:

Data Reduction: It reduces the number of bits required to store image data by limiting intensity levels.
Image Compression: It plays a key role in compression techniques such as JPEG by reducing redundancy.
Simplification: It simplifies image processing and analysis by reducing the range of pixel values.
Role of Max-Lloyd Algorithm

The Max-Lloyd algorithm is an iterative optimization technique used to design an efficient quantizer by minimizing distortion, typically measured using Mean Squared Error (MSE).
It improves quantization by adapting the quantization levels based on the statistical distribution of image data.
Role of Max-Lloyd Algorithm:
The Max-Lloyd algorithm is an optimization technique used to design an efficient quantizer by minimizing distortion, typically measured using Mean Squared Error (MSE). it is used to minimize quantization error (Mean Squared Error). It optimizes quantization levels based on data distribution using:
             1. Boundary Condition: Decision boundaries are midpoints between levels
             2. Centroid Condition: Each level equals the mean of assigned values
This iterative optimization reduces distortion and improves representation accuracy.
Rubrics for Digital Image Processing ","Excellent (2.5): Mentions at least 2–3 correct purposes (compression, storage reduction, simplification) with explanation | Good (2): Mentions 1–2 correct purposes but limited explanation | Average (1.5): Few purposes mentioned with limited understanding | Poor (1): No valid purpose stated"
27_c2,2,Max-Lloyd Algorithm Explanation,2.5,rater2,,27,images/27.png,What is the purpose of quantization in image processing? Describe the role of the Max-Lloyd algorithm in minimizing distortion.,"Definition / Purpose of Quantization:
Quantization is the process of converting a continuous range of pixel intensity values into a finite number of discrete levels. It is a fundamental step in digital image processing.
Purpose of Quantization:
The main purposes of quantization are:

Data Reduction: It reduces the number of bits required to store image data by limiting intensity levels.
Image Compression: It plays a key role in compression techniques such as JPEG by reducing redundancy.
Simplification: It simplifies image processing and analysis by reducing the range of pixel values.
Role of Max-Lloyd Algorithm

The Max-Lloyd algorithm is an iterative optimization technique used to design an efficient quantizer by minimizing distortion, typically measured using Mean Squared Error (MSE).
It improves quantization by adapting the quantization levels based on the statistical distribution of image data.
Role of Max-Lloyd Algorithm:
The Max-Lloyd algorithm is an optimization technique used to design an efficient quantizer by minimizing distortion, typically measured using Mean Squared Error (MSE). it is used to minimize quantization error (Mean Squared Error). It optimizes quantization levels based on data distribution using:
             1. Boundary Condition: Decision boundaries are midpoints between levels
             2. Centroid Condition: Each level equals the mean of assigned values
This iterative optimization reduces distortion and improves representation accuracy.
Rubrics for Digital Image Processing ",Excellent (2.5): Clearly explains optimization goal (minimizing distortion/MSE) AND adaptive level selection | Good (2): Mentions algorithm and distortion but lacks clarity on how it works | Average (1.5): Mentions algorithm name only OR unclear explanation | Poor (1): Not mentioned or incorrect
27_c3,3,Boundary & Centroid Conditions,2.5,rater2,,27,images/27.png,What is the purpose of quantization in image processing? Describe the role of the Max-Lloyd algorithm in minimizing distortion.,"Definition / Purpose of Quantization:
Quantization is the process of converting a continuous range of pixel intensity values into a finite number of discrete levels. It is a fundamental step in digital image processing.
Purpose of Quantization:
The main purposes of quantization are:

Data Reduction: It reduces the number of bits required to store image data by limiting intensity levels.
Image Compression: It plays a key role in compression techniques such as JPEG by reducing redundancy.
Simplification: It simplifies image processing and analysis by reducing the range of pixel values.
Role of Max-Lloyd Algorithm

The Max-Lloyd algorithm is an iterative optimization technique used to design an efficient quantizer by minimizing distortion, typically measured using Mean Squared Error (MSE).
It improves quantization by adapting the quantization levels based on the statistical distribution of image data.
Role of Max-Lloyd Algorithm:
The Max-Lloyd algorithm is an optimization technique used to design an efficient quantizer by minimizing distortion, typically measured using Mean Squared Error (MSE). it is used to minimize quantization error (Mean Squared Error). It optimizes quantization levels based on data distribution using:
             1. Boundary Condition: Decision boundaries are midpoints between levels
             2. Centroid Condition: Each level equals the mean of assigned values
This iterative optimization reduces distortion and improves representation accuracy.
Rubrics for Digital Image Processing ",Excellent (2.5): Clearly explains BOTH conditions with correct meaning | Good (2): Explains only one condition correctly | Average (1.5): Mentions both but incorrectly or vaguely | Poor (1): Not mentioned
101_c0,0,Concept of Histogram Equalization,4.0,rater2,,101,images/101.png,Question Q9: Explain necessity of histogram equalization and histogram matching in Image Processing. (10 Marks),"Definition of Histogram Equalization

Histogram Equalization is a technique used in image processing to enhance the contrast of an image by redistributing its intensity values so that they are spread more uniformly across the entire range.
Necessity of Histogram Equalization

Histogram equalization is necessary for several important reasons:

Contrast Enhancement: Many images suffer from low contrast where pixel values are concentrated in a narrow range. Histogram equalization spreads these values, improving contrast.
Better Visibility of Details: It enhances details in dark or bright regions, making features more distinguishable.
Improved Image Interpretation: Useful in applications like medical imaging (e.g., X-rays, MRI), remote sensing, and surveillance systems.
Preprocessing Step: Helps improve the performance of further image processing tasks such as segmentation and feature extraction.
Definition of Histogram Matching

Histogram Matching (also called histogram specification) is a technique where the histogram of an input image is transformed to match the histogram of a reference image.
Necessity of Histogram Matching
Histogram matching is important due to the following reasons:
Consistency Across Images: Ensures uniform appearance between multiple images.
Handling Lighting Variations: Useful when images are captured under different lighting conditions.
Improved Comparison: Makes image comparison more reliable by normalizing intensity distributions.
Better Performance in ML Systems: Enhances accuracy in image recognition and machine learning models.
Image Normalization: Helps in standardizing datasets for analysis.
Rubrics for Digital Image Processing",Excellent (4): Clearly defines and explains redistribution of intensity values with purpose of contrast enhancement | Good (3): Correct but missing one key aspect | Average (2): Basic idea present but unclear | Poor (1): Incorrect or missing definition
101_c1,1,Necessity of Histogram Equalization,4.0,rater2,,101,images/101.png,Question Q9: Explain necessity of histogram equalization and histogram matching in Image Processing. (10 Marks),"Definition of Histogram Equalization

Histogram Equalization is a technique used in image processing to enhance the contrast of an image by redistributing its intensity values so that they are spread more uniformly across the entire range.
Necessity of Histogram Equalization

Histogram equalization is necessary for several important reasons:

Contrast Enhancement: Many images suffer from low contrast where pixel values are concentrated in a narrow range. Histogram equalization spreads these values, improving contrast.
Better Visibility of Details: It enhances details in dark or bright regions, making features more distinguishable.
Improved Image Interpretation: Useful in applications like medical imaging (e.g., X-rays, MRI), remote sensing, and surveillance systems.
Preprocessing Step: Helps improve the performance of further image processing tasks such as segmentation and feature extraction.
Definition of Histogram Matching

Histogram Matching (also called histogram specification) is a technique where the histogram of an input image is transformed to match the histogram of a reference image.
Necessity of Histogram Matching
Histogram matching is important due to the following reasons:
Consistency Across Images: Ensures uniform appearance between multiple images.
Handling Lighting Variations: Useful when images are captured under different lighting conditions.
Improved Comparison: Makes image comparison more reliable by normalizing intensity distributions.
Better Performance in ML Systems: Enhances accuracy in image recognition and machine learning models.
Image Normalization: Helps in standardizing datasets for analysis.
Rubrics for Digital Image Processing",Excellent (4): Clearly explains multiple valid reasons with examples/applications | Good (3): Explains most reasons but misses one important point | Average (2): Limited explanation | Poor (1): Incorrect or irrelevant explanation
101_c2,2,Concept of Histogram Matching,4.0,rater2,,101,images/101.png,Question Q9: Explain necessity of histogram equalization and histogram matching in Image Processing. (10 Marks),"Definition of Histogram Equalization

Histogram Equalization is a technique used in image processing to enhance the contrast of an image by redistributing its intensity values so that they are spread more uniformly across the entire range.
Necessity of Histogram Equalization

Histogram equalization is necessary for several important reasons:

Contrast Enhancement: Many images suffer from low contrast where pixel values are concentrated in a narrow range. Histogram equalization spreads these values, improving contrast.
Better Visibility of Details: It enhances details in dark or bright regions, making features more distinguishable.
Improved Image Interpretation: Useful in applications like medical imaging (e.g., X-rays, MRI), remote sensing, and surveillance systems.
Preprocessing Step: Helps improve the performance of further image processing tasks such as segmentation and feature extraction.
Definition of Histogram Matching

Histogram Matching (also called histogram specification) is a technique where the histogram of an input image is transformed to match the histogram of a reference image.
Necessity of Histogram Matching
Histogram matching is important due to the following reasons:
Consistency Across Images: Ensures uniform appearance between multiple images.
Handling Lighting Variations: Useful when images are captured under different lighting conditions.
Improved Comparison: Makes image comparison more reliable by normalizing intensity distributions.
Better Performance in ML Systems: Enhances accuracy in image recognition and machine learning models.
Image Normalization: Helps in standardizing datasets for analysis.
Rubrics for Digital Image Processing",Excellent (4): Clearly explains transformation using reference histogram | Good (3): Correct but lacks one key detail | Average (2): Partial understanding | Poor (1): Incorrect or missing
101_c3,3,Necessity of Histogram Matching,4.0,rater2,,101,images/101.png,Question Q9: Explain necessity of histogram equalization and histogram matching in Image Processing. (10 Marks),"Definition of Histogram Equalization

Histogram Equalization is a technique used in image processing to enhance the contrast of an image by redistributing its intensity values so that they are spread more uniformly across the entire range.
Necessity of Histogram Equalization

Histogram equalization is necessary for several important reasons:

Contrast Enhancement: Many images suffer from low contrast where pixel values are concentrated in a narrow range. Histogram equalization spreads these values, improving contrast.
Better Visibility of Details: It enhances details in dark or bright regions, making features more distinguishable.
Improved Image Interpretation: Useful in applications like medical imaging (e.g., X-rays, MRI), remote sensing, and surveillance systems.
Preprocessing Step: Helps improve the performance of further image processing tasks such as segmentation and feature extraction.
Definition of Histogram Matching

Histogram Matching (also called histogram specification) is a technique where the histogram of an input image is transformed to match the histogram of a reference image.
Necessity of Histogram Matching
Histogram matching is important due to the following reasons:
Consistency Across Images: Ensures uniform appearance between multiple images.
Handling Lighting Variations: Useful when images are captured under different lighting conditions.
Improved Comparison: Makes image comparison more reliable by normalizing intensity distributions.
Better Performance in ML Systems: Enhances accuracy in image recognition and machine learning models.
Image Normalization: Helps in standardizing datasets for analysis.
Rubrics for Digital Image Processing",Excellent (4): Clearly explains multiple uses including consistency and ML applications | Good (3): Some correct points but incomplete | Average (2): Limited explanation | Poor (1): Incorrect or irrelevant explanation
358_c0,0,Understanding of Concept,4.0,rater2,,358,images/358.png,"Question 1. You are given the following values: 12, -5.4, 10000, 3.14, 0, 87, -200, 45.6, 999, 1.2. Choose the most efficient among Counting Sort, Radix Sort, or Bucket Sort for this dataset. Justify your selection and state the time and space complexity of all three algorithms.
2. A directed weighted graph is given below. Determine whether the graph contains a negative cycle using a step-by-step solution. Graph (text form): Vertices = {A, B, C, D}; Edges = A→B (4), B→C (-6), C→D (2), D→B (1), A→D (5).
3. You are given coin denominations: 1, 3, 4, 5. Find the minimum number of coins required to make 10 taka. Show the DP table and derive the final answer.","Answer 1: Bucket Sort is the most efficient for this dataset because it contains floating-point numbers and a wide range of values including negatives. Counting Sort is not suitable due to large range and non-integers, and Radix Sort is inefficient for floating-point values. Time Complexity: Counting Sort = O(n + k), Space = O(k); Radix Sort = O(d(n + k)), Space = O(n + k); Bucket Sort = O(n + k) average, worst O(n²), Space = O(n + k). Therefore, Bucket Sort is preferred.
Answer 2: Using Bellman-Ford algorithm: Step 1 initialize distances (A=0, others=∞). Step 2 relax edges repeatedly: A→B (4), B→C (-6), C→D (2), D→B (1). After V-1 iterations, distances keep decreasing due to cycle B→C→D→B with total weight (-6 + 2 + 1 = -3). Step 3 one more relaxation still reduces distance, confirming a negative cycle exists. Therefore, the graph contains a negative cycle.
Answer 3: Using Dynamic Programming: Let dp[x] = minimum coins to make x. Initialize dp[0]=0. Fill table up to 10: dp[1]=1, dp[2]=2, dp[3]=1, dp[4]=1, dp[5]=1, dp[6]=2, dp[7]=2, dp[8]=2, dp[9]=2, dp[10]=2. Minimum coins for 10 = 2 (5+5 or 4+3+3 is larger). Final answer: 2 coins.
Rubrics",Excellent (4): Fully correct and clearly demonstrates the concept | Good (3): Mostly correct with minor issues | Average (2): Partial understanding | Poor (1): Shows little understanding; answer mostly incorrect
358_c1,1,Step-by-Step Procedure,4.0,rater2,,358,images/358.png,"Question 1. You are given the following values: 12, -5.4, 10000, 3.14, 0, 87, -200, 45.6, 999, 1.2. Choose the most efficient among Counting Sort, Radix Sort, or Bucket Sort for this dataset. Justify your selection and state the time and space complexity of all three algorithms.
2. A directed weighted graph is given below. Determine whether the graph contains a negative cycle using a step-by-step solution. Graph (text form): Vertices = {A, B, C, D}; Edges = A→B (4), B→C (-6), C→D (2), D→B (1), A→D (5).
3. You are given coin denominations: 1, 3, 4, 5. Find the minimum number of coins required to make 10 taka. Show the DP table and derive the final answer.","Answer 1: Bucket Sort is the most efficient for this dataset because it contains floating-point numbers and a wide range of values including negatives. Counting Sort is not suitable due to large range and non-integers, and Radix Sort is inefficient for floating-point values. Time Complexity: Counting Sort = O(n + k), Space = O(k); Radix Sort = O(d(n + k)), Space = O(n + k); Bucket Sort = O(n + k) average, worst O(n²), Space = O(n + k). Therefore, Bucket Sort is preferred.
Answer 2: Using Bellman-Ford algorithm: Step 1 initialize distances (A=0, others=∞). Step 2 relax edges repeatedly: A→B (4), B→C (-6), C→D (2), D→B (1). After V-1 iterations, distances keep decreasing due to cycle B→C→D→B with total weight (-6 + 2 + 1 = -3). Step 3 one more relaxation still reduces distance, confirming a negative cycle exists. Therefore, the graph contains a negative cycle.
Answer 3: Using Dynamic Programming: Let dp[x] = minimum coins to make x. Initialize dp[0]=0. Fill table up to 10: dp[1]=1, dp[2]=2, dp[3]=1, dp[4]=1, dp[5]=1, dp[6]=2, dp[7]=2, dp[8]=2, dp[9]=2, dp[10]=2. Minimum coins for 10 = 2 (5+5 or 4+3+3 is larger). Final answer: 2 coins.
Rubrics",Excellent (4): All steps clearly shown and well structured | Good (3): Mostly correct steps | Average (2): Few correct steps | Poor (1): Missing or wrong steps
358_c2,2,Accuracy of Final Answer,4.0,rater2,,358,images/358.png,"Question 1. You are given the following values: 12, -5.4, 10000, 3.14, 0, 87, -200, 45.6, 999, 1.2. Choose the most efficient among Counting Sort, Radix Sort, or Bucket Sort for this dataset. Justify your selection and state the time and space complexity of all three algorithms.
2. A directed weighted graph is given below. Determine whether the graph contains a negative cycle using a step-by-step solution. Graph (text form): Vertices = {A, B, C, D}; Edges = A→B (4), B→C (-6), C→D (2), D→B (1), A→D (5).
3. You are given coin denominations: 1, 3, 4, 5. Find the minimum number of coins required to make 10 taka. Show the DP table and derive the final answer.","Answer 1: Bucket Sort is the most efficient for this dataset because it contains floating-point numbers and a wide range of values including negatives. Counting Sort is not suitable due to large range and non-integers, and Radix Sort is inefficient for floating-point values. Time Complexity: Counting Sort = O(n + k), Space = O(k); Radix Sort = O(d(n + k)), Space = O(n + k); Bucket Sort = O(n + k) average, worst O(n²), Space = O(n + k). Therefore, Bucket Sort is preferred.
Answer 2: Using Bellman-Ford algorithm: Step 1 initialize distances (A=0, others=∞). Step 2 relax edges repeatedly: A→B (4), B→C (-6), C→D (2), D→B (1). After V-1 iterations, distances keep decreasing due to cycle B→C→D→B with total weight (-6 + 2 + 1 = -3). Step 3 one more relaxation still reduces distance, confirming a negative cycle exists. Therefore, the graph contains a negative cycle.
Answer 3: Using Dynamic Programming: Let dp[x] = minimum coins to make x. Initialize dp[0]=0. Fill table up to 10: dp[1]=1, dp[2]=2, dp[3]=1, dp[4]=1, dp[5]=1, dp[6]=2, dp[7]=2, dp[8]=2, dp[9]=2, dp[10]=2. Minimum coins for 10 = 2 (5+5 or 4+3+3 is larger). Final answer: 2 coins.
Rubrics",Excellent (4): Fully accurate and justified | Good (3): Mostly correct | Average (2): Partially correct | Poor (1): Wrong result
358_c3,3,Clarity & Presentation,4.0,rater2,,358,images/358.png,"Question 1. You are given the following values: 12, -5.4, 10000, 3.14, 0, 87, -200, 45.6, 999, 1.2. Choose the most efficient among Counting Sort, Radix Sort, or Bucket Sort for this dataset. Justify your selection and state the time and space complexity of all three algorithms.
2. A directed weighted graph is given below. Determine whether the graph contains a negative cycle using a step-by-step solution. Graph (text form): Vertices = {A, B, C, D}; Edges = A→B (4), B→C (-6), C→D (2), D→B (1), A→D (5).
3. You are given coin denominations: 1, 3, 4, 5. Find the minimum number of coins required to make 10 taka. Show the DP table and derive the final answer.","Answer 1: Bucket Sort is the most efficient for this dataset because it contains floating-point numbers and a wide range of values including negatives. Counting Sort is not suitable due to large range and non-integers, and Radix Sort is inefficient for floating-point values. Time Complexity: Counting Sort = O(n + k), Space = O(k); Radix Sort = O(d(n + k)), Space = O(n + k); Bucket Sort = O(n + k) average, worst O(n²), Space = O(n + k). Therefore, Bucket Sort is preferred.
Answer 2: Using Bellman-Ford algorithm: Step 1 initialize distances (A=0, others=∞). Step 2 relax edges repeatedly: A→B (4), B→C (-6), C→D (2), D→B (1). After V-1 iterations, distances keep decreasing due to cycle B→C→D→B with total weight (-6 + 2 + 1 = -3). Step 3 one more relaxation still reduces distance, confirming a negative cycle exists. Therefore, the graph contains a negative cycle.
Answer 3: Using Dynamic Programming: Let dp[x] = minimum coins to make x. Initialize dp[0]=0. Fill table up to 10: dp[1]=1, dp[2]=2, dp[3]=1, dp[4]=1, dp[5]=1, dp[6]=2, dp[7]=2, dp[8]=2, dp[9]=2, dp[10]=2. Minimum coins for 10 = 2 (5+5 or 4+3+3 is larger). Final answer: 2 coins.
Rubrics","Excellent (4): Very clear, neat diagrams/tables, strong justification | Good (3): Clear explanation | Average (2): Understandable but not neat | Poor (1): Poorly organized"
301_def,0,Definition of Data Mining,4.0,rater2,,301,images/301.png,What is Data Mining? Describe the steps of the KDD (Knowledge Discovery in Databases) process and explain why data mining is essential in modern organizations.,"Definition of Data Mining:
Data mining is the process of discovering meaningful patterns, knowledge, or useful information from large datasets using techniques from statistics, machine learning, and pattern recognition.
Steps of the KDD Process:
The Knowledge Discovery in Databases (KDD) process includes the following main steps:
1. Data Selection
2. Data Preprocessing / Cleaning
3. Data Transformation
4. Data Mining
5. Pattern Evaluation
6. Knowledge Presentation
Justification / Importance of Data Mining:
Data mining is essential in modern organizations because it enables data-driven decision making and provides insights that would otherwise remain hidden in large datasets. By analyzing customer behavior, transaction patterns, and market trends, organizations can make strategic decisions that improve efficiency, increase revenue, and reduce risks.

For example, a retail company can analyze purchase histories to recommend products to customers, thereby increasing sales and enhancing customer satisfaction. Similarly, banks can detect fraudulent transactions by identifying unusual patterns in account activity, which helps prevent financial losses.
Rubrics for DataMining ",Excellent (4): Clear and correct definition explaining discovery of useful patterns/knowledge from large datasets | Good (3): Correct definition but slightly incomplete | Average (2): Basic idea mentioned but not clearly defined | Poor (0-1): Incorrect or missing definition
301_kdd,1,KDD Process Steps,4.0,rater2,,301,images/301.png,What is Data Mining? Describe the steps of the KDD (Knowledge Discovery in Databases) process and explain why data mining is essential in modern organizations.,"Definition of Data Mining:
Data mining is the process of discovering meaningful patterns, knowledge, or useful information from large datasets using techniques from statistics, machine learning, and pattern recognition.
Steps of the KDD Process:
The Knowledge Discovery in Databases (KDD) process includes the following main steps:
1. Data Selection
2. Data Preprocessing / Cleaning
3. Data Transformation
4. Data Mining
5. Pattern Evaluation
6. Knowledge Presentation
Justification / Importance of Data Mining:
Data mining is essential in modern organizations because it enables data-driven decision making and provides insights that would otherwise remain hidden in large datasets. By analyzing customer behavior, transaction patterns, and market trends, organizations can make strategic decisions that improve efficiency, increase revenue, and reduce risks.

For example, a retail company can analyze purchase histories to recommend products to customers, thereby increasing sales and enhancing customer satisfaction. Similarly, banks can detect fraudulent transactions by identifying unusual patterns in account activity, which helps prevent financial losses.
Rubrics for DataMining ","Excellent (4): Most or all steps correctly identified (selection, preprocessing, transformation, data mining, evaluation, presentation) | Good (3): Several steps identified but some missing | Average (2): Few steps mentioned with limited understanding | Poor (0-1): Steps mostly incorrect or missing"
301_c2,2,Importance of Data Mining Marks=(4),4.0,rater2,,301,images/301.png,What is Data Mining? Describe the steps of the KDD (Knowledge Discovery in Databases) process and explain why data mining is essential in modern organizations.,"Definition of Data Mining:
Data mining is the process of discovering meaningful patterns, knowledge, or useful information from large datasets using techniques from statistics, machine learning, and pattern recognition.
Steps of the KDD Process:
The Knowledge Discovery in Databases (KDD) process includes the following main steps:
1. Data Selection
2. Data Preprocessing / Cleaning
3. Data Transformation
4. Data Mining
5. Pattern Evaluation
6. Knowledge Presentation
Justification / Importance of Data Mining:
Data mining is essential in modern organizations because it enables data-driven decision making and provides insights that would otherwise remain hidden in large datasets. By analyzing customer behavior, transaction patterns, and market trends, organizations can make strategic decisions that improve efficiency, increase revenue, and reduce risks.

For example, a retail company can analyze purchase histories to recommend products to customers, thereby increasing sales and enhancing customer satisfaction. Similarly, banks can detect fraudulent transactions by identifying unusual patterns in account activity, which helps prevent financial losses.
Rubrics for DataMining ",Excellent (4): Strong justification with clear reasoning | Good (3): Reasonable justification but limited explanation | Average (2): General statement with weak reasoning | Poor (0-1): No clear justification
301_ex,3,Example / Application,4.0,rater2,,301,images/301.png,What is Data Mining? Describe the steps of the KDD (Knowledge Discovery in Databases) process and explain why data mining is essential in modern organizations.,"Definition of Data Mining:
Data mining is the process of discovering meaningful patterns, knowledge, or useful information from large datasets using techniques from statistics, machine learning, and pattern recognition.
Steps of the KDD Process:
The Knowledge Discovery in Databases (KDD) process includes the following main steps:
1. Data Selection
2. Data Preprocessing / Cleaning
3. Data Transformation
4. Data Mining
5. Pattern Evaluation
6. Knowledge Presentation
Justification / Importance of Data Mining:
Data mining is essential in modern organizations because it enables data-driven decision making and provides insights that would otherwise remain hidden in large datasets. By analyzing customer behavior, transaction patterns, and market trends, organizations can make strategic decisions that improve efficiency, increase revenue, and reduce risks.

For example, a retail company can analyze purchase histories to recommend products to customers, thereby increasing sales and enhancing customer satisfaction. Similarly, banks can detect fraudulent transactions by identifying unusual patterns in account activity, which helps prevent financial losses.
Rubrics for DataMining ","Excellent (4): Relevant real-world example provided (e.g., marketing, fraud detection, recommendation systems) | Good (3): Example provided but not well explained | Average (2): Vague or unclear example | Poor (0-1): No example"
110_c0,0,Defintion of climate and weather,2.0,rater2,,110,images/110.png,"1. What do you mean by climate and weather?  2. Mention the climate variables. 3. Increased water temperature altered hemato-biochemical parameters in rohu, explain.","1. Definition of climate and weather: Climate: Climate is defined as an area's long-term weather patterns. The simplest way to describe climate is to look at average temperature and precipitation over time. It takes a long time to change.  Weather: Weather is the state of the atmosphere at a particular place during a short period of time. It can change within a short period of time, like minutes or hours.
2. Climate variables: Climate variable can be cassified into three categories such as physical, chemical, and biological. Some climate variables that are measured as follows:
3. Hemato-biochemical changes in rohu due to an increase of temparature  In rohu (Labeo rohita), increased water temperature causes thermal stress, which changes  normal blood and biochemical conditions. Usually, hemoglobin, RBC, glucose may rise at first because the fish needs more oxygen and energy to cope with stress,  while total protein and some ions may decrease due to disturbed metabolism and osmotic  imbalance.  Erythrocytic cellular abnormalities (ECA), erythrocytic nuclear abnormalities (ENA) may may also rise due to elevated temparature.  So, higher temperature alters hemato-biochemical parameters by affecting the  fish’s respiration, metabolism, and stress response.
Rubrics","Excellent (2): Clear concept with correct spelling and sentence structure | Good (1.75): Clear concept but average sentence structure and spelling | Average (1.25-1.5): Incomplete definition, with one correct definition but the rest incorrect. | Poor (=<1): Incomplete definition of both along with poor sentence structure"
110_c1,1,Name of the climate variables,2.0,rater2,,110,images/110.png,"1. What do you mean by climate and weather?  2. Mention the climate variables. 3. Increased water temperature altered hemato-biochemical parameters in rohu, explain.","1. Definition of climate and weather: Climate: Climate is defined as an area's long-term weather patterns. The simplest way to describe climate is to look at average temperature and precipitation over time. It takes a long time to change.  Weather: Weather is the state of the atmosphere at a particular place during a short period of time. It can change within a short period of time, like minutes or hours.
2. Climate variables: Climate variable can be cassified into three categories such as physical, chemical, and biological. Some climate variables that are measured as follows:
3. Hemato-biochemical changes in rohu due to an increase of temparature  In rohu (Labeo rohita), increased water temperature causes thermal stress, which changes  normal blood and biochemical conditions. Usually, hemoglobin, RBC, glucose may rise at first because the fish needs more oxygen and energy to cope with stress,  while total protein and some ions may decrease due to disturbed metabolism and osmotic  imbalance.  Erythrocytic cellular abnormalities (ECA), erythrocytic nuclear abnormalities (ENA) may may also rise due to elevated temparature.  So, higher temperature alters hemato-biochemical parameters by affecting the  fish’s respiration, metabolism, and stress response.
Rubrics","Excellent (2): Mention all the 6 variables correctly | Good (1.75): Mention 4 or 5 variables correctly | Average (1.25-1.5): Mention 3 or 4 variables correctly  | Poor (=<1): Mention 1 or 2 variables, or answer irrelevant variables"
110_c2,2,Hemato-biochemical changes in rohu due to an increase of temparature,2.0,rater2,,110,images/110.png,"1. What do you mean by climate and weather?  2. Mention the climate variables. 3. Increased water temperature altered hemato-biochemical parameters in rohu, explain.","1. Definition of climate and weather: Climate: Climate is defined as an area's long-term weather patterns. The simplest way to describe climate is to look at average temperature and precipitation over time. It takes a long time to change.  Weather: Weather is the state of the atmosphere at a particular place during a short period of time. It can change within a short period of time, like minutes or hours.
2. Climate variables: Climate variable can be cassified into three categories such as physical, chemical, and biological. Some climate variables that are measured as follows:
3. Hemato-biochemical changes in rohu due to an increase of temparature  In rohu (Labeo rohita), increased water temperature causes thermal stress, which changes  normal blood and biochemical conditions. Usually, hemoglobin, RBC, glucose may rise at first because the fish needs more oxygen and energy to cope with stress,  while total protein and some ions may decrease due to disturbed metabolism and osmotic  imbalance.  Erythrocytic cellular abnormalities (ECA), erythrocytic nuclear abnormalities (ENA) may may also rise due to elevated temparature.  So, higher temperature alters hemato-biochemical parameters by affecting the  fish’s respiration, metabolism, and stress response.
Rubrics","Excellent (2): Briefly describes the scientific process and altered parameters in an orderly manner | Good (1.75): Mentions the altered parameters properly, but does not mention the reasons | Average (1.25-1.5):  Mention 1 or 2  parameters properly and does not explain the cause also | Poor (=<1): Mention incomplete and irrelevant data"
377_c0,0,Understanding of Concept,4.0,rater2,,377,images/377.png,"Question 1. You are given the following values: 12, -5.4, 10000, 3.14, 0, 87, -200, 45.6, 999, 1.2. Choose the most efficient among Counting Sort, Radix Sort, or Bucket Sort for this dataset. Justify your selection and state the time and space complexity of all three algorithms.
2. A directed weighted graph is given below. Determine whether the graph contains a negative cycle using a step-by-step solution. Graph (text form): Vertices = {A, B, C, D}; Edges = A→B (4), B→C (-6), C→D (2), D→B (1), A→D (5).
3. You are given coin denominations: 1, 3, 4, 5. Find the minimum number of coins required to make 10 taka. Show the DP table and derive the final answer.","Answer 1: Bucket Sort is the most efficient for this dataset because it contains floating-point numbers and a wide range of values including negatives. Counting Sort is not suitable due to large range and non-integers, and Radix Sort is inefficient for floating-point values. Time Complexity: Counting Sort = O(n + k), Space = O(k); Radix Sort = O(d(n + k)), Space = O(n + k); Bucket Sort = O(n + k) average, worst O(n²), Space = O(n + k). Therefore, Bucket Sort is preferred.
Answer 2: Using Bellman-Ford algorithm: Step 1 initialize distances (A=0, others=∞). Step 2 relax edges repeatedly: A→B (4), B→C (-6), C→D (2), D→B (1). After V-1 iterations, distances keep decreasing due to cycle B→C→D→B with total weight (-6 + 2 + 1 = -3). Step 3 one more relaxation still reduces distance, confirming a negative cycle exists. Therefore, the graph contains a negative cycle.
Answer 3: Using Dynamic Programming: Let dp[x] = minimum coins to make x. Initialize dp[0]=0. Fill table up to 10: dp[1]=1, dp[2]=2, dp[3]=1, dp[4]=1, dp[5]=1, dp[6]=2, dp[7]=2, dp[8]=2, dp[9]=2, dp[10]=2. Minimum coins for 10 = 2 (5+5 or 4+3+3 is larger). Final answer: 2 coins.
Rubrics",Excellent (4): Fully correct and clearly demonstrates the concept | Good (3): Mostly correct with minor issues | Average (2): Partial understanding | Poor (1): Shows little understanding; answer mostly incorrect
377_c1,1,Step-by-Step Procedure,4.0,rater2,,377,images/377.png,"Question 1. You are given the following values: 12, -5.4, 10000, 3.14, 0, 87, -200, 45.6, 999, 1.2. Choose the most efficient among Counting Sort, Radix Sort, or Bucket Sort for this dataset. Justify your selection and state the time and space complexity of all three algorithms.
2. A directed weighted graph is given below. Determine whether the graph contains a negative cycle using a step-by-step solution. Graph (text form): Vertices = {A, B, C, D}; Edges = A→B (4), B→C (-6), C→D (2), D→B (1), A→D (5).
3. You are given coin denominations: 1, 3, 4, 5. Find the minimum number of coins required to make 10 taka. Show the DP table and derive the final answer.","Answer 1: Bucket Sort is the most efficient for this dataset because it contains floating-point numbers and a wide range of values including negatives. Counting Sort is not suitable due to large range and non-integers, and Radix Sort is inefficient for floating-point values. Time Complexity: Counting Sort = O(n + k), Space = O(k); Radix Sort = O(d(n + k)), Space = O(n + k); Bucket Sort = O(n + k) average, worst O(n²), Space = O(n + k). Therefore, Bucket Sort is preferred.
Answer 2: Using Bellman-Ford algorithm: Step 1 initialize distances (A=0, others=∞). Step 2 relax edges repeatedly: A→B (4), B→C (-6), C→D (2), D→B (1). After V-1 iterations, distances keep decreasing due to cycle B→C→D→B with total weight (-6 + 2 + 1 = -3). Step 3 one more relaxation still reduces distance, confirming a negative cycle exists. Therefore, the graph contains a negative cycle.
Answer 3: Using Dynamic Programming: Let dp[x] = minimum coins to make x. Initialize dp[0]=0. Fill table up to 10: dp[1]=1, dp[2]=2, dp[3]=1, dp[4]=1, dp[5]=1, dp[6]=2, dp[7]=2, dp[8]=2, dp[9]=2, dp[10]=2. Minimum coins for 10 = 2 (5+5 or 4+3+3 is larger). Final answer: 2 coins.
Rubrics",Excellent (4): All steps clearly shown and well structured | Good (3): Mostly correct steps | Average (2): Few correct steps | Poor (1): Missing or wrong steps
377_c2,2,Accuracy of Final Answer,4.0,rater2,,377,images/377.png,"Question 1. You are given the following values: 12, -5.4, 10000, 3.14, 0, 87, -200, 45.6, 999, 1.2. Choose the most efficient among Counting Sort, Radix Sort, or Bucket Sort for this dataset. Justify your selection and state the time and space complexity of all three algorithms.
2. A directed weighted graph is given below. Determine whether the graph contains a negative cycle using a step-by-step solution. Graph (text form): Vertices = {A, B, C, D}; Edges = A→B (4), B→C (-6), C→D (2), D→B (1), A→D (5).
3. You are given coin denominations: 1, 3, 4, 5. Find the minimum number of coins required to make 10 taka. Show the DP table and derive the final answer.","Answer 1: Bucket Sort is the most efficient for this dataset because it contains floating-point numbers and a wide range of values including negatives. Counting Sort is not suitable due to large range and non-integers, and Radix Sort is inefficient for floating-point values. Time Complexity: Counting Sort = O(n + k), Space = O(k); Radix Sort = O(d(n + k)), Space = O(n + k); Bucket Sort = O(n + k) average, worst O(n²), Space = O(n + k). Therefore, Bucket Sort is preferred.
Answer 2: Using Bellman-Ford algorithm: Step 1 initialize distances (A=0, others=∞). Step 2 relax edges repeatedly: A→B (4), B→C (-6), C→D (2), D→B (1). After V-1 iterations, distances keep decreasing due to cycle B→C→D→B with total weight (-6 + 2 + 1 = -3). Step 3 one more relaxation still reduces distance, confirming a negative cycle exists. Therefore, the graph contains a negative cycle.
Answer 3: Using Dynamic Programming: Let dp[x] = minimum coins to make x. Initialize dp[0]=0. Fill table up to 10: dp[1]=1, dp[2]=2, dp[3]=1, dp[4]=1, dp[5]=1, dp[6]=2, dp[7]=2, dp[8]=2, dp[9]=2, dp[10]=2. Minimum coins for 10 = 2 (5+5 or 4+3+3 is larger). Final answer: 2 coins.
Rubrics",Excellent (4): Fully accurate and justified | Good (3): Mostly correct | Average (2): Partially correct | Poor (1): Wrong result
377_c3,3,Clarity & Presentation,4.0,rater2,,377,images/377.png,"Question 1. You are given the following values: 12, -5.4, 10000, 3.14, 0, 87, -200, 45.6, 999, 1.2. Choose the most efficient among Counting Sort, Radix Sort, or Bucket Sort for this dataset. Justify your selection and state the time and space complexity of all three algorithms.
2. A directed weighted graph is given below. Determine whether the graph contains a negative cycle using a step-by-step solution. Graph (text form): Vertices = {A, B, C, D}; Edges = A→B (4), B→C (-6), C→D (2), D→B (1), A→D (5).
3. You are given coin denominations: 1, 3, 4, 5. Find the minimum number of coins required to make 10 taka. Show the DP table and derive the final answer.","Answer 1: Bucket Sort is the most efficient for this dataset because it contains floating-point numbers and a wide range of values including negatives. Counting Sort is not suitable due to large range and non-integers, and Radix Sort is inefficient for floating-point values. Time Complexity: Counting Sort = O(n + k), Space = O(k); Radix Sort = O(d(n + k)), Space = O(n + k); Bucket Sort = O(n + k) average, worst O(n²), Space = O(n + k). Therefore, Bucket Sort is preferred.
Answer 2: Using Bellman-Ford algorithm: Step 1 initialize distances (A=0, others=∞). Step 2 relax edges repeatedly: A→B (4), B→C (-6), C→D (2), D→B (1). After V-1 iterations, distances keep decreasing due to cycle B→C→D→B with total weight (-6 + 2 + 1 = -3). Step 3 one more relaxation still reduces distance, confirming a negative cycle exists. Therefore, the graph contains a negative cycle.
Answer 3: Using Dynamic Programming: Let dp[x] = minimum coins to make x. Initialize dp[0]=0. Fill table up to 10: dp[1]=1, dp[2]=2, dp[3]=1, dp[4]=1, dp[5]=1, dp[6]=2, dp[7]=2, dp[8]=2, dp[9]=2, dp[10]=2. Minimum coins for 10 = 2 (5+5 or 4+3+3 is larger). Final answer: 2 coins.
Rubrics","Excellent (4): Very clear, neat diagrams/tables, strong justification | Good (3): Clear explanation | Average (2): Understandable but not neat | Poor (1): Poorly organized"
432_c0,0,Supervised Learning,2.5,rater2,,432,images/432.png,"Describe Supervised, Unsupervised, and Reinforcement Machine Learning.","Supervised Learning:
Supervised learning is a type of machine learning in which the model is trained using labeled data. Each input is associated with a correct output, and the model learns to map inputs to outputs by minimizing error using a loss function.
Examples include spam detection, image classification, and regression tasks.
Unsupervised Learning:
Unsupervised learning is a type of machine learning where the model is trained on unlabeled data. It identifies hidden patterns, structures, or relationships within the data.
Common techniques include clustering and dimensionality reduction.
Examples include customer segmentation and anomaly detection.
Reinforcement Learning:
Reinforcement learning is a type of machine learning where an agent interacts with an environment and learns by receiving rewards or penalties. The objective is to learn an optimal policy that maximizes cumulative reward over time.
Examples include game playing, robotics, and self-driving systems.
Rubrics for Machine Learning",Excellent (2.5): Defines clearly AND includes key idea (labeled data + prediction/learning) AND example | Good (2): Correct definition but missing either key idea or example | Average (1.5): Partial understanding (only labeled data mentioned) | Poor (1): Incorrect or missing definition
432_c1,1,Unsupervised Learning,2.5,rater2,,432,images/432.png,"Describe Supervised, Unsupervised, and Reinforcement Machine Learning.","Supervised Learning:
Supervised learning is a type of machine learning in which the model is trained using labeled data. Each input is associated with a correct output, and the model learns to map inputs to outputs by minimizing error using a loss function.
Examples include spam detection, image classification, and regression tasks.
Unsupervised Learning:
Unsupervised learning is a type of machine learning where the model is trained on unlabeled data. It identifies hidden patterns, structures, or relationships within the data.
Common techniques include clustering and dimensionality reduction.
Examples include customer segmentation and anomaly detection.
Reinforcement Learning:
Reinforcement learning is a type of machine learning where an agent interacts with an environment and learns by receiving rewards or penalties. The objective is to learn an optimal policy that maximizes cumulative reward over time.
Examples include game playing, robotics, and self-driving systems.
Rubrics for Machine Learning","Excellent (2.5): Clearly states no labels AND mentions pattern discovery (e.g., clustering) with example | Good (2): Correct but lacks example or clarity | Average (1.5): Mentions no labels but no understanding of purpose | Poor (1): Incorrect or missing definition"
432_c2,2,Reinforcement Learning,2.5,rater2,,432,images/432.png,"Describe Supervised, Unsupervised, and Reinforcement Machine Learning.","Supervised Learning:
Supervised learning is a type of machine learning in which the model is trained using labeled data. Each input is associated with a correct output, and the model learns to map inputs to outputs by minimizing error using a loss function.
Examples include spam detection, image classification, and regression tasks.
Unsupervised Learning:
Unsupervised learning is a type of machine learning where the model is trained on unlabeled data. It identifies hidden patterns, structures, or relationships within the data.
Common techniques include clustering and dimensionality reduction.
Examples include customer segmentation and anomaly detection.
Reinforcement Learning:
Reinforcement learning is a type of machine learning where an agent interacts with an environment and learns by receiving rewards or penalties. The objective is to learn an optimal policy that maximizes cumulative reward over time.
Examples include game playing, robotics, and self-driving systems.
Rubrics for Machine Learning","Excellent (2.5): Clearly explains agent, environment, reward mechanism AND goal of maximizing reward | Good (2): Mentions reward-based learning but lacks full explanation | Average (1.5): Partial idea (trial-and-error only) | Poor (1): Incorrect or missing definition"
432_c3,3,"Example, Overall Clarity & Structure",2.5,rater2,,432,images/432.png,"Describe Supervised, Unsupervised, and Reinforcement Machine Learning.","Supervised Learning:
Supervised learning is a type of machine learning in which the model is trained using labeled data. Each input is associated with a correct output, and the model learns to map inputs to outputs by minimizing error using a loss function.
Examples include spam detection, image classification, and regression tasks.
Unsupervised Learning:
Unsupervised learning is a type of machine learning where the model is trained on unlabeled data. It identifies hidden patterns, structures, or relationships within the data.
Common techniques include clustering and dimensionality reduction.
Examples include customer segmentation and anomaly detection.
Reinforcement Learning:
Reinforcement learning is a type of machine learning where an agent interacts with an environment and learns by receiving rewards or penalties. The objective is to learn an optimal policy that maximizes cumulative reward over time.
Examples include game playing, robotics, and self-driving systems.
Rubrics for Machine Learning",Excellent (2.5): All three types clearly distinguished and well-organized | Good (2): Mostly clear but slight confusion between types | Average (1.5): Some mixing of concepts | Poor (1): Poor or unclear explanation
277_c0,0,Identification of Layers (2 Marks),2.0,rater2,,277,images/277.png,Q19: describe the 7 layers of OSI model (10 Marks),"The OSI (Open Systems Interconnection) model is a conceptual framework that divides network communication into seven layers, each responsible for a specific function. This layered approach helps in understanding, designing, and troubleshooting network systems.
OSI Model Diagram
+---------------------+
| 7. Application      |
+---------------------+
| 6. Presentation     |
+---------------------+
| 5. Session          |
+---------------------+
| 4. Transport        |
+---------------------+
| 3. Network          |
+---------------------+
| 2. Data Link        |
+---------------------+
| 1. Physical         |
+---------------------+
1. Physical Layer
The Physical layer is responsible for transmitting raw bits over a physical medium. It deals with hardware components such as cables, connectors, and electrical signals, ensuring that data is physically sent from one device to another.

2. Data Link Layer
The Data Link layer ensures reliable communication between directly connected devices by organizing data into frames and performing error detection. It also uses MAC addresses to identify devices within the same network.

3. Network Layer
The Network layer handles logical addressing and routing, determining the best path for data packets to travel from the source to the destination across multiple networks. Protocols such as IP operate at this layer.

4. Transport Layer
The Transport layer provides reliable data transfer through segmentation, flow control, and error recovery. It uses protocols like TCP for reliable communication and UDP for faster, connectionless transmission.

5. Session Layer
The Session layer is responsible for establishing, managing, and terminating communication sessions between applications. It maintains synchronization and controls the dialog during data exchange.

6. Presentation Layer
The Presentation layer focuses on data representation by translating, encrypting, and compressing data so that it can be properly understood by the receiving system. Technologies such as SSL/TLS operate at this level.

7. Application Layer
The Application layer is the topmost layer and provides network services directly to end users and applications. It enables interaction with the network through protocols such as HTTP, FTP, and SMTP.
Rubrics","Excellent: All 7 layers listed in correct order (2.0) | Good: 5–6 correct, minor order issue (1.5) | Average: 3–4 correct (1.0) | Poor: ≤2 or incorrect (0–0.5)"
277_c1,1,Explanation of Layers with diagram (4 Marks),4.0,rater2,,277,images/277.png,Q19: describe the 7 layers of OSI model (10 Marks),"The OSI (Open Systems Interconnection) model is a conceptual framework that divides network communication into seven layers, each responsible for a specific function. This layered approach helps in understanding, designing, and troubleshooting network systems.
OSI Model Diagram
+---------------------+
| 7. Application      |
+---------------------+
| 6. Presentation     |
+---------------------+
| 5. Session          |
+---------------------+
| 4. Transport        |
+---------------------+
| 3. Network          |
+---------------------+
| 2. Data Link        |
+---------------------+
| 1. Physical         |
+---------------------+
1. Physical Layer
The Physical layer is responsible for transmitting raw bits over a physical medium. It deals with hardware components such as cables, connectors, and electrical signals, ensuring that data is physically sent from one device to another.

2. Data Link Layer
The Data Link layer ensures reliable communication between directly connected devices by organizing data into frames and performing error detection. It also uses MAC addresses to identify devices within the same network.

3. Network Layer
The Network layer handles logical addressing and routing, determining the best path for data packets to travel from the source to the destination across multiple networks. Protocols such as IP operate at this layer.

4. Transport Layer
The Transport layer provides reliable data transfer through segmentation, flow control, and error recovery. It uses protocols like TCP for reliable communication and UDP for faster, connectionless transmission.

5. Session Layer
The Session layer is responsible for establishing, managing, and terminating communication sessions between applications. It maintains synchronization and controls the dialog during data exchange.

6. Presentation Layer
The Presentation layer focuses on data representation by translating, encrypting, and compressing data so that it can be properly understood by the receiving system. Technologies such as SSL/TLS operate at this level.

7. Application Layer
The Application layer is the topmost layer and provides network services directly to end users and applications. It enables interaction with the network through protocols such as HTTP, FTP, and SMTP.
Rubrics",Excellent: Accurate explanation of all 7 layers with full diagram (4.0) | Good: Most layers explained correctly and no/partial diagram (3.0) | Average: Partial explanation and no  diagram (2.0) | Poor: Incorrect or missing diagram or explaination (0-1.0)
277_c2,2,Technical Accuracy (2 Marks),2.0,rater2,,277,images/277.png,Q19: describe the 7 layers of OSI model (10 Marks),"The OSI (Open Systems Interconnection) model is a conceptual framework that divides network communication into seven layers, each responsible for a specific function. This layered approach helps in understanding, designing, and troubleshooting network systems.
OSI Model Diagram
+---------------------+
| 7. Application      |
+---------------------+
| 6. Presentation     |
+---------------------+
| 5. Session          |
+---------------------+
| 4. Transport        |
+---------------------+
| 3. Network          |
+---------------------+
| 2. Data Link        |
+---------------------+
| 1. Physical         |
+---------------------+
1. Physical Layer
The Physical layer is responsible for transmitting raw bits over a physical medium. It deals with hardware components such as cables, connectors, and electrical signals, ensuring that data is physically sent from one device to another.

2. Data Link Layer
The Data Link layer ensures reliable communication between directly connected devices by organizing data into frames and performing error detection. It also uses MAC addresses to identify devices within the same network.

3. Network Layer
The Network layer handles logical addressing and routing, determining the best path for data packets to travel from the source to the destination across multiple networks. Protocols such as IP operate at this layer.

4. Transport Layer
The Transport layer provides reliable data transfer through segmentation, flow control, and error recovery. It uses protocols like TCP for reliable communication and UDP for faster, connectionless transmission.

5. Session Layer
The Session layer is responsible for establishing, managing, and terminating communication sessions between applications. It maintains synchronization and controls the dialog during data exchange.

6. Presentation Layer
The Presentation layer focuses on data representation by translating, encrypting, and compressing data so that it can be properly understood by the receiving system. Technologies such as SSL/TLS operate at this level.

7. Application Layer
The Application layer is the topmost layer and provides network services directly to end users and applications. It enables interaction with the network through protocols such as HTTP, FTP, and SMTP.
Rubrics",Excellent: Correct terminology used consistently (2.0) | Good: Minor mistakes (1.5) | Average: Limited technical terms (1.0) | Poor: Incorrect terminology (0-0.5)
277_c3,3,Examples/Protocols(1 Mark),1.0,rater2,,277,images/277.png,Q19: describe the 7 layers of OSI model (10 Marks),"The OSI (Open Systems Interconnection) model is a conceptual framework that divides network communication into seven layers, each responsible for a specific function. This layered approach helps in understanding, designing, and troubleshooting network systems.
OSI Model Diagram
+---------------------+
| 7. Application      |
+---------------------+
| 6. Presentation     |
+---------------------+
| 5. Session          |
+---------------------+
| 4. Transport        |
+---------------------+
| 3. Network          |
+---------------------+
| 2. Data Link        |
+---------------------+
| 1. Physical         |
+---------------------+
1. Physical Layer
The Physical layer is responsible for transmitting raw bits over a physical medium. It deals with hardware components such as cables, connectors, and electrical signals, ensuring that data is physically sent from one device to another.

2. Data Link Layer
The Data Link layer ensures reliable communication between directly connected devices by organizing data into frames and performing error detection. It also uses MAC addresses to identify devices within the same network.

3. Network Layer
The Network layer handles logical addressing and routing, determining the best path for data packets to travel from the source to the destination across multiple networks. Protocols such as IP operate at this layer.

4. Transport Layer
The Transport layer provides reliable data transfer through segmentation, flow control, and error recovery. It uses protocols like TCP for reliable communication and UDP for faster, connectionless transmission.

5. Session Layer
The Session layer is responsible for establishing, managing, and terminating communication sessions between applications. It maintains synchronization and controls the dialog during data exchange.

6. Presentation Layer
The Presentation layer focuses on data representation by translating, encrypting, and compressing data so that it can be properly understood by the receiving system. Technologies such as SSL/TLS operate at this level.

7. Application Layer
The Application layer is the topmost layer and provides network services directly to end users and applications. It enables interaction with the network through protocols such as HTTP, FTP, and SMTP.
Rubrics",Excellent: Relevant examples for multiple layers (1.0) | Good: Some examples (0.5–0.75) | Average: Very Few Examples (0.25) | Poor: No examples (0)
277_c4,4,Clarity & Organization (1 Mark),1.0,rater2,,277,images/277.png,Q19: describe the 7 layers of OSI model (10 Marks),"The OSI (Open Systems Interconnection) model is a conceptual framework that divides network communication into seven layers, each responsible for a specific function. This layered approach helps in understanding, designing, and troubleshooting network systems.
OSI Model Diagram
+---------------------+
| 7. Application      |
+---------------------+
| 6. Presentation     |
+---------------------+
| 5. Session          |
+---------------------+
| 4. Transport        |
+---------------------+
| 3. Network          |
+---------------------+
| 2. Data Link        |
+---------------------+
| 1. Physical         |
+---------------------+
1. Physical Layer
The Physical layer is responsible for transmitting raw bits over a physical medium. It deals with hardware components such as cables, connectors, and electrical signals, ensuring that data is physically sent from one device to another.

2. Data Link Layer
The Data Link layer ensures reliable communication between directly connected devices by organizing data into frames and performing error detection. It also uses MAC addresses to identify devices within the same network.

3. Network Layer
The Network layer handles logical addressing and routing, determining the best path for data packets to travel from the source to the destination across multiple networks. Protocols such as IP operate at this layer.

4. Transport Layer
The Transport layer provides reliable data transfer through segmentation, flow control, and error recovery. It uses protocols like TCP for reliable communication and UDP for faster, connectionless transmission.

5. Session Layer
The Session layer is responsible for establishing, managing, and terminating communication sessions between applications. It maintains synchronization and controls the dialog during data exchange.

6. Presentation Layer
The Presentation layer focuses on data representation by translating, encrypting, and compressing data so that it can be properly understood by the receiving system. Technologies such as SSL/TLS operate at this level.

7. Application Layer
The Application layer is the topmost layer and provides network services directly to end users and applications. It enables interaction with the network through protocols such as HTTP, FTP, and SMTP.
Rubrics","Excellent: Very clear, neat diagrams/tables, strong justification (1.0) | Good: Clear explanation (0.75) | Average: Understandable but not neat (0.5) | Poor: Poorly organized (0-0.25)"
169_c0,0,Understanding of normalization and related problems(3),3.0,rater2,,169,images/169.png,"Question 1. In database systems, poor design can lead to data redundancy and update anomalies.","Answer 1: Poor database design leads to data redundancy and update anomalies. Redundancy means storing the same data repeatedly, which increases storage and causes inconsistency. The main anomalies are:

Insertion anomaly: Cannot insert data without adding unrelated information
Deletion anomaly: Deleting a record may remove useful data
Update anomaly: Same data must be updated in multiple rows

Normalization is used to organize data and eliminate these problems.

Normal Forms:

1NF: Ensures atomic values and removes repeating groups
2NF: Removes partial dependency (non-key depends on full primary key)
3NF: Removes transitive dependency (non-key depends only on primary key)

Example:

Unnormalized Table:
StudentID | Course | Instructor | InstructorPhone
1 | DBMS | Rahim | 017XX
1 | AI | Karim | 018XX

Problems: Instructor data is repeated → redundancy and update anomaly.

After Normalization:

StudentCourse:
StudentID | Course

CourseInstructor:
Course | Instructor | InstructorPhone

Now redundancy is minimized and anomalies are removed.
Answer 2:A poorly designed database suffers from redundancy and update anomalies, which reduce data consistency.

Suppose we have a table:
OrderID | CustomerName | CustomerAddress | Product

If a customer places multiple orders, their address is stored repeatedly → data redundancy.

Anomalies:

Insertion anomaly: Cannot add a new customer without an order
Deletion anomaly: Deleting last order removes customer info
Update anomaly: Changing address requires multiple updates

To solve this, we apply normalization.

Normal Forms:

1NF: Removes repeating attributes
2NF: Eliminates partial dependency
3NF: Eliminates transitive dependency

Normalized Tables:

Customer:
CustomerID | Name | Address

Order:
OrderID | CustomerID | Product

Now each fact is stored once, reducing redundancy and eliminating anomalies.
Answer 3: Poor database design causes redundant data storage and anomalies (insertion, deletion, update), leading to inconsistency.

Normalization is a step-by-step process to improve database structure.

Example (Unnormalized Table):
StudentID | StudentName | Course | Instructor | InstructorOffice

Problems:

Instructor details repeated → redundancy
Update anomaly if instructor office changes
Step 1: Convert to 1NF

Ensure atomic values (already satisfied, no repeating groups)

Step 2: Convert to 2NF

Remove partial dependency:

StudentName depends only on StudentID

Student Table:
StudentID | StudentName

Step 3: Convert to 3NF

Remove transitive dependency:

InstructorOffice depends on Instructor

Course Table:
Course | Instructor

Instructor Table:
Instructor | InstructorOffice

Now:

No redundant data
All anomalies removed
Database is well-structured
Rubrics","Excellent (2/3): Clearly explains normalization purpose; correctly identifies redundancy and all anomalies (insertion, deletion, update) with reasoning | Good (0.5-2):  Explains normalization and anomalies but misses depth or one type | Average (0.2-0.5):  Basic idea; anomalies unclear or partially incorrect | Poor (0-0.2):  No clear understanding; mostly incorrect"
169_c1,1,Explanation of normal forms(3),3.0,rater2,,169,images/169.png,"Question 1. In database systems, poor design can lead to data redundancy and update anomalies.","Answer 1: Poor database design leads to data redundancy and update anomalies. Redundancy means storing the same data repeatedly, which increases storage and causes inconsistency. The main anomalies are:

Insertion anomaly: Cannot insert data without adding unrelated information
Deletion anomaly: Deleting a record may remove useful data
Update anomaly: Same data must be updated in multiple rows

Normalization is used to organize data and eliminate these problems.

Normal Forms:

1NF: Ensures atomic values and removes repeating groups
2NF: Removes partial dependency (non-key depends on full primary key)
3NF: Removes transitive dependency (non-key depends only on primary key)

Example:

Unnormalized Table:
StudentID | Course | Instructor | InstructorPhone
1 | DBMS | Rahim | 017XX
1 | AI | Karim | 018XX

Problems: Instructor data is repeated → redundancy and update anomaly.

After Normalization:

StudentCourse:
StudentID | Course

CourseInstructor:
Course | Instructor | InstructorPhone

Now redundancy is minimized and anomalies are removed.
Answer 2:A poorly designed database suffers from redundancy and update anomalies, which reduce data consistency.

Suppose we have a table:
OrderID | CustomerName | CustomerAddress | Product

If a customer places multiple orders, their address is stored repeatedly → data redundancy.

Anomalies:

Insertion anomaly: Cannot add a new customer without an order
Deletion anomaly: Deleting last order removes customer info
Update anomaly: Changing address requires multiple updates

To solve this, we apply normalization.

Normal Forms:

1NF: Removes repeating attributes
2NF: Eliminates partial dependency
3NF: Eliminates transitive dependency

Normalized Tables:

Customer:
CustomerID | Name | Address

Order:
OrderID | CustomerID | Product

Now each fact is stored once, reducing redundancy and eliminating anomalies.
Answer 3: Poor database design causes redundant data storage and anomalies (insertion, deletion, update), leading to inconsistency.

Normalization is a step-by-step process to improve database structure.

Example (Unnormalized Table):
StudentID | StudentName | Course | Instructor | InstructorOffice

Problems:

Instructor details repeated → redundancy
Update anomaly if instructor office changes
Step 1: Convert to 1NF

Ensure atomic values (already satisfied, no repeating groups)

Step 2: Convert to 2NF

Remove partial dependency:

StudentName depends only on StudentID

Student Table:
StudentID | StudentName

Step 3: Convert to 3NF

Remove transitive dependency:

InstructorOffice depends on Instructor

Course Table:
Course | Instructor

Instructor Table:
Instructor | InstructorOffice

Now:

No redundant data
All anomalies removed
Database is well-structured
Rubrics","Excellent (2/3):  Correctly explains 1NF, 2NF, 3NF with conditions and how they remove anomalies | Good (0.5-2):  Explains normal forms with minor mistakes or missing details | Average (0.2-0.5):  Mentions normal forms but incomplete/partially wrong | Poor (0-0.2): Incorrect or missing explanation"
169_c2,2,Use of example(2),2.0,rater2,,169,images/169.png,"Question 1. In database systems, poor design can lead to data redundancy and update anomalies.","Answer 1: Poor database design leads to data redundancy and update anomalies. Redundancy means storing the same data repeatedly, which increases storage and causes inconsistency. The main anomalies are:

Insertion anomaly: Cannot insert data without adding unrelated information
Deletion anomaly: Deleting a record may remove useful data
Update anomaly: Same data must be updated in multiple rows

Normalization is used to organize data and eliminate these problems.

Normal Forms:

1NF: Ensures atomic values and removes repeating groups
2NF: Removes partial dependency (non-key depends on full primary key)
3NF: Removes transitive dependency (non-key depends only on primary key)

Example:

Unnormalized Table:
StudentID | Course | Instructor | InstructorPhone
1 | DBMS | Rahim | 017XX
1 | AI | Karim | 018XX

Problems: Instructor data is repeated → redundancy and update anomaly.

After Normalization:

StudentCourse:
StudentID | Course

CourseInstructor:
Course | Instructor | InstructorPhone

Now redundancy is minimized and anomalies are removed.
Answer 2:A poorly designed database suffers from redundancy and update anomalies, which reduce data consistency.

Suppose we have a table:
OrderID | CustomerName | CustomerAddress | Product

If a customer places multiple orders, their address is stored repeatedly → data redundancy.

Anomalies:

Insertion anomaly: Cannot add a new customer without an order
Deletion anomaly: Deleting last order removes customer info
Update anomaly: Changing address requires multiple updates

To solve this, we apply normalization.

Normal Forms:

1NF: Removes repeating attributes
2NF: Eliminates partial dependency
3NF: Eliminates transitive dependency

Normalized Tables:

Customer:
CustomerID | Name | Address

Order:
OrderID | CustomerID | Product

Now each fact is stored once, reducing redundancy and eliminating anomalies.
Answer 3: Poor database design causes redundant data storage and anomalies (insertion, deletion, update), leading to inconsistency.

Normalization is a step-by-step process to improve database structure.

Example (Unnormalized Table):
StudentID | StudentName | Course | Instructor | InstructorOffice

Problems:

Instructor details repeated → redundancy
Update anomaly if instructor office changes
Step 1: Convert to 1NF

Ensure atomic values (already satisfied, no repeating groups)

Step 2: Convert to 2NF

Remove partial dependency:

StudentName depends only on StudentID

Student Table:
StudentID | StudentName

Step 3: Convert to 3NF

Remove transitive dependency:

InstructorOffice depends on Instructor

Course Table:
Course | Instructor

Instructor Table:
Instructor | InstructorOffice

Now:

No redundant data
All anomalies removed
Database is well-structured
Rubrics",Excellent (2/3):  Clear table/example; shows anomalies and normalization steps correctly | Good (0.5-2):  Relevant example but explanation partially unclear | Average (0.2-0.5):  Example present but weak connection to concept | Poor (0-0.2):  No example or incorrect
169_c3,3,Clear and organized writing(2),2.0,rater2,,169,images/169.png,"Question 1. In database systems, poor design can lead to data redundancy and update anomalies.","Answer 1: Poor database design leads to data redundancy and update anomalies. Redundancy means storing the same data repeatedly, which increases storage and causes inconsistency. The main anomalies are:

Insertion anomaly: Cannot insert data without adding unrelated information
Deletion anomaly: Deleting a record may remove useful data
Update anomaly: Same data must be updated in multiple rows

Normalization is used to organize data and eliminate these problems.

Normal Forms:

1NF: Ensures atomic values and removes repeating groups
2NF: Removes partial dependency (non-key depends on full primary key)
3NF: Removes transitive dependency (non-key depends only on primary key)

Example:

Unnormalized Table:
StudentID | Course | Instructor | InstructorPhone
1 | DBMS | Rahim | 017XX
1 | AI | Karim | 018XX

Problems: Instructor data is repeated → redundancy and update anomaly.

After Normalization:

StudentCourse:
StudentID | Course

CourseInstructor:
Course | Instructor | InstructorPhone

Now redundancy is minimized and anomalies are removed.
Answer 2:A poorly designed database suffers from redundancy and update anomalies, which reduce data consistency.

Suppose we have a table:
OrderID | CustomerName | CustomerAddress | Product

If a customer places multiple orders, their address is stored repeatedly → data redundancy.

Anomalies:

Insertion anomaly: Cannot add a new customer without an order
Deletion anomaly: Deleting last order removes customer info
Update anomaly: Changing address requires multiple updates

To solve this, we apply normalization.

Normal Forms:

1NF: Removes repeating attributes
2NF: Eliminates partial dependency
3NF: Eliminates transitive dependency

Normalized Tables:

Customer:
CustomerID | Name | Address

Order:
OrderID | CustomerID | Product

Now each fact is stored once, reducing redundancy and eliminating anomalies.
Answer 3: Poor database design causes redundant data storage and anomalies (insertion, deletion, update), leading to inconsistency.

Normalization is a step-by-step process to improve database structure.

Example (Unnormalized Table):
StudentID | StudentName | Course | Instructor | InstructorOffice

Problems:

Instructor details repeated → redundancy
Update anomaly if instructor office changes
Step 1: Convert to 1NF

Ensure atomic values (already satisfied, no repeating groups)

Step 2: Convert to 2NF

Remove partial dependency:

StudentName depends only on StudentID

Student Table:
StudentID | StudentName

Step 3: Convert to 3NF

Remove transitive dependency:

InstructorOffice depends on Instructor

Course Table:
Course | Instructor

Instructor Table:
Instructor | InstructorOffice

Now:

No redundant data
All anomalies removed
Database is well-structured
Rubrics","Excellent (2/3):  Very well-structured; clear flow, neat tables/steps | Good (0.5-2):  Generally clear with minor issues | Average (0.2-0.5): Understandable but poorly structured | Poor (0-0.2):  Disorganized and unclear"
309_def,0,Definition of Data Mining,4.0,rater2,,309,images/309.png,What is Data Mining? Describe the steps of the KDD (Knowledge Discovery in Databases) process and explain why data mining is essential in modern organizations.,"Definition of Data Mining:
Data mining is the process of discovering meaningful patterns, knowledge, or useful information from large datasets using techniques from statistics, machine learning, and pattern recognition.
Steps of the KDD Process:
The Knowledge Discovery in Databases (KDD) process includes the following main steps:
1. Data Selection
2. Data Preprocessing / Cleaning
3. Data Transformation
4. Data Mining
5. Pattern Evaluation
6. Knowledge Presentation
Justification / Importance of Data Mining:
Data mining is essential in modern organizations because it enables data-driven decision making and provides insights that would otherwise remain hidden in large datasets. By analyzing customer behavior, transaction patterns, and market trends, organizations can make strategic decisions that improve efficiency, increase revenue, and reduce risks.

For example, a retail company can analyze purchase histories to recommend products to customers, thereby increasing sales and enhancing customer satisfaction. Similarly, banks can detect fraudulent transactions by identifying unusual patterns in account activity, which helps prevent financial losses.
Rubrics for DataMining ",Excellent (4): Clear and correct definition explaining discovery of useful patterns/knowledge from large datasets | Good (3): Correct definition but slightly incomplete | Average (2): Basic idea mentioned but not clearly defined | Poor (0-1): Incorrect or missing definition
309_kdd,1,KDD Process Steps,4.0,rater2,,309,images/309.png,What is Data Mining? Describe the steps of the KDD (Knowledge Discovery in Databases) process and explain why data mining is essential in modern organizations.,"Definition of Data Mining:
Data mining is the process of discovering meaningful patterns, knowledge, or useful information from large datasets using techniques from statistics, machine learning, and pattern recognition.
Steps of the KDD Process:
The Knowledge Discovery in Databases (KDD) process includes the following main steps:
1. Data Selection
2. Data Preprocessing / Cleaning
3. Data Transformation
4. Data Mining
5. Pattern Evaluation
6. Knowledge Presentation
Justification / Importance of Data Mining:
Data mining is essential in modern organizations because it enables data-driven decision making and provides insights that would otherwise remain hidden in large datasets. By analyzing customer behavior, transaction patterns, and market trends, organizations can make strategic decisions that improve efficiency, increase revenue, and reduce risks.

For example, a retail company can analyze purchase histories to recommend products to customers, thereby increasing sales and enhancing customer satisfaction. Similarly, banks can detect fraudulent transactions by identifying unusual patterns in account activity, which helps prevent financial losses.
Rubrics for DataMining ","Excellent (4): Most or all steps correctly identified (selection, preprocessing, transformation, data mining, evaluation, presentation) | Good (3): Several steps identified but some missing | Average (2): Few steps mentioned with limited understanding | Poor (0-1): Steps mostly incorrect or missing"
309_c2,2,Importance of Data Mining Marks=(4),4.0,rater2,,309,images/309.png,What is Data Mining? Describe the steps of the KDD (Knowledge Discovery in Databases) process and explain why data mining is essential in modern organizations.,"Definition of Data Mining:
Data mining is the process of discovering meaningful patterns, knowledge, or useful information from large datasets using techniques from statistics, machine learning, and pattern recognition.
Steps of the KDD Process:
The Knowledge Discovery in Databases (KDD) process includes the following main steps:
1. Data Selection
2. Data Preprocessing / Cleaning
3. Data Transformation
4. Data Mining
5. Pattern Evaluation
6. Knowledge Presentation
Justification / Importance of Data Mining:
Data mining is essential in modern organizations because it enables data-driven decision making and provides insights that would otherwise remain hidden in large datasets. By analyzing customer behavior, transaction patterns, and market trends, organizations can make strategic decisions that improve efficiency, increase revenue, and reduce risks.

For example, a retail company can analyze purchase histories to recommend products to customers, thereby increasing sales and enhancing customer satisfaction. Similarly, banks can detect fraudulent transactions by identifying unusual patterns in account activity, which helps prevent financial losses.
Rubrics for DataMining ",Excellent (4): Strong justification with clear reasoning | Good (3): Reasonable justification but limited explanation | Average (2): General statement with weak reasoning | Poor (0-1): No clear justification
309_ex,3,Example / Application,4.0,rater2,,309,images/309.png,What is Data Mining? Describe the steps of the KDD (Knowledge Discovery in Databases) process and explain why data mining is essential in modern organizations.,"Definition of Data Mining:
Data mining is the process of discovering meaningful patterns, knowledge, or useful information from large datasets using techniques from statistics, machine learning, and pattern recognition.
Steps of the KDD Process:
The Knowledge Discovery in Databases (KDD) process includes the following main steps:
1. Data Selection
2. Data Preprocessing / Cleaning
3. Data Transformation
4. Data Mining
5. Pattern Evaluation
6. Knowledge Presentation
Justification / Importance of Data Mining:
Data mining is essential in modern organizations because it enables data-driven decision making and provides insights that would otherwise remain hidden in large datasets. By analyzing customer behavior, transaction patterns, and market trends, organizations can make strategic decisions that improve efficiency, increase revenue, and reduce risks.

For example, a retail company can analyze purchase histories to recommend products to customers, thereby increasing sales and enhancing customer satisfaction. Similarly, banks can detect fraudulent transactions by identifying unusual patterns in account activity, which helps prevent financial losses.
Rubrics for DataMining ","Excellent (4): Relevant real-world example provided (e.g., marketing, fraud detection, recommendation systems) | Good (3): Example provided but not well explained | Average (2): Vague or unclear example | Poor (0-1): No example"
469_c0,0,Definition of Method Overloading,4.0,rater2,,469,images/469.png,Differentiate between method overloading and method overriding (in Java) with examples.,"
Definition of Method Overloading:
 Method overloading occurs when multiple methods in the same class have the same name but different parameter lists (different number, type, or order of parameters). It is an example of compile-time polymorphism because the compiler determines which method will be executed.

Definition of Method Overriding: 
Method overriding occurs when a subclass provides a new implementation of a method already defined in the parent class using the same method signature. It is an example of run-time polymorphism because the method call is resolved during execution.

Comparison:
| Method Overloading                                              | Method Overriding                                              |
| --------------------------------------                         | ----------------------------------------                     |
| Happens within the same class                         | Happens between parent and child classes |
| Same method name, different parameters | Same method name, same parameters        |
| Compile-time polymorphism                            | Run-time polymorphism                                     |
| Inheritance not required                                     | Inheritance required                                             |





Example:

class Area {
    int calculate(int side) {
        return side * side;
    }

    int calculate(int length, int width) {
        return length * width;
    }
}

class Bird {
    void fly() {
        System.out.println(""Bird flies"");
    }
}

class Sparrow extends Bird {
    void fly() {
        System.out.println(""Sparrow flies low"");
    }
}

calculate() is overloaded and fly() is overridden..","Excellent (4): Clearly defines method
 overloading as same
 method name with different
 parameter lists in the same
 class; mentions compile-time 
polymorphism correctly | Good (3): Defines correctly but 
misses one important aspect
(e.g., compile-time polymorphism 
or parameter variation) | Average (2): Partial definition with 
limited clarity | Poor (1): Incorrect or missing definition"
469_c1,1,Definition of Method Overriding,4.0,rater2,,469,images/469.png,Differentiate between method overloading and method overriding (in Java) with examples.,"
Definition of Method Overloading:
 Method overloading occurs when multiple methods in the same class have the same name but different parameter lists (different number, type, or order of parameters). It is an example of compile-time polymorphism because the compiler determines which method will be executed.

Definition of Method Overriding: 
Method overriding occurs when a subclass provides a new implementation of a method already defined in the parent class using the same method signature. It is an example of run-time polymorphism because the method call is resolved during execution.

Comparison:
| Method Overloading                                              | Method Overriding                                              |
| --------------------------------------                         | ----------------------------------------                     |
| Happens within the same class                         | Happens between parent and child classes |
| Same method name, different parameters | Same method name, same parameters        |
| Compile-time polymorphism                            | Run-time polymorphism                                     |
| Inheritance not required                                     | Inheritance required                                             |





Example:

class Area {
    int calculate(int side) {
        return side * side;
    }

    int calculate(int length, int width) {
        return length * width;
    }
}

class Bird {
    void fly() {
        System.out.println(""Bird flies"");
    }
}

class Sparrow extends Bird {
    void fly() {
        System.out.println(""Sparrow flies low"");
    }
}

calculate() is overloaded and fly() is overridden..","Excellent (4): Clearly defines method
 overriding as redefining 
inherited method in child 
class with same signature; 
mentions run-time 
polymorphism correctly | Good (3): Correct definition with
 minor missing point | Average (2): Partial explanation | Poor (1): Incorrect or missing definition"
469_c2,2,Comparision,4.0,rater2,,469,images/469.png,Differentiate between method overloading and method overriding (in Java) with examples.,"
Definition of Method Overloading:
 Method overloading occurs when multiple methods in the same class have the same name but different parameter lists (different number, type, or order of parameters). It is an example of compile-time polymorphism because the compiler determines which method will be executed.

Definition of Method Overriding: 
Method overriding occurs when a subclass provides a new implementation of a method already defined in the parent class using the same method signature. It is an example of run-time polymorphism because the method call is resolved during execution.

Comparison:
| Method Overloading                                              | Method Overriding                                              |
| --------------------------------------                         | ----------------------------------------                     |
| Happens within the same class                         | Happens between parent and child classes |
| Same method name, different parameters | Same method name, same parameters        |
| Compile-time polymorphism                            | Run-time polymorphism                                     |
| Inheritance not required                                     | Inheritance required                                             |





Example:

class Area {
    int calculate(int side) {
        return side * side;
    }

    int calculate(int length, int width) {
        return length * width;
    }
}

class Bird {
    void fly() {
        System.out.println(""Bird flies"");
    }
}

class Sparrow extends Bird {
    void fly() {
        System.out.println(""Sparrow flies low"");
    }
}

calculate() is overloaded and fly() is overridden..","Excellent (4): Clearly identifies at least 
4 major differences: 
class relationship, parameters, 
binding time, inheritance 
requirement | Good (3): Identifies 3 differences 
correctly | Average (2): Identifies 2 differences
 | Poor (1): Very limited or incorrect 
comparison"
469_ex,3,Example / Application,4.0,rater2,,469,images/469.png,Differentiate between method overloading and method overriding (in Java) with examples.,"
Definition of Method Overloading:
 Method overloading occurs when multiple methods in the same class have the same name but different parameter lists (different number, type, or order of parameters). It is an example of compile-time polymorphism because the compiler determines which method will be executed.

Definition of Method Overriding: 
Method overriding occurs when a subclass provides a new implementation of a method already defined in the parent class using the same method signature. It is an example of run-time polymorphism because the method call is resolved during execution.

Comparison:
| Method Overloading                                              | Method Overriding                                              |
| --------------------------------------                         | ----------------------------------------                     |
| Happens within the same class                         | Happens between parent and child classes |
| Same method name, different parameters | Same method name, same parameters        |
| Compile-time polymorphism                            | Run-time polymorphism                                     |
| Inheritance not required                                     | Inheritance required                                             |





Example:

class Area {
    int calculate(int side) {
        return side * side;
    }

    int calculate(int length, int width) {
        return length * width;
    }
}

class Bird {
    void fly() {
        System.out.println(""Bird flies"");
    }
}

class Sparrow extends Bird {
    void fly() {
        System.out.println(""Sparrow flies low"");
    }
}

calculate() is overloaded and fly() is overridden..","Excellent (4): Provides correct and 
complete programming 
example for both overloading
 and overriding with clear 
explanation | Good (3): Example mostly
correct
 with minor error | Average (2): Partial example or 
only one concept shown | Poor (1): No valid example"
106_c0,0,Defintion of climate and weather,2.0,rater2,,106,images/106.png,"1. What do you mean by climate and weather?  2. Mention the climate variables. 3. Increased water temperature altered hemato-biochemical parameters in rohu, explain.","1. Definition of climate and weather: Climate: Climate is defined as an area's long-term weather patterns. The simplest way to describe climate is to look at average temperature and precipitation over time. It takes a long time to change.  Weather: Weather is the state of the atmosphere at a particular place during a short period of time. It can change within a short period of time, like minutes or hours.
2. Climate variables: Climate variable can be cassified into three categories such as physical, chemical, and biological. Some climate variables that are measured as follows:
3. Hemato-biochemical changes in rohu due to an increase of temparature  In rohu (Labeo rohita), increased water temperature causes thermal stress, which changes  normal blood and biochemical conditions. Usually, hemoglobin, RBC, glucose may rise at first because the fish needs more oxygen and energy to cope with stress,  while total protein and some ions may decrease due to disturbed metabolism and osmotic  imbalance.  Erythrocytic cellular abnormalities (ECA), erythrocytic nuclear abnormalities (ENA) may may also rise due to elevated temparature.  So, higher temperature alters hemato-biochemical parameters by affecting the  fish’s respiration, metabolism, and stress response.
Rubrics","Excellent (2): Clear concept with correct spelling and sentence structure | Good (1.75): Clear concept but average sentence structure and spelling | Average (1.25-1.5): Incomplete definition, with one correct definition but the rest incorrect. | Poor (=<1): Incomplete definition of both along with poor sentence structure"
106_c1,1,Name of the climate variables,2.0,rater2,,106,images/106.png,"1. What do you mean by climate and weather?  2. Mention the climate variables. 3. Increased water temperature altered hemato-biochemical parameters in rohu, explain.","1. Definition of climate and weather: Climate: Climate is defined as an area's long-term weather patterns. The simplest way to describe climate is to look at average temperature and precipitation over time. It takes a long time to change.  Weather: Weather is the state of the atmosphere at a particular place during a short period of time. It can change within a short period of time, like minutes or hours.
2. Climate variables: Climate variable can be cassified into three categories such as physical, chemical, and biological. Some climate variables that are measured as follows:
3. Hemato-biochemical changes in rohu due to an increase of temparature  In rohu (Labeo rohita), increased water temperature causes thermal stress, which changes  normal blood and biochemical conditions. Usually, hemoglobin, RBC, glucose may rise at first because the fish needs more oxygen and energy to cope with stress,  while total protein and some ions may decrease due to disturbed metabolism and osmotic  imbalance.  Erythrocytic cellular abnormalities (ECA), erythrocytic nuclear abnormalities (ENA) may may also rise due to elevated temparature.  So, higher temperature alters hemato-biochemical parameters by affecting the  fish’s respiration, metabolism, and stress response.
Rubrics","Excellent (2): Mention all the 6 variables correctly | Good (1.75): Mention 4 or 5 variables correctly | Average (1.25-1.5): Mention 3 or 4 variables correctly  | Poor (=<1): Mention 1 or 2 variables, or answer irrelevant variables"
106_c2,2,Hemato-biochemical changes in rohu due to an increase of temparature,2.0,rater2,,106,images/106.png,"1. What do you mean by climate and weather?  2. Mention the climate variables. 3. Increased water temperature altered hemato-biochemical parameters in rohu, explain.","1. Definition of climate and weather: Climate: Climate is defined as an area's long-term weather patterns. The simplest way to describe climate is to look at average temperature and precipitation over time. It takes a long time to change.  Weather: Weather is the state of the atmosphere at a particular place during a short period of time. It can change within a short period of time, like minutes or hours.
2. Climate variables: Climate variable can be cassified into three categories such as physical, chemical, and biological. Some climate variables that are measured as follows:
3. Hemato-biochemical changes in rohu due to an increase of temparature  In rohu (Labeo rohita), increased water temperature causes thermal stress, which changes  normal blood and biochemical conditions. Usually, hemoglobin, RBC, glucose may rise at first because the fish needs more oxygen and energy to cope with stress,  while total protein and some ions may decrease due to disturbed metabolism and osmotic  imbalance.  Erythrocytic cellular abnormalities (ECA), erythrocytic nuclear abnormalities (ENA) may may also rise due to elevated temparature.  So, higher temperature alters hemato-biochemical parameters by affecting the  fish’s respiration, metabolism, and stress response.
Rubrics","Excellent (2): Briefly describes the scientific process and altered parameters in an orderly manner | Good (1.75): Mentions the altered parameters properly, but does not mention the reasons | Average (1.25-1.5):  Mention 1 or 2  parameters properly and does not explain the cause also | Poor (=<1): Mention incomplete and irrelevant data"
475_c0,0,Definition of Method Overloading,4.0,rater2,,475,images/475.png,Differentiate between method overloading and method overriding (in Java) with examples.,"
Definition of Method Overloading:
 Method overloading occurs when multiple methods in the same class have the same name but different parameter lists (different number, type, or order of parameters). It is an example of compile-time polymorphism because the compiler determines which method will be executed.

Definition of Method Overriding: 
Method overriding occurs when a subclass provides a new implementation of a method already defined in the parent class using the same method signature. It is an example of run-time polymorphism because the method call is resolved during execution.

Comparison:
| Method Overloading                                              | Method Overriding                                              |
| --------------------------------------                         | ----------------------------------------                     |
| Happens within the same class                         | Happens between parent and child classes |
| Same method name, different parameters | Same method name, same parameters        |
| Compile-time polymorphism                            | Run-time polymorphism                                     |
| Inheritance not required                                     | Inheritance required                                             |





Example:

class Area {
    int calculate(int side) {
        return side * side;
    }

    int calculate(int length, int width) {
        return length * width;
    }
}

class Bird {
    void fly() {
        System.out.println(""Bird flies"");
    }
}

class Sparrow extends Bird {
    void fly() {
        System.out.println(""Sparrow flies low"");
    }
}

calculate() is overloaded and fly() is overridden..","Excellent (4): Clearly defines method
 overloading as same
 method name with different
 parameter lists in the same
 class; mentions compile-time 
polymorphism correctly | Good (3): Defines correctly but 
misses one important aspect
(e.g., compile-time polymorphism 
or parameter variation) | Average (2): Partial definition with 
limited clarity | Poor (1): Incorrect or missing definition"
475_c1,1,Definition of Method Overriding,4.0,rater2,,475,images/475.png,Differentiate between method overloading and method overriding (in Java) with examples.,"
Definition of Method Overloading:
 Method overloading occurs when multiple methods in the same class have the same name but different parameter lists (different number, type, or order of parameters). It is an example of compile-time polymorphism because the compiler determines which method will be executed.

Definition of Method Overriding: 
Method overriding occurs when a subclass provides a new implementation of a method already defined in the parent class using the same method signature. It is an example of run-time polymorphism because the method call is resolved during execution.

Comparison:
| Method Overloading                                              | Method Overriding                                              |
| --------------------------------------                         | ----------------------------------------                     |
| Happens within the same class                         | Happens between parent and child classes |
| Same method name, different parameters | Same method name, same parameters        |
| Compile-time polymorphism                            | Run-time polymorphism                                     |
| Inheritance not required                                     | Inheritance required                                             |





Example:

class Area {
    int calculate(int side) {
        return side * side;
    }

    int calculate(int length, int width) {
        return length * width;
    }
}

class Bird {
    void fly() {
        System.out.println(""Bird flies"");
    }
}

class Sparrow extends Bird {
    void fly() {
        System.out.println(""Sparrow flies low"");
    }
}

calculate() is overloaded and fly() is overridden..","Excellent (4): Clearly defines method
 overriding as redefining 
inherited method in child 
class with same signature; 
mentions run-time 
polymorphism correctly | Good (3): Correct definition with
 minor missing point | Average (2): Partial explanation | Poor (1): Incorrect or missing definition"
475_c2,2,Comparision,4.0,rater2,,475,images/475.png,Differentiate between method overloading and method overriding (in Java) with examples.,"
Definition of Method Overloading:
 Method overloading occurs when multiple methods in the same class have the same name but different parameter lists (different number, type, or order of parameters). It is an example of compile-time polymorphism because the compiler determines which method will be executed.

Definition of Method Overriding: 
Method overriding occurs when a subclass provides a new implementation of a method already defined in the parent class using the same method signature. It is an example of run-time polymorphism because the method call is resolved during execution.

Comparison:
| Method Overloading                                              | Method Overriding                                              |
| --------------------------------------                         | ----------------------------------------                     |
| Happens within the same class                         | Happens between parent and child classes |
| Same method name, different parameters | Same method name, same parameters        |
| Compile-time polymorphism                            | Run-time polymorphism                                     |
| Inheritance not required                                     | Inheritance required                                             |





Example:

class Area {
    int calculate(int side) {
        return side * side;
    }

    int calculate(int length, int width) {
        return length * width;
    }
}

class Bird {
    void fly() {
        System.out.println(""Bird flies"");
    }
}

class Sparrow extends Bird {
    void fly() {
        System.out.println(""Sparrow flies low"");
    }
}

calculate() is overloaded and fly() is overridden..","Excellent (4): Clearly identifies at least 
4 major differences: 
class relationship, parameters, 
binding time, inheritance 
requirement | Good (3): Identifies 3 differences 
correctly | Average (2): Identifies 2 differences
 | Poor (1): Very limited or incorrect 
comparison"
475_ex,3,Example / Application,4.0,rater2,,475,images/475.png,Differentiate between method overloading and method overriding (in Java) with examples.,"
Definition of Method Overloading:
 Method overloading occurs when multiple methods in the same class have the same name but different parameter lists (different number, type, or order of parameters). It is an example of compile-time polymorphism because the compiler determines which method will be executed.

Definition of Method Overriding: 
Method overriding occurs when a subclass provides a new implementation of a method already defined in the parent class using the same method signature. It is an example of run-time polymorphism because the method call is resolved during execution.

Comparison:
| Method Overloading                                              | Method Overriding                                              |
| --------------------------------------                         | ----------------------------------------                     |
| Happens within the same class                         | Happens between parent and child classes |
| Same method name, different parameters | Same method name, same parameters        |
| Compile-time polymorphism                            | Run-time polymorphism                                     |
| Inheritance not required                                     | Inheritance required                                             |





Example:

class Area {
    int calculate(int side) {
        return side * side;
    }

    int calculate(int length, int width) {
        return length * width;
    }
}

class Bird {
    void fly() {
        System.out.println(""Bird flies"");
    }
}

class Sparrow extends Bird {
    void fly() {
        System.out.println(""Sparrow flies low"");
    }
}

calculate() is overloaded and fly() is overridden..","Excellent (4): Provides correct and 
complete programming 
example for both overloading
 and overriding with clear 
explanation | Good (3): Example mostly
correct
 with minor error | Average (2): Partial example or 
only one concept shown | Poor (1): No valid example"
75_c0,0,Concept of Histogram Equalization,4.0,rater2,,75,images/75.png,Question Q9: Explain necessity of histogram equalization and histogram matching in Image Processing. (10 Marks),"Definition of Histogram Equalization

Histogram Equalization is a technique used in image processing to enhance the contrast of an image by redistributing its intensity values so that they are spread more uniformly across the entire range.
Necessity of Histogram Equalization

Histogram equalization is necessary for several important reasons:

Contrast Enhancement: Many images suffer from low contrast where pixel values are concentrated in a narrow range. Histogram equalization spreads these values, improving contrast.
Better Visibility of Details: It enhances details in dark or bright regions, making features more distinguishable.
Improved Image Interpretation: Useful in applications like medical imaging (e.g., X-rays, MRI), remote sensing, and surveillance systems.
Preprocessing Step: Helps improve the performance of further image processing tasks such as segmentation and feature extraction.
Definition of Histogram Matching

Histogram Matching (also called histogram specification) is a technique where the histogram of an input image is transformed to match the histogram of a reference image.
Necessity of Histogram Matching
Histogram matching is important due to the following reasons:
Consistency Across Images: Ensures uniform appearance between multiple images.
Handling Lighting Variations: Useful when images are captured under different lighting conditions.
Improved Comparison: Makes image comparison more reliable by normalizing intensity distributions.
Better Performance in ML Systems: Enhances accuracy in image recognition and machine learning models.
Image Normalization: Helps in standardizing datasets for analysis.
Rubrics for Digital Image Processing",Excellent (4): Clearly defines and explains redistribution of intensity values with purpose of contrast enhancement | Good (3): Correct but missing one key aspect | Average (2): Basic idea present but unclear | Poor (1): Incorrect or missing definition
75_c1,1,Necessity of Histogram Equalization,4.0,rater2,,75,images/75.png,Question Q9: Explain necessity of histogram equalization and histogram matching in Image Processing. (10 Marks),"Definition of Histogram Equalization

Histogram Equalization is a technique used in image processing to enhance the contrast of an image by redistributing its intensity values so that they are spread more uniformly across the entire range.
Necessity of Histogram Equalization

Histogram equalization is necessary for several important reasons:

Contrast Enhancement: Many images suffer from low contrast where pixel values are concentrated in a narrow range. Histogram equalization spreads these values, improving contrast.
Better Visibility of Details: It enhances details in dark or bright regions, making features more distinguishable.
Improved Image Interpretation: Useful in applications like medical imaging (e.g., X-rays, MRI), remote sensing, and surveillance systems.
Preprocessing Step: Helps improve the performance of further image processing tasks such as segmentation and feature extraction.
Definition of Histogram Matching

Histogram Matching (also called histogram specification) is a technique where the histogram of an input image is transformed to match the histogram of a reference image.
Necessity of Histogram Matching
Histogram matching is important due to the following reasons:
Consistency Across Images: Ensures uniform appearance between multiple images.
Handling Lighting Variations: Useful when images are captured under different lighting conditions.
Improved Comparison: Makes image comparison more reliable by normalizing intensity distributions.
Better Performance in ML Systems: Enhances accuracy in image recognition and machine learning models.
Image Normalization: Helps in standardizing datasets for analysis.
Rubrics for Digital Image Processing",Excellent (4): Clearly explains multiple valid reasons with examples/applications | Good (3): Explains most reasons but misses one important point | Average (2): Limited explanation | Poor (1): Incorrect or irrelevant explanation
75_c2,2,Concept of Histogram Matching,4.0,rater2,,75,images/75.png,Question Q9: Explain necessity of histogram equalization and histogram matching in Image Processing. (10 Marks),"Definition of Histogram Equalization

Histogram Equalization is a technique used in image processing to enhance the contrast of an image by redistributing its intensity values so that they are spread more uniformly across the entire range.
Necessity of Histogram Equalization

Histogram equalization is necessary for several important reasons:

Contrast Enhancement: Many images suffer from low contrast where pixel values are concentrated in a narrow range. Histogram equalization spreads these values, improving contrast.
Better Visibility of Details: It enhances details in dark or bright regions, making features more distinguishable.
Improved Image Interpretation: Useful in applications like medical imaging (e.g., X-rays, MRI), remote sensing, and surveillance systems.
Preprocessing Step: Helps improve the performance of further image processing tasks such as segmentation and feature extraction.
Definition of Histogram Matching

Histogram Matching (also called histogram specification) is a technique where the histogram of an input image is transformed to match the histogram of a reference image.
Necessity of Histogram Matching
Histogram matching is important due to the following reasons:
Consistency Across Images: Ensures uniform appearance between multiple images.
Handling Lighting Variations: Useful when images are captured under different lighting conditions.
Improved Comparison: Makes image comparison more reliable by normalizing intensity distributions.
Better Performance in ML Systems: Enhances accuracy in image recognition and machine learning models.
Image Normalization: Helps in standardizing datasets for analysis.
Rubrics for Digital Image Processing",Excellent (4): Clearly explains transformation using reference histogram | Good (3): Correct but lacks one key detail | Average (2): Partial understanding | Poor (1): Incorrect or missing
75_c3,3,Necessity of Histogram Matching,4.0,rater2,,75,images/75.png,Question Q9: Explain necessity of histogram equalization and histogram matching in Image Processing. (10 Marks),"Definition of Histogram Equalization

Histogram Equalization is a technique used in image processing to enhance the contrast of an image by redistributing its intensity values so that they are spread more uniformly across the entire range.
Necessity of Histogram Equalization

Histogram equalization is necessary for several important reasons:

Contrast Enhancement: Many images suffer from low contrast where pixel values are concentrated in a narrow range. Histogram equalization spreads these values, improving contrast.
Better Visibility of Details: It enhances details in dark or bright regions, making features more distinguishable.
Improved Image Interpretation: Useful in applications like medical imaging (e.g., X-rays, MRI), remote sensing, and surveillance systems.
Preprocessing Step: Helps improve the performance of further image processing tasks such as segmentation and feature extraction.
Definition of Histogram Matching

Histogram Matching (also called histogram specification) is a technique where the histogram of an input image is transformed to match the histogram of a reference image.
Necessity of Histogram Matching
Histogram matching is important due to the following reasons:
Consistency Across Images: Ensures uniform appearance between multiple images.
Handling Lighting Variations: Useful when images are captured under different lighting conditions.
Improved Comparison: Makes image comparison more reliable by normalizing intensity distributions.
Better Performance in ML Systems: Enhances accuracy in image recognition and machine learning models.
Image Normalization: Helps in standardizing datasets for analysis.
Rubrics for Digital Image Processing",Excellent (4): Clearly explains multiple uses including consistency and ML applications | Good (3): Some correct points but incomplete | Average (2): Limited explanation | Poor (1): Incorrect or irrelevant explanation
208_c0,0,Understanding of schema and instance (2),2.0,rater2,,208,images/208.png,"Define schema and instance in a database system.

Then, explain the following types of keys with suitable examples:
- Super Key
- Candidate Key
- Primary Key
- Unique Key
- Composite Key

Finally, consider the relation:
Student(SID, Name, Email, Phone)

Assume:
- Each student has a unique SID
- Email is also unique
- Multiple students may have the same name

Identify all possible keys for this relation and briefly justify your answer.","Answer 1: Schema and Instance

A schema is the logical structure of a database that defines tables, attributes, and relationships. It is stable and does not change frequently.
An instance is the actual data stored in the database at a specific moment in time.

Example:
Schema: Student(SID, Name, Email, Phone)
Instance: (1, Rahim, rahim@gmail.com
, 017xxx)

Types of Keys
Super Key: Any set of attributes that uniquely identifies a record.
Example: {SID}, {Email}, {SID, Name}
Candidate Key: Minimal super key (no redundant attribute).
Example: {SID}, {Email}
Primary Key: Selected candidate key used to uniquely identify records.
Example: SID
Unique Key: Ensures uniqueness but may allow NULL values.
Example: Email
Composite Key: A key made using more than one attribute.
Example: (SID, Phone) in some cases
Given Relation: Student(SID, Name, Email, Phone)
Candidate Keys: SID, Email (both are unique)
Super Keys: Any combination containing SID or Email
Example: {SID}, {Email}, {SID, Name}, {Email, Phone}
Primary Key: SID (assumed)
Unique Key: Email
Composite Key: Not required here since single attributes are already unique

Answer 2: Schema vs Instance

Schema defines the structure of a database (tables, attributes, constraints). It is like a blueprint.
Instance is the actual data stored in the database at a specific time.

Example:
Schema: Student(SID, Name, Email, Phone)
Instance: (101, Karim, karim@gmail.com
, 018xxx)

Types of Keys
Super Key: A set of attributes that can uniquely identify a tuple.
Example: SID or (SID, Name)
Candidate Key: A minimal version of super key with no extra attribute.
Example: SID, Email
Primary Key: Chosen candidate key for identification.
Example: SID
Unique Key: Ensures all values are unique (can be multiple per table).
Example: Email
Composite Key: A key formed by combining multiple attributes.
Example: (SID, Name) if needed
Keys in Given Relation

Student(SID, Name, Email, Phone)

SID → unique → candidate key
Email → unique → candidate key
Name → not unique
Phone → not unique

✔ Candidate Keys: SID, Email
✔ Primary Key: SID
✔ Super Keys: Any set containing SID or Email
✔ Unique Key: Email
Answer 3: Schema and Instance

A schema represents the structure of the database including table design and attributes.
An instance represents the current set of data stored in the database.

Example:
Schema: Student(SID, Name, Email, Phone)
Instance: (201, Hasan, hasan@gmail.com
, 017xxx)

Types of Keys
Super Key: Any attribute or combination that uniquely identifies a row.
Example: SID, Email, (SID, Phone)
Candidate Key: A minimal super key used for unique identification.
Example: SID, Email
Primary Key: Selected candidate key to uniquely identify records.
Example: SID
Unique Key: Ensures uniqueness of values; multiple allowed per table.
Example: Email
Composite Key: Combination of multiple attributes used as a key.
Example: (SID, Name)
Key Identification in Student Relation

Student(SID, Name, Email, Phone)

SID is unique → Candidate Key
Email is unique → Candidate Key
Name is not unique
Phone is not unique

✔ Candidate Keys: SID, Email
✔ Primary Key: SID (chosen)
✔ Super Keys: SID, Email, and their combinations
✔ Unique Key: Email
✔ Composite Key: Not necessary in this relation
Rubrics",Excellent (2-4): Clearly defines schema and instance with correct distinction and suitable example | Good(1-3):  Mostly correct definitions with minor confusion or weak example | Average (0.5-1):  Basic idea but unclear or partially incorrect | Poor(0-0.3):  Incorrect or missing understanding
208_c1,1,Explanation of different types of keys with examples (4),4.0,rater2,,208,images/208.png,"Define schema and instance in a database system.

Then, explain the following types of keys with suitable examples:
- Super Key
- Candidate Key
- Primary Key
- Unique Key
- Composite Key

Finally, consider the relation:
Student(SID, Name, Email, Phone)

Assume:
- Each student has a unique SID
- Email is also unique
- Multiple students may have the same name

Identify all possible keys for this relation and briefly justify your answer.","Answer 1: Schema and Instance

A schema is the logical structure of a database that defines tables, attributes, and relationships. It is stable and does not change frequently.
An instance is the actual data stored in the database at a specific moment in time.

Example:
Schema: Student(SID, Name, Email, Phone)
Instance: (1, Rahim, rahim@gmail.com
, 017xxx)

Types of Keys
Super Key: Any set of attributes that uniquely identifies a record.
Example: {SID}, {Email}, {SID, Name}
Candidate Key: Minimal super key (no redundant attribute).
Example: {SID}, {Email}
Primary Key: Selected candidate key used to uniquely identify records.
Example: SID
Unique Key: Ensures uniqueness but may allow NULL values.
Example: Email
Composite Key: A key made using more than one attribute.
Example: (SID, Phone) in some cases
Given Relation: Student(SID, Name, Email, Phone)
Candidate Keys: SID, Email (both are unique)
Super Keys: Any combination containing SID or Email
Example: {SID}, {Email}, {SID, Name}, {Email, Phone}
Primary Key: SID (assumed)
Unique Key: Email
Composite Key: Not required here since single attributes are already unique

Answer 2: Schema vs Instance

Schema defines the structure of a database (tables, attributes, constraints). It is like a blueprint.
Instance is the actual data stored in the database at a specific time.

Example:
Schema: Student(SID, Name, Email, Phone)
Instance: (101, Karim, karim@gmail.com
, 018xxx)

Types of Keys
Super Key: A set of attributes that can uniquely identify a tuple.
Example: SID or (SID, Name)
Candidate Key: A minimal version of super key with no extra attribute.
Example: SID, Email
Primary Key: Chosen candidate key for identification.
Example: SID
Unique Key: Ensures all values are unique (can be multiple per table).
Example: Email
Composite Key: A key formed by combining multiple attributes.
Example: (SID, Name) if needed
Keys in Given Relation

Student(SID, Name, Email, Phone)

SID → unique → candidate key
Email → unique → candidate key
Name → not unique
Phone → not unique

✔ Candidate Keys: SID, Email
✔ Primary Key: SID
✔ Super Keys: Any set containing SID or Email
✔ Unique Key: Email
Answer 3: Schema and Instance

A schema represents the structure of the database including table design and attributes.
An instance represents the current set of data stored in the database.

Example:
Schema: Student(SID, Name, Email, Phone)
Instance: (201, Hasan, hasan@gmail.com
, 017xxx)

Types of Keys
Super Key: Any attribute or combination that uniquely identifies a row.
Example: SID, Email, (SID, Phone)
Candidate Key: A minimal super key used for unique identification.
Example: SID, Email
Primary Key: Selected candidate key to uniquely identify records.
Example: SID
Unique Key: Ensures uniqueness of values; multiple allowed per table.
Example: Email
Composite Key: Combination of multiple attributes used as a key.
Example: (SID, Name)
Key Identification in Student Relation

Student(SID, Name, Email, Phone)

SID is unique → Candidate Key
Email is unique → Candidate Key
Name is not unique
Phone is not unique

✔ Candidate Keys: SID, Email
✔ Primary Key: SID (chosen)
✔ Super Keys: SID, Email, and their combinations
✔ Unique Key: Email
✔ Composite Key: Not necessary in this relation
Rubrics","Excellent (2-4): Clearly explains all keys (super, candidate, primary, unique, composite) with correct and relevant examples | Good(1-3):  Explains most keys correctly with minor missing details or weak examples | Average (0.5-1):  Partial explanation; missing some keys or unclear examples | Poor(0-0.3):  Incorrect or very incomplete explanations"
208_c2,2,Correct identification of keys in given relation (2),2.0,rater2,,208,images/208.png,"Define schema and instance in a database system.

Then, explain the following types of keys with suitable examples:
- Super Key
- Candidate Key
- Primary Key
- Unique Key
- Composite Key

Finally, consider the relation:
Student(SID, Name, Email, Phone)

Assume:
- Each student has a unique SID
- Email is also unique
- Multiple students may have the same name

Identify all possible keys for this relation and briefly justify your answer.","Answer 1: Schema and Instance

A schema is the logical structure of a database that defines tables, attributes, and relationships. It is stable and does not change frequently.
An instance is the actual data stored in the database at a specific moment in time.

Example:
Schema: Student(SID, Name, Email, Phone)
Instance: (1, Rahim, rahim@gmail.com
, 017xxx)

Types of Keys
Super Key: Any set of attributes that uniquely identifies a record.
Example: {SID}, {Email}, {SID, Name}
Candidate Key: Minimal super key (no redundant attribute).
Example: {SID}, {Email}
Primary Key: Selected candidate key used to uniquely identify records.
Example: SID
Unique Key: Ensures uniqueness but may allow NULL values.
Example: Email
Composite Key: A key made using more than one attribute.
Example: (SID, Phone) in some cases
Given Relation: Student(SID, Name, Email, Phone)
Candidate Keys: SID, Email (both are unique)
Super Keys: Any combination containing SID or Email
Example: {SID}, {Email}, {SID, Name}, {Email, Phone}
Primary Key: SID (assumed)
Unique Key: Email
Composite Key: Not required here since single attributes are already unique

Answer 2: Schema vs Instance

Schema defines the structure of a database (tables, attributes, constraints). It is like a blueprint.
Instance is the actual data stored in the database at a specific time.

Example:
Schema: Student(SID, Name, Email, Phone)
Instance: (101, Karim, karim@gmail.com
, 018xxx)

Types of Keys
Super Key: A set of attributes that can uniquely identify a tuple.
Example: SID or (SID, Name)
Candidate Key: A minimal version of super key with no extra attribute.
Example: SID, Email
Primary Key: Chosen candidate key for identification.
Example: SID
Unique Key: Ensures all values are unique (can be multiple per table).
Example: Email
Composite Key: A key formed by combining multiple attributes.
Example: (SID, Name) if needed
Keys in Given Relation

Student(SID, Name, Email, Phone)

SID → unique → candidate key
Email → unique → candidate key
Name → not unique
Phone → not unique

✔ Candidate Keys: SID, Email
✔ Primary Key: SID
✔ Super Keys: Any set containing SID or Email
✔ Unique Key: Email
Answer 3: Schema and Instance

A schema represents the structure of the database including table design and attributes.
An instance represents the current set of data stored in the database.

Example:
Schema: Student(SID, Name, Email, Phone)
Instance: (201, Hasan, hasan@gmail.com
, 017xxx)

Types of Keys
Super Key: Any attribute or combination that uniquely identifies a row.
Example: SID, Email, (SID, Phone)
Candidate Key: A minimal super key used for unique identification.
Example: SID, Email
Primary Key: Selected candidate key to uniquely identify records.
Example: SID
Unique Key: Ensures uniqueness of values; multiple allowed per table.
Example: Email
Composite Key: Combination of multiple attributes used as a key.
Example: (SID, Name)
Key Identification in Student Relation

Student(SID, Name, Email, Phone)

SID is unique → Candidate Key
Email is unique → Candidate Key
Name is not unique
Phone is not unique

✔ Candidate Keys: SID, Email
✔ Primary Key: SID (chosen)
✔ Super Keys: SID, Email, and their combinations
✔ Unique Key: Email
✔ Composite Key: Not necessary in this relation
Rubrics",Excellent (2-4):  Correctly identifies all valid keys with proper justification | Good(1-3):  Mostly correct identification but weak justification | Average (0.5-1):  Partially correct identification | Poor(0-0.3): Incorrect or missing identification
208_c3,3,Clear and organized writing (2),2.0,rater2,,208,images/208.png,"Define schema and instance in a database system.

Then, explain the following types of keys with suitable examples:
- Super Key
- Candidate Key
- Primary Key
- Unique Key
- Composite Key

Finally, consider the relation:
Student(SID, Name, Email, Phone)

Assume:
- Each student has a unique SID
- Email is also unique
- Multiple students may have the same name

Identify all possible keys for this relation and briefly justify your answer.","Answer 1: Schema and Instance

A schema is the logical structure of a database that defines tables, attributes, and relationships. It is stable and does not change frequently.
An instance is the actual data stored in the database at a specific moment in time.

Example:
Schema: Student(SID, Name, Email, Phone)
Instance: (1, Rahim, rahim@gmail.com
, 017xxx)

Types of Keys
Super Key: Any set of attributes that uniquely identifies a record.
Example: {SID}, {Email}, {SID, Name}
Candidate Key: Minimal super key (no redundant attribute).
Example: {SID}, {Email}
Primary Key: Selected candidate key used to uniquely identify records.
Example: SID
Unique Key: Ensures uniqueness but may allow NULL values.
Example: Email
Composite Key: A key made using more than one attribute.
Example: (SID, Phone) in some cases
Given Relation: Student(SID, Name, Email, Phone)
Candidate Keys: SID, Email (both are unique)
Super Keys: Any combination containing SID or Email
Example: {SID}, {Email}, {SID, Name}, {Email, Phone}
Primary Key: SID (assumed)
Unique Key: Email
Composite Key: Not required here since single attributes are already unique

Answer 2: Schema vs Instance

Schema defines the structure of a database (tables, attributes, constraints). It is like a blueprint.
Instance is the actual data stored in the database at a specific time.

Example:
Schema: Student(SID, Name, Email, Phone)
Instance: (101, Karim, karim@gmail.com
, 018xxx)

Types of Keys
Super Key: A set of attributes that can uniquely identify a tuple.
Example: SID or (SID, Name)
Candidate Key: A minimal version of super key with no extra attribute.
Example: SID, Email
Primary Key: Chosen candidate key for identification.
Example: SID
Unique Key: Ensures all values are unique (can be multiple per table).
Example: Email
Composite Key: A key formed by combining multiple attributes.
Example: (SID, Name) if needed
Keys in Given Relation

Student(SID, Name, Email, Phone)

SID → unique → candidate key
Email → unique → candidate key
Name → not unique
Phone → not unique

✔ Candidate Keys: SID, Email
✔ Primary Key: SID
✔ Super Keys: Any set containing SID or Email
✔ Unique Key: Email
Answer 3: Schema and Instance

A schema represents the structure of the database including table design and attributes.
An instance represents the current set of data stored in the database.

Example:
Schema: Student(SID, Name, Email, Phone)
Instance: (201, Hasan, hasan@gmail.com
, 017xxx)

Types of Keys
Super Key: Any attribute or combination that uniquely identifies a row.
Example: SID, Email, (SID, Phone)
Candidate Key: A minimal super key used for unique identification.
Example: SID, Email
Primary Key: Selected candidate key to uniquely identify records.
Example: SID
Unique Key: Ensures uniqueness of values; multiple allowed per table.
Example: Email
Composite Key: Combination of multiple attributes used as a key.
Example: (SID, Name)
Key Identification in Student Relation

Student(SID, Name, Email, Phone)

SID is unique → Candidate Key
Email is unique → Candidate Key
Name is not unique
Phone is not unique

✔ Candidate Keys: SID, Email
✔ Primary Key: SID (chosen)
✔ Super Keys: SID, Email, and their combinations
✔ Unique Key: Email
✔ Composite Key: Not necessary in this relation
Rubrics","Excellent (2-4):  Very well-structured, logical flow, easy to read | Good(1-3):  Generally clear with minor organization issues | Average (0.5-1): Understandable but poorly structured | Poor(0-0.3):  Disorganized and unclear"
351_c0,0,Understanding of Concept,4.0,rater2,,351,images/351.png,"Question 1. You are given the following values: 12, -5.4, 10000, 3.14, 0, 87, -200, 45.6, 999, 1.2. Choose the most efficient among Counting Sort, Radix Sort, or Bucket Sort for this dataset. Justify your selection and state the time and space complexity of all three algorithms.
2. A directed weighted graph is given below. Determine whether the graph contains a negative cycle using a step-by-step solution. Graph (text form): Vertices = {A, B, C, D}; Edges = A→B (4), B→C (-6), C→D (2), D→B (1), A→D (5).
3. You are given coin denominations: 1, 3, 4, 5. Find the minimum number of coins required to make 10 taka. Show the DP table and derive the final answer.","Answer 1: Bucket Sort is the most efficient for this dataset because it contains floating-point numbers and a wide range of values including negatives. Counting Sort is not suitable due to large range and non-integers, and Radix Sort is inefficient for floating-point values. Time Complexity: Counting Sort = O(n + k), Space = O(k); Radix Sort = O(d(n + k)), Space = O(n + k); Bucket Sort = O(n + k) average, worst O(n²), Space = O(n + k). Therefore, Bucket Sort is preferred.
Answer 2: Using Bellman-Ford algorithm: Step 1 initialize distances (A=0, others=∞). Step 2 relax edges repeatedly: A→B (4), B→C (-6), C→D (2), D→B (1). After V-1 iterations, distances keep decreasing due to cycle B→C→D→B with total weight (-6 + 2 + 1 = -3). Step 3 one more relaxation still reduces distance, confirming a negative cycle exists. Therefore, the graph contains a negative cycle.
Answer 3: Using Dynamic Programming: Let dp[x] = minimum coins to make x. Initialize dp[0]=0. Fill table up to 10: dp[1]=1, dp[2]=2, dp[3]=1, dp[4]=1, dp[5]=1, dp[6]=2, dp[7]=2, dp[8]=2, dp[9]=2, dp[10]=2. Minimum coins for 10 = 2 (5+5 or 4+3+3 is larger). Final answer: 2 coins.
Rubrics",Excellent (4): Fully correct and clearly demonstrates the concept | Good (3): Mostly correct with minor issues | Average (2): Partial understanding | Poor (1): Shows little understanding; answer mostly incorrect
351_c1,1,Step-by-Step Procedure,4.0,rater2,,351,images/351.png,"Question 1. You are given the following values: 12, -5.4, 10000, 3.14, 0, 87, -200, 45.6, 999, 1.2. Choose the most efficient among Counting Sort, Radix Sort, or Bucket Sort for this dataset. Justify your selection and state the time and space complexity of all three algorithms.
2. A directed weighted graph is given below. Determine whether the graph contains a negative cycle using a step-by-step solution. Graph (text form): Vertices = {A, B, C, D}; Edges = A→B (4), B→C (-6), C→D (2), D→B (1), A→D (5).
3. You are given coin denominations: 1, 3, 4, 5. Find the minimum number of coins required to make 10 taka. Show the DP table and derive the final answer.","Answer 1: Bucket Sort is the most efficient for this dataset because it contains floating-point numbers and a wide range of values including negatives. Counting Sort is not suitable due to large range and non-integers, and Radix Sort is inefficient for floating-point values. Time Complexity: Counting Sort = O(n + k), Space = O(k); Radix Sort = O(d(n + k)), Space = O(n + k); Bucket Sort = O(n + k) average, worst O(n²), Space = O(n + k). Therefore, Bucket Sort is preferred.
Answer 2: Using Bellman-Ford algorithm: Step 1 initialize distances (A=0, others=∞). Step 2 relax edges repeatedly: A→B (4), B→C (-6), C→D (2), D→B (1). After V-1 iterations, distances keep decreasing due to cycle B→C→D→B with total weight (-6 + 2 + 1 = -3). Step 3 one more relaxation still reduces distance, confirming a negative cycle exists. Therefore, the graph contains a negative cycle.
Answer 3: Using Dynamic Programming: Let dp[x] = minimum coins to make x. Initialize dp[0]=0. Fill table up to 10: dp[1]=1, dp[2]=2, dp[3]=1, dp[4]=1, dp[5]=1, dp[6]=2, dp[7]=2, dp[8]=2, dp[9]=2, dp[10]=2. Minimum coins for 10 = 2 (5+5 or 4+3+3 is larger). Final answer: 2 coins.
Rubrics",Excellent (4): All steps clearly shown and well structured | Good (3): Mostly correct steps | Average (2): Few correct steps | Poor (1): Missing or wrong steps
351_c2,2,Accuracy of Final Answer,4.0,rater2,,351,images/351.png,"Question 1. You are given the following values: 12, -5.4, 10000, 3.14, 0, 87, -200, 45.6, 999, 1.2. Choose the most efficient among Counting Sort, Radix Sort, or Bucket Sort for this dataset. Justify your selection and state the time and space complexity of all three algorithms.
2. A directed weighted graph is given below. Determine whether the graph contains a negative cycle using a step-by-step solution. Graph (text form): Vertices = {A, B, C, D}; Edges = A→B (4), B→C (-6), C→D (2), D→B (1), A→D (5).
3. You are given coin denominations: 1, 3, 4, 5. Find the minimum number of coins required to make 10 taka. Show the DP table and derive the final answer.","Answer 1: Bucket Sort is the most efficient for this dataset because it contains floating-point numbers and a wide range of values including negatives. Counting Sort is not suitable due to large range and non-integers, and Radix Sort is inefficient for floating-point values. Time Complexity: Counting Sort = O(n + k), Space = O(k); Radix Sort = O(d(n + k)), Space = O(n + k); Bucket Sort = O(n + k) average, worst O(n²), Space = O(n + k). Therefore, Bucket Sort is preferred.
Answer 2: Using Bellman-Ford algorithm: Step 1 initialize distances (A=0, others=∞). Step 2 relax edges repeatedly: A→B (4), B→C (-6), C→D (2), D→B (1). After V-1 iterations, distances keep decreasing due to cycle B→C→D→B with total weight (-6 + 2 + 1 = -3). Step 3 one more relaxation still reduces distance, confirming a negative cycle exists. Therefore, the graph contains a negative cycle.
Answer 3: Using Dynamic Programming: Let dp[x] = minimum coins to make x. Initialize dp[0]=0. Fill table up to 10: dp[1]=1, dp[2]=2, dp[3]=1, dp[4]=1, dp[5]=1, dp[6]=2, dp[7]=2, dp[8]=2, dp[9]=2, dp[10]=2. Minimum coins for 10 = 2 (5+5 or 4+3+3 is larger). Final answer: 2 coins.
Rubrics",Excellent (4): Fully accurate and justified | Good (3): Mostly correct | Average (2): Partially correct | Poor (1): Wrong result
351_c3,3,Clarity & Presentation,4.0,rater2,,351,images/351.png,"Question 1. You are given the following values: 12, -5.4, 10000, 3.14, 0, 87, -200, 45.6, 999, 1.2. Choose the most efficient among Counting Sort, Radix Sort, or Bucket Sort for this dataset. Justify your selection and state the time and space complexity of all three algorithms.
2. A directed weighted graph is given below. Determine whether the graph contains a negative cycle using a step-by-step solution. Graph (text form): Vertices = {A, B, C, D}; Edges = A→B (4), B→C (-6), C→D (2), D→B (1), A→D (5).
3. You are given coin denominations: 1, 3, 4, 5. Find the minimum number of coins required to make 10 taka. Show the DP table and derive the final answer.","Answer 1: Bucket Sort is the most efficient for this dataset because it contains floating-point numbers and a wide range of values including negatives. Counting Sort is not suitable due to large range and non-integers, and Radix Sort is inefficient for floating-point values. Time Complexity: Counting Sort = O(n + k), Space = O(k); Radix Sort = O(d(n + k)), Space = O(n + k); Bucket Sort = O(n + k) average, worst O(n²), Space = O(n + k). Therefore, Bucket Sort is preferred.
Answer 2: Using Bellman-Ford algorithm: Step 1 initialize distances (A=0, others=∞). Step 2 relax edges repeatedly: A→B (4), B→C (-6), C→D (2), D→B (1). After V-1 iterations, distances keep decreasing due to cycle B→C→D→B with total weight (-6 + 2 + 1 = -3). Step 3 one more relaxation still reduces distance, confirming a negative cycle exists. Therefore, the graph contains a negative cycle.
Answer 3: Using Dynamic Programming: Let dp[x] = minimum coins to make x. Initialize dp[0]=0. Fill table up to 10: dp[1]=1, dp[2]=2, dp[3]=1, dp[4]=1, dp[5]=1, dp[6]=2, dp[7]=2, dp[8]=2, dp[9]=2, dp[10]=2. Minimum coins for 10 = 2 (5+5 or 4+3+3 is larger). Final answer: 2 coins.
Rubrics","Excellent (4): Very clear, neat diagrams/tables, strong justification | Good (3): Clear explanation | Average (2): Understandable but not neat | Poor (1): Poorly organized"
420_c0,0,Supervised Learning,2.5,rater2,,420,images/420.png,"Describe Supervised, Unsupervised, and Reinforcement Machine Learning.","Supervised Learning:
Supervised learning is a type of machine learning in which the model is trained using labeled data. Each input is associated with a correct output, and the model learns to map inputs to outputs by minimizing error using a loss function.
Examples include spam detection, image classification, and regression tasks.
Unsupervised Learning:
Unsupervised learning is a type of machine learning where the model is trained on unlabeled data. It identifies hidden patterns, structures, or relationships within the data.
Common techniques include clustering and dimensionality reduction.
Examples include customer segmentation and anomaly detection.
Reinforcement Learning:
Reinforcement learning is a type of machine learning where an agent interacts with an environment and learns by receiving rewards or penalties. The objective is to learn an optimal policy that maximizes cumulative reward over time.
Examples include game playing, robotics, and self-driving systems.
Rubrics for Machine Learning",Excellent (2.5): Defines clearly AND includes key idea (labeled data + prediction/learning) AND example | Good (2): Correct definition but missing either key idea or example | Average (1.5): Partial understanding (only labeled data mentioned) | Poor (1): Incorrect or missing definition
420_c1,1,Unsupervised Learning,2.5,rater2,,420,images/420.png,"Describe Supervised, Unsupervised, and Reinforcement Machine Learning.","Supervised Learning:
Supervised learning is a type of machine learning in which the model is trained using labeled data. Each input is associated with a correct output, and the model learns to map inputs to outputs by minimizing error using a loss function.
Examples include spam detection, image classification, and regression tasks.
Unsupervised Learning:
Unsupervised learning is a type of machine learning where the model is trained on unlabeled data. It identifies hidden patterns, structures, or relationships within the data.
Common techniques include clustering and dimensionality reduction.
Examples include customer segmentation and anomaly detection.
Reinforcement Learning:
Reinforcement learning is a type of machine learning where an agent interacts with an environment and learns by receiving rewards or penalties. The objective is to learn an optimal policy that maximizes cumulative reward over time.
Examples include game playing, robotics, and self-driving systems.
Rubrics for Machine Learning","Excellent (2.5): Clearly states no labels AND mentions pattern discovery (e.g., clustering) with example | Good (2): Correct but lacks example or clarity | Average (1.5): Mentions no labels but no understanding of purpose | Poor (1): Incorrect or missing definition"
420_c2,2,Reinforcement Learning,2.5,rater2,,420,images/420.png,"Describe Supervised, Unsupervised, and Reinforcement Machine Learning.","Supervised Learning:
Supervised learning is a type of machine learning in which the model is trained using labeled data. Each input is associated with a correct output, and the model learns to map inputs to outputs by minimizing error using a loss function.
Examples include spam detection, image classification, and regression tasks.
Unsupervised Learning:
Unsupervised learning is a type of machine learning where the model is trained on unlabeled data. It identifies hidden patterns, structures, or relationships within the data.
Common techniques include clustering and dimensionality reduction.
Examples include customer segmentation and anomaly detection.
Reinforcement Learning:
Reinforcement learning is a type of machine learning where an agent interacts with an environment and learns by receiving rewards or penalties. The objective is to learn an optimal policy that maximizes cumulative reward over time.
Examples include game playing, robotics, and self-driving systems.
Rubrics for Machine Learning","Excellent (2.5): Clearly explains agent, environment, reward mechanism AND goal of maximizing reward | Good (2): Mentions reward-based learning but lacks full explanation | Average (1.5): Partial idea (trial-and-error only) | Poor (1): Incorrect or missing definition"
420_c3,3,"Example, Overall Clarity & Structure",2.5,rater2,,420,images/420.png,"Describe Supervised, Unsupervised, and Reinforcement Machine Learning.","Supervised Learning:
Supervised learning is a type of machine learning in which the model is trained using labeled data. Each input is associated with a correct output, and the model learns to map inputs to outputs by minimizing error using a loss function.
Examples include spam detection, image classification, and regression tasks.
Unsupervised Learning:
Unsupervised learning is a type of machine learning where the model is trained on unlabeled data. It identifies hidden patterns, structures, or relationships within the data.
Common techniques include clustering and dimensionality reduction.
Examples include customer segmentation and anomaly detection.
Reinforcement Learning:
Reinforcement learning is a type of machine learning where an agent interacts with an environment and learns by receiving rewards or penalties. The objective is to learn an optimal policy that maximizes cumulative reward over time.
Examples include game playing, robotics, and self-driving systems.
Rubrics for Machine Learning",Excellent (2.5): All three types clearly distinguished and well-organized | Good (2): Mostly clear but slight confusion between types | Average (1.5): Some mixing of concepts | Poor (1): Poor or unclear explanation
127_c0,0,Defintion of climate and weather,2.0,rater2,,127,images/127.png,"1. What do you mean by climate and weather?  2. Mention the climate variables. 3. Increased water temperature altered hemato-biochemical parameters in rohu, explain.","1. Definition of climate and weather: Climate: Climate is defined as an area's long-term weather patterns. The simplest way to describe climate is to look at average temperature and precipitation over time. It takes a long time to change.  Weather: Weather is the state of the atmosphere at a particular place during a short period of time. It can change within a short period of time, like minutes or hours.
2. Climate variables: Climate variable can be cassified into three categories such as physical, chemical, and biological. Some climate variables that are measured as follows:
3. Hemato-biochemical changes in rohu due to an increase of temparature  In rohu (Labeo rohita), increased water temperature causes thermal stress, which changes  normal blood and biochemical conditions. Usually, hemoglobin, RBC, glucose may rise at first because the fish needs more oxygen and energy to cope with stress,  while total protein and some ions may decrease due to disturbed metabolism and osmotic  imbalance.  Erythrocytic cellular abnormalities (ECA), erythrocytic nuclear abnormalities (ENA) may may also rise due to elevated temparature.  So, higher temperature alters hemato-biochemical parameters by affecting the  fish’s respiration, metabolism, and stress response.
Rubrics","Excellent (2): Clear concept with correct spelling and sentence structure | Good (1.75): Clear concept but average sentence structure and spelling | Average (1.25-1.5): Incomplete definition, with one correct definition but the rest incorrect. | Poor (=<1): Incomplete definition of both along with poor sentence structure"
127_c1,1,Name of the climate variables,2.0,rater2,,127,images/127.png,"1. What do you mean by climate and weather?  2. Mention the climate variables. 3. Increased water temperature altered hemato-biochemical parameters in rohu, explain.","1. Definition of climate and weather: Climate: Climate is defined as an area's long-term weather patterns. The simplest way to describe climate is to look at average temperature and precipitation over time. It takes a long time to change.  Weather: Weather is the state of the atmosphere at a particular place during a short period of time. It can change within a short period of time, like minutes or hours.
2. Climate variables: Climate variable can be cassified into three categories such as physical, chemical, and biological. Some climate variables that are measured as follows:
3. Hemato-biochemical changes in rohu due to an increase of temparature  In rohu (Labeo rohita), increased water temperature causes thermal stress, which changes  normal blood and biochemical conditions. Usually, hemoglobin, RBC, glucose may rise at first because the fish needs more oxygen and energy to cope with stress,  while total protein and some ions may decrease due to disturbed metabolism and osmotic  imbalance.  Erythrocytic cellular abnormalities (ECA), erythrocytic nuclear abnormalities (ENA) may may also rise due to elevated temparature.  So, higher temperature alters hemato-biochemical parameters by affecting the  fish’s respiration, metabolism, and stress response.
Rubrics","Excellent (2): Mention all the 6 variables correctly | Good (1.75): Mention 4 or 5 variables correctly | Average (1.25-1.5): Mention 3 or 4 variables correctly  | Poor (=<1): Mention 1 or 2 variables, or answer irrelevant variables"
127_c2,2,Hemato-biochemical changes in rohu due to an increase of temparature,2.0,rater2,,127,images/127.png,"1. What do you mean by climate and weather?  2. Mention the climate variables. 3. Increased water temperature altered hemato-biochemical parameters in rohu, explain.","1. Definition of climate and weather: Climate: Climate is defined as an area's long-term weather patterns. The simplest way to describe climate is to look at average temperature and precipitation over time. It takes a long time to change.  Weather: Weather is the state of the atmosphere at a particular place during a short period of time. It can change within a short period of time, like minutes or hours.
2. Climate variables: Climate variable can be cassified into three categories such as physical, chemical, and biological. Some climate variables that are measured as follows:
3. Hemato-biochemical changes in rohu due to an increase of temparature  In rohu (Labeo rohita), increased water temperature causes thermal stress, which changes  normal blood and biochemical conditions. Usually, hemoglobin, RBC, glucose may rise at first because the fish needs more oxygen and energy to cope with stress,  while total protein and some ions may decrease due to disturbed metabolism and osmotic  imbalance.  Erythrocytic cellular abnormalities (ECA), erythrocytic nuclear abnormalities (ENA) may may also rise due to elevated temparature.  So, higher temperature alters hemato-biochemical parameters by affecting the  fish’s respiration, metabolism, and stress response.
Rubrics","Excellent (2): Briefly describes the scientific process and altered parameters in an orderly manner | Good (1.75): Mentions the altered parameters properly, but does not mention the reasons | Average (1.25-1.5):  Mention 1 or 2  parameters properly and does not explain the cause also | Poor (=<1): Mention incomplete and irrelevant data"
281_def,0,Definition of Data Mining,4.0,rater2,,281,images/281.png,What is Data Mining? Describe the steps of the KDD (Knowledge Discovery in Databases) process and explain why data mining is essential in modern organizations.,"Definition of Data Mining:
Data mining is the process of discovering meaningful patterns, knowledge, or useful information from large datasets using techniques from statistics, machine learning, and pattern recognition.
Steps of the KDD Process:
The Knowledge Discovery in Databases (KDD) process includes the following main steps:
1. Data Selection
2. Data Preprocessing / Cleaning
3. Data Transformation
4. Data Mining
5. Pattern Evaluation
6. Knowledge Presentation
Justification / Importance of Data Mining:
Data mining is essential in modern organizations because it enables data-driven decision making and provides insights that would otherwise remain hidden in large datasets. By analyzing customer behavior, transaction patterns, and market trends, organizations can make strategic decisions that improve efficiency, increase revenue, and reduce risks.

For example, a retail company can analyze purchase histories to recommend products to customers, thereby increasing sales and enhancing customer satisfaction. Similarly, banks can detect fraudulent transactions by identifying unusual patterns in account activity, which helps prevent financial losses.
Rubrics for DataMining ",Excellent (4): Clear and correct definition explaining discovery of useful patterns/knowledge from large datasets | Good (3): Correct definition but slightly incomplete | Average (2): Basic idea mentioned but not clearly defined | Poor (0-1): Incorrect or missing definition
281_kdd,1,KDD Process Steps,4.0,rater2,,281,images/281.png,What is Data Mining? Describe the steps of the KDD (Knowledge Discovery in Databases) process and explain why data mining is essential in modern organizations.,"Definition of Data Mining:
Data mining is the process of discovering meaningful patterns, knowledge, or useful information from large datasets using techniques from statistics, machine learning, and pattern recognition.
Steps of the KDD Process:
The Knowledge Discovery in Databases (KDD) process includes the following main steps:
1. Data Selection
2. Data Preprocessing / Cleaning
3. Data Transformation
4. Data Mining
5. Pattern Evaluation
6. Knowledge Presentation
Justification / Importance of Data Mining:
Data mining is essential in modern organizations because it enables data-driven decision making and provides insights that would otherwise remain hidden in large datasets. By analyzing customer behavior, transaction patterns, and market trends, organizations can make strategic decisions that improve efficiency, increase revenue, and reduce risks.

For example, a retail company can analyze purchase histories to recommend products to customers, thereby increasing sales and enhancing customer satisfaction. Similarly, banks can detect fraudulent transactions by identifying unusual patterns in account activity, which helps prevent financial losses.
Rubrics for DataMining ","Excellent (4): Most or all steps correctly identified (selection, preprocessing, transformation, data mining, evaluation, presentation) | Good (3): Several steps identified but some missing | Average (2): Few steps mentioned with limited understanding | Poor (0-1): Steps mostly incorrect or missing"
281_c2,2,Importance of Data Mining Marks=(4),4.0,rater2,,281,images/281.png,What is Data Mining? Describe the steps of the KDD (Knowledge Discovery in Databases) process and explain why data mining is essential in modern organizations.,"Definition of Data Mining:
Data mining is the process of discovering meaningful patterns, knowledge, or useful information from large datasets using techniques from statistics, machine learning, and pattern recognition.
Steps of the KDD Process:
The Knowledge Discovery in Databases (KDD) process includes the following main steps:
1. Data Selection
2. Data Preprocessing / Cleaning
3. Data Transformation
4. Data Mining
5. Pattern Evaluation
6. Knowledge Presentation
Justification / Importance of Data Mining:
Data mining is essential in modern organizations because it enables data-driven decision making and provides insights that would otherwise remain hidden in large datasets. By analyzing customer behavior, transaction patterns, and market trends, organizations can make strategic decisions that improve efficiency, increase revenue, and reduce risks.

For example, a retail company can analyze purchase histories to recommend products to customers, thereby increasing sales and enhancing customer satisfaction. Similarly, banks can detect fraudulent transactions by identifying unusual patterns in account activity, which helps prevent financial losses.
Rubrics for DataMining ",Excellent (4): Strong justification with clear reasoning | Good (3): Reasonable justification but limited explanation | Average (2): General statement with weak reasoning | Poor (0-1): No clear justification
281_ex,3,Example / Application,4.0,rater2,,281,images/281.png,What is Data Mining? Describe the steps of the KDD (Knowledge Discovery in Databases) process and explain why data mining is essential in modern organizations.,"Definition of Data Mining:
Data mining is the process of discovering meaningful patterns, knowledge, or useful information from large datasets using techniques from statistics, machine learning, and pattern recognition.
Steps of the KDD Process:
The Knowledge Discovery in Databases (KDD) process includes the following main steps:
1. Data Selection
2. Data Preprocessing / Cleaning
3. Data Transformation
4. Data Mining
5. Pattern Evaluation
6. Knowledge Presentation
Justification / Importance of Data Mining:
Data mining is essential in modern organizations because it enables data-driven decision making and provides insights that would otherwise remain hidden in large datasets. By analyzing customer behavior, transaction patterns, and market trends, organizations can make strategic decisions that improve efficiency, increase revenue, and reduce risks.

For example, a retail company can analyze purchase histories to recommend products to customers, thereby increasing sales and enhancing customer satisfaction. Similarly, banks can detect fraudulent transactions by identifying unusual patterns in account activity, which helps prevent financial losses.
Rubrics for DataMining ","Excellent (4): Relevant real-world example provided (e.g., marketing, fraud detection, recommendation systems) | Good (3): Example provided but not well explained | Average (2): Vague or unclear example | Poor (0-1): No example"
259_c0,0,Identification of Layers (2 Marks),2.0,rater2,,259,images/259.png,Q19: describe the 7 layers of OSI model (10 Marks),"The OSI (Open Systems Interconnection) model is a conceptual framework that divides network communication into seven layers, each responsible for a specific function. This layered approach helps in understanding, designing, and troubleshooting network systems.
OSI Model Diagram
+---------------------+
| 7. Application      |
+---------------------+
| 6. Presentation     |
+---------------------+
| 5. Session          |
+---------------------+
| 4. Transport        |
+---------------------+
| 3. Network          |
+---------------------+
| 2. Data Link        |
+---------------------+
| 1. Physical         |
+---------------------+
1. Physical Layer
The Physical layer is responsible for transmitting raw bits over a physical medium. It deals with hardware components such as cables, connectors, and electrical signals, ensuring that data is physically sent from one device to another.

2. Data Link Layer
The Data Link layer ensures reliable communication between directly connected devices by organizing data into frames and performing error detection. It also uses MAC addresses to identify devices within the same network.

3. Network Layer
The Network layer handles logical addressing and routing, determining the best path for data packets to travel from the source to the destination across multiple networks. Protocols such as IP operate at this layer.

4. Transport Layer
The Transport layer provides reliable data transfer through segmentation, flow control, and error recovery. It uses protocols like TCP for reliable communication and UDP for faster, connectionless transmission.

5. Session Layer
The Session layer is responsible for establishing, managing, and terminating communication sessions between applications. It maintains synchronization and controls the dialog during data exchange.

6. Presentation Layer
The Presentation layer focuses on data representation by translating, encrypting, and compressing data so that it can be properly understood by the receiving system. Technologies such as SSL/TLS operate at this level.

7. Application Layer
The Application layer is the topmost layer and provides network services directly to end users and applications. It enables interaction with the network through protocols such as HTTP, FTP, and SMTP.
Rubrics","Excellent: All 7 layers listed in correct order (2.0) | Good: 5–6 correct, minor order issue (1.5) | Average: 3–4 correct (1.0) | Poor: ≤2 or incorrect (0–0.5)"
259_c1,1,Explanation of Layers with diagram (4 Marks),4.0,rater2,,259,images/259.png,Q19: describe the 7 layers of OSI model (10 Marks),"The OSI (Open Systems Interconnection) model is a conceptual framework that divides network communication into seven layers, each responsible for a specific function. This layered approach helps in understanding, designing, and troubleshooting network systems.
OSI Model Diagram
+---------------------+
| 7. Application      |
+---------------------+
| 6. Presentation     |
+---------------------+
| 5. Session          |
+---------------------+
| 4. Transport        |
+---------------------+
| 3. Network          |
+---------------------+
| 2. Data Link        |
+---------------------+
| 1. Physical         |
+---------------------+
1. Physical Layer
The Physical layer is responsible for transmitting raw bits over a physical medium. It deals with hardware components such as cables, connectors, and electrical signals, ensuring that data is physically sent from one device to another.

2. Data Link Layer
The Data Link layer ensures reliable communication between directly connected devices by organizing data into frames and performing error detection. It also uses MAC addresses to identify devices within the same network.

3. Network Layer
The Network layer handles logical addressing and routing, determining the best path for data packets to travel from the source to the destination across multiple networks. Protocols such as IP operate at this layer.

4. Transport Layer
The Transport layer provides reliable data transfer through segmentation, flow control, and error recovery. It uses protocols like TCP for reliable communication and UDP for faster, connectionless transmission.

5. Session Layer
The Session layer is responsible for establishing, managing, and terminating communication sessions between applications. It maintains synchronization and controls the dialog during data exchange.

6. Presentation Layer
The Presentation layer focuses on data representation by translating, encrypting, and compressing data so that it can be properly understood by the receiving system. Technologies such as SSL/TLS operate at this level.

7. Application Layer
The Application layer is the topmost layer and provides network services directly to end users and applications. It enables interaction with the network through protocols such as HTTP, FTP, and SMTP.
Rubrics",Excellent: Accurate explanation of all 7 layers with full diagram (4.0) | Good: Most layers explained correctly and no/partial diagram (3.0) | Average: Partial explanation and no  diagram (2.0) | Poor: Incorrect or missing diagram or explaination (0-1.0)
259_c2,2,Technical Accuracy (2 Marks),2.0,rater2,,259,images/259.png,Q19: describe the 7 layers of OSI model (10 Marks),"The OSI (Open Systems Interconnection) model is a conceptual framework that divides network communication into seven layers, each responsible for a specific function. This layered approach helps in understanding, designing, and troubleshooting network systems.
OSI Model Diagram
+---------------------+
| 7. Application      |
+---------------------+
| 6. Presentation     |
+---------------------+
| 5. Session          |
+---------------------+
| 4. Transport        |
+---------------------+
| 3. Network          |
+---------------------+
| 2. Data Link        |
+---------------------+
| 1. Physical         |
+---------------------+
1. Physical Layer
The Physical layer is responsible for transmitting raw bits over a physical medium. It deals with hardware components such as cables, connectors, and electrical signals, ensuring that data is physically sent from one device to another.

2. Data Link Layer
The Data Link layer ensures reliable communication between directly connected devices by organizing data into frames and performing error detection. It also uses MAC addresses to identify devices within the same network.

3. Network Layer
The Network layer handles logical addressing and routing, determining the best path for data packets to travel from the source to the destination across multiple networks. Protocols such as IP operate at this layer.

4. Transport Layer
The Transport layer provides reliable data transfer through segmentation, flow control, and error recovery. It uses protocols like TCP for reliable communication and UDP for faster, connectionless transmission.

5. Session Layer
The Session layer is responsible for establishing, managing, and terminating communication sessions between applications. It maintains synchronization and controls the dialog during data exchange.

6. Presentation Layer
The Presentation layer focuses on data representation by translating, encrypting, and compressing data so that it can be properly understood by the receiving system. Technologies such as SSL/TLS operate at this level.

7. Application Layer
The Application layer is the topmost layer and provides network services directly to end users and applications. It enables interaction with the network through protocols such as HTTP, FTP, and SMTP.
Rubrics",Excellent: Correct terminology used consistently (2.0) | Good: Minor mistakes (1.5) | Average: Limited technical terms (1.0) | Poor: Incorrect terminology (0-0.5)
259_c3,3,Examples/Protocols(1 Mark),1.0,rater2,,259,images/259.png,Q19: describe the 7 layers of OSI model (10 Marks),"The OSI (Open Systems Interconnection) model is a conceptual framework that divides network communication into seven layers, each responsible for a specific function. This layered approach helps in understanding, designing, and troubleshooting network systems.
OSI Model Diagram
+---------------------+
| 7. Application      |
+---------------------+
| 6. Presentation     |
+---------------------+
| 5. Session          |
+---------------------+
| 4. Transport        |
+---------------------+
| 3. Network          |
+---------------------+
| 2. Data Link        |
+---------------------+
| 1. Physical         |
+---------------------+
1. Physical Layer
The Physical layer is responsible for transmitting raw bits over a physical medium. It deals with hardware components such as cables, connectors, and electrical signals, ensuring that data is physically sent from one device to another.

2. Data Link Layer
The Data Link layer ensures reliable communication between directly connected devices by organizing data into frames and performing error detection. It also uses MAC addresses to identify devices within the same network.

3. Network Layer
The Network layer handles logical addressing and routing, determining the best path for data packets to travel from the source to the destination across multiple networks. Protocols such as IP operate at this layer.

4. Transport Layer
The Transport layer provides reliable data transfer through segmentation, flow control, and error recovery. It uses protocols like TCP for reliable communication and UDP for faster, connectionless transmission.

5. Session Layer
The Session layer is responsible for establishing, managing, and terminating communication sessions between applications. It maintains synchronization and controls the dialog during data exchange.

6. Presentation Layer
The Presentation layer focuses on data representation by translating, encrypting, and compressing data so that it can be properly understood by the receiving system. Technologies such as SSL/TLS operate at this level.

7. Application Layer
The Application layer is the topmost layer and provides network services directly to end users and applications. It enables interaction with the network through protocols such as HTTP, FTP, and SMTP.
Rubrics",Excellent: Relevant examples for multiple layers (1.0) | Good: Some examples (0.5–0.75) | Average: Very Few Examples (0.25) | Poor: No examples (0)
259_c4,4,Clarity & Organization (1 Mark),1.0,rater2,,259,images/259.png,Q19: describe the 7 layers of OSI model (10 Marks),"The OSI (Open Systems Interconnection) model is a conceptual framework that divides network communication into seven layers, each responsible for a specific function. This layered approach helps in understanding, designing, and troubleshooting network systems.
OSI Model Diagram
+---------------------+
| 7. Application      |
+---------------------+
| 6. Presentation     |
+---------------------+
| 5. Session          |
+---------------------+
| 4. Transport        |
+---------------------+
| 3. Network          |
+---------------------+
| 2. Data Link        |
+---------------------+
| 1. Physical         |
+---------------------+
1. Physical Layer
The Physical layer is responsible for transmitting raw bits over a physical medium. It deals with hardware components such as cables, connectors, and electrical signals, ensuring that data is physically sent from one device to another.

2. Data Link Layer
The Data Link layer ensures reliable communication between directly connected devices by organizing data into frames and performing error detection. It also uses MAC addresses to identify devices within the same network.

3. Network Layer
The Network layer handles logical addressing and routing, determining the best path for data packets to travel from the source to the destination across multiple networks. Protocols such as IP operate at this layer.

4. Transport Layer
The Transport layer provides reliable data transfer through segmentation, flow control, and error recovery. It uses protocols like TCP for reliable communication and UDP for faster, connectionless transmission.

5. Session Layer
The Session layer is responsible for establishing, managing, and terminating communication sessions between applications. It maintains synchronization and controls the dialog during data exchange.

6. Presentation Layer
The Presentation layer focuses on data representation by translating, encrypting, and compressing data so that it can be properly understood by the receiving system. Technologies such as SSL/TLS operate at this level.

7. Application Layer
The Application layer is the topmost layer and provides network services directly to end users and applications. It enables interaction with the network through protocols such as HTTP, FTP, and SMTP.
Rubrics","Excellent: Very clear, neat diagrams/tables, strong justification (1.0) | Good: Clear explanation (0.75) | Average: Understandable but not neat (0.5) | Poor: Poorly organized (0-0.25)"
147_c0,0,Understanding of normalization and related problems(3),3.0,rater2,,147,images/147.png,"Question 1. In database systems, poor design can lead to data redundancy and update anomalies.","Answer 1: Poor database design leads to data redundancy and update anomalies. Redundancy means storing the same data repeatedly, which increases storage and causes inconsistency. The main anomalies are:

Insertion anomaly: Cannot insert data without adding unrelated information
Deletion anomaly: Deleting a record may remove useful data
Update anomaly: Same data must be updated in multiple rows

Normalization is used to organize data and eliminate these problems.

Normal Forms:

1NF: Ensures atomic values and removes repeating groups
2NF: Removes partial dependency (non-key depends on full primary key)
3NF: Removes transitive dependency (non-key depends only on primary key)

Example:

Unnormalized Table:
StudentID | Course | Instructor | InstructorPhone
1 | DBMS | Rahim | 017XX
1 | AI | Karim | 018XX

Problems: Instructor data is repeated → redundancy and update anomaly.

After Normalization:

StudentCourse:
StudentID | Course

CourseInstructor:
Course | Instructor | InstructorPhone

Now redundancy is minimized and anomalies are removed.
Answer 2:A poorly designed database suffers from redundancy and update anomalies, which reduce data consistency.

Suppose we have a table:
OrderID | CustomerName | CustomerAddress | Product

If a customer places multiple orders, their address is stored repeatedly → data redundancy.

Anomalies:

Insertion anomaly: Cannot add a new customer without an order
Deletion anomaly: Deleting last order removes customer info
Update anomaly: Changing address requires multiple updates

To solve this, we apply normalization.

Normal Forms:

1NF: Removes repeating attributes
2NF: Eliminates partial dependency
3NF: Eliminates transitive dependency

Normalized Tables:

Customer:
CustomerID | Name | Address

Order:
OrderID | CustomerID | Product

Now each fact is stored once, reducing redundancy and eliminating anomalies.
Answer 3: Poor database design causes redundant data storage and anomalies (insertion, deletion, update), leading to inconsistency.

Normalization is a step-by-step process to improve database structure.

Example (Unnormalized Table):
StudentID | StudentName | Course | Instructor | InstructorOffice

Problems:

Instructor details repeated → redundancy
Update anomaly if instructor office changes
Step 1: Convert to 1NF

Ensure atomic values (already satisfied, no repeating groups)

Step 2: Convert to 2NF

Remove partial dependency:

StudentName depends only on StudentID

Student Table:
StudentID | StudentName

Step 3: Convert to 3NF

Remove transitive dependency:

InstructorOffice depends on Instructor

Course Table:
Course | Instructor

Instructor Table:
Instructor | InstructorOffice

Now:

No redundant data
All anomalies removed
Database is well-structured
Rubrics","Excellent (2/3): Clearly explains normalization purpose; correctly identifies redundancy and all anomalies (insertion, deletion, update) with reasoning | Good (0.5-2):  Explains normalization and anomalies but misses depth or one type | Average (0.2-0.5):  Basic idea; anomalies unclear or partially incorrect | Poor (0-0.2):  No clear understanding; mostly incorrect"
147_c1,1,Explanation of normal forms(3),3.0,rater2,,147,images/147.png,"Question 1. In database systems, poor design can lead to data redundancy and update anomalies.","Answer 1: Poor database design leads to data redundancy and update anomalies. Redundancy means storing the same data repeatedly, which increases storage and causes inconsistency. The main anomalies are:

Insertion anomaly: Cannot insert data without adding unrelated information
Deletion anomaly: Deleting a record may remove useful data
Update anomaly: Same data must be updated in multiple rows

Normalization is used to organize data and eliminate these problems.

Normal Forms:

1NF: Ensures atomic values and removes repeating groups
2NF: Removes partial dependency (non-key depends on full primary key)
3NF: Removes transitive dependency (non-key depends only on primary key)

Example:

Unnormalized Table:
StudentID | Course | Instructor | InstructorPhone
1 | DBMS | Rahim | 017XX
1 | AI | Karim | 018XX

Problems: Instructor data is repeated → redundancy and update anomaly.

After Normalization:

StudentCourse:
StudentID | Course

CourseInstructor:
Course | Instructor | InstructorPhone

Now redundancy is minimized and anomalies are removed.
Answer 2:A poorly designed database suffers from redundancy and update anomalies, which reduce data consistency.

Suppose we have a table:
OrderID | CustomerName | CustomerAddress | Product

If a customer places multiple orders, their address is stored repeatedly → data redundancy.

Anomalies:

Insertion anomaly: Cannot add a new customer without an order
Deletion anomaly: Deleting last order removes customer info
Update anomaly: Changing address requires multiple updates

To solve this, we apply normalization.

Normal Forms:

1NF: Removes repeating attributes
2NF: Eliminates partial dependency
3NF: Eliminates transitive dependency

Normalized Tables:

Customer:
CustomerID | Name | Address

Order:
OrderID | CustomerID | Product

Now each fact is stored once, reducing redundancy and eliminating anomalies.
Answer 3: Poor database design causes redundant data storage and anomalies (insertion, deletion, update), leading to inconsistency.

Normalization is a step-by-step process to improve database structure.

Example (Unnormalized Table):
StudentID | StudentName | Course | Instructor | InstructorOffice

Problems:

Instructor details repeated → redundancy
Update anomaly if instructor office changes
Step 1: Convert to 1NF

Ensure atomic values (already satisfied, no repeating groups)

Step 2: Convert to 2NF

Remove partial dependency:

StudentName depends only on StudentID

Student Table:
StudentID | StudentName

Step 3: Convert to 3NF

Remove transitive dependency:

InstructorOffice depends on Instructor

Course Table:
Course | Instructor

Instructor Table:
Instructor | InstructorOffice

Now:

No redundant data
All anomalies removed
Database is well-structured
Rubrics","Excellent (2/3):  Correctly explains 1NF, 2NF, 3NF with conditions and how they remove anomalies | Good (0.5-2):  Explains normal forms with minor mistakes or missing details | Average (0.2-0.5):  Mentions normal forms but incomplete/partially wrong | Poor (0-0.2): Incorrect or missing explanation"
147_c2,2,Use of example(2),2.0,rater2,,147,images/147.png,"Question 1. In database systems, poor design can lead to data redundancy and update anomalies.","Answer 1: Poor database design leads to data redundancy and update anomalies. Redundancy means storing the same data repeatedly, which increases storage and causes inconsistency. The main anomalies are:

Insertion anomaly: Cannot insert data without adding unrelated information
Deletion anomaly: Deleting a record may remove useful data
Update anomaly: Same data must be updated in multiple rows

Normalization is used to organize data and eliminate these problems.

Normal Forms:

1NF: Ensures atomic values and removes repeating groups
2NF: Removes partial dependency (non-key depends on full primary key)
3NF: Removes transitive dependency (non-key depends only on primary key)

Example:

Unnormalized Table:
StudentID | Course | Instructor | InstructorPhone
1 | DBMS | Rahim | 017XX
1 | AI | Karim | 018XX

Problems: Instructor data is repeated → redundancy and update anomaly.

After Normalization:

StudentCourse:
StudentID | Course

CourseInstructor:
Course | Instructor | InstructorPhone

Now redundancy is minimized and anomalies are removed.
Answer 2:A poorly designed database suffers from redundancy and update anomalies, which reduce data consistency.

Suppose we have a table:
OrderID | CustomerName | CustomerAddress | Product

If a customer places multiple orders, their address is stored repeatedly → data redundancy.

Anomalies:

Insertion anomaly: Cannot add a new customer without an order
Deletion anomaly: Deleting last order removes customer info
Update anomaly: Changing address requires multiple updates

To solve this, we apply normalization.

Normal Forms:

1NF: Removes repeating attributes
2NF: Eliminates partial dependency
3NF: Eliminates transitive dependency

Normalized Tables:

Customer:
CustomerID | Name | Address

Order:
OrderID | CustomerID | Product

Now each fact is stored once, reducing redundancy and eliminating anomalies.
Answer 3: Poor database design causes redundant data storage and anomalies (insertion, deletion, update), leading to inconsistency.

Normalization is a step-by-step process to improve database structure.

Example (Unnormalized Table):
StudentID | StudentName | Course | Instructor | InstructorOffice

Problems:

Instructor details repeated → redundancy
Update anomaly if instructor office changes
Step 1: Convert to 1NF

Ensure atomic values (already satisfied, no repeating groups)

Step 2: Convert to 2NF

Remove partial dependency:

StudentName depends only on StudentID

Student Table:
StudentID | StudentName

Step 3: Convert to 3NF

Remove transitive dependency:

InstructorOffice depends on Instructor

Course Table:
Course | Instructor

Instructor Table:
Instructor | InstructorOffice

Now:

No redundant data
All anomalies removed
Database is well-structured
Rubrics",Excellent (2/3):  Clear table/example; shows anomalies and normalization steps correctly | Good (0.5-2):  Relevant example but explanation partially unclear | Average (0.2-0.5):  Example present but weak connection to concept | Poor (0-0.2):  No example or incorrect
147_c3,3,Clear and organized writing(2),2.0,rater2,,147,images/147.png,"Question 1. In database systems, poor design can lead to data redundancy and update anomalies.","Answer 1: Poor database design leads to data redundancy and update anomalies. Redundancy means storing the same data repeatedly, which increases storage and causes inconsistency. The main anomalies are:

Insertion anomaly: Cannot insert data without adding unrelated information
Deletion anomaly: Deleting a record may remove useful data
Update anomaly: Same data must be updated in multiple rows

Normalization is used to organize data and eliminate these problems.

Normal Forms:

1NF: Ensures atomic values and removes repeating groups
2NF: Removes partial dependency (non-key depends on full primary key)
3NF: Removes transitive dependency (non-key depends only on primary key)

Example:

Unnormalized Table:
StudentID | Course | Instructor | InstructorPhone
1 | DBMS | Rahim | 017XX
1 | AI | Karim | 018XX

Problems: Instructor data is repeated → redundancy and update anomaly.

After Normalization:

StudentCourse:
StudentID | Course

CourseInstructor:
Course | Instructor | InstructorPhone

Now redundancy is minimized and anomalies are removed.
Answer 2:A poorly designed database suffers from redundancy and update anomalies, which reduce data consistency.

Suppose we have a table:
OrderID | CustomerName | CustomerAddress | Product

If a customer places multiple orders, their address is stored repeatedly → data redundancy.

Anomalies:

Insertion anomaly: Cannot add a new customer without an order
Deletion anomaly: Deleting last order removes customer info
Update anomaly: Changing address requires multiple updates

To solve this, we apply normalization.

Normal Forms:

1NF: Removes repeating attributes
2NF: Eliminates partial dependency
3NF: Eliminates transitive dependency

Normalized Tables:

Customer:
CustomerID | Name | Address

Order:
OrderID | CustomerID | Product

Now each fact is stored once, reducing redundancy and eliminating anomalies.
Answer 3: Poor database design causes redundant data storage and anomalies (insertion, deletion, update), leading to inconsistency.

Normalization is a step-by-step process to improve database structure.

Example (Unnormalized Table):
StudentID | StudentName | Course | Instructor | InstructorOffice

Problems:

Instructor details repeated → redundancy
Update anomaly if instructor office changes
Step 1: Convert to 1NF

Ensure atomic values (already satisfied, no repeating groups)

Step 2: Convert to 2NF

Remove partial dependency:

StudentName depends only on StudentID

Student Table:
StudentID | StudentName

Step 3: Convert to 3NF

Remove transitive dependency:

InstructorOffice depends on Instructor

Course Table:
Course | Instructor

Instructor Table:
Instructor | InstructorOffice

Now:

No redundant data
All anomalies removed
Database is well-structured
Rubrics","Excellent (2/3):  Very well-structured; clear flow, neat tables/steps | Good (0.5-2):  Generally clear with minor issues | Average (0.2-0.5): Understandable but poorly structured | Poor (0-0.2):  Disorganized and unclear"
392_c0,0,Understanding of Concept,4.0,rater2,,392,images/392.png,"Question 1. You are given the following values: 12, -5.4, 10000, 3.14, 0, 87, -200, 45.6, 999, 1.2. Choose the most efficient among Counting Sort, Radix Sort, or Bucket Sort for this dataset. Justify your selection and state the time and space complexity of all three algorithms.
2. A directed weighted graph is given below. Determine whether the graph contains a negative cycle using a step-by-step solution. Graph (text form): Vertices = {A, B, C, D}; Edges = A→B (4), B→C (-6), C→D (2), D→B (1), A→D (5).
3. You are given coin denominations: 1, 3, 4, 5. Find the minimum number of coins required to make 10 taka. Show the DP table and derive the final answer.","Answer 1: Bucket Sort is the most efficient for this dataset because it contains floating-point numbers and a wide range of values including negatives. Counting Sort is not suitable due to large range and non-integers, and Radix Sort is inefficient for floating-point values. Time Complexity: Counting Sort = O(n + k), Space = O(k); Radix Sort = O(d(n + k)), Space = O(n + k); Bucket Sort = O(n + k) average, worst O(n²), Space = O(n + k). Therefore, Bucket Sort is preferred.
Answer 2: Using Bellman-Ford algorithm: Step 1 initialize distances (A=0, others=∞). Step 2 relax edges repeatedly: A→B (4), B→C (-6), C→D (2), D→B (1). After V-1 iterations, distances keep decreasing due to cycle B→C→D→B with total weight (-6 + 2 + 1 = -3). Step 3 one more relaxation still reduces distance, confirming a negative cycle exists. Therefore, the graph contains a negative cycle.
Answer 3: Using Dynamic Programming: Let dp[x] = minimum coins to make x. Initialize dp[0]=0. Fill table up to 10: dp[1]=1, dp[2]=2, dp[3]=1, dp[4]=1, dp[5]=1, dp[6]=2, dp[7]=2, dp[8]=2, dp[9]=2, dp[10]=2. Minimum coins for 10 = 2 (5+5 or 4+3+3 is larger). Final answer: 2 coins.
Rubrics",Excellent (4): Fully correct and clearly demonstrates the concept | Good (3): Mostly correct with minor issues | Average (2): Partial understanding | Poor (1): Shows little understanding; answer mostly incorrect
392_c1,1,Step-by-Step Procedure,4.0,rater2,,392,images/392.png,"Question 1. You are given the following values: 12, -5.4, 10000, 3.14, 0, 87, -200, 45.6, 999, 1.2. Choose the most efficient among Counting Sort, Radix Sort, or Bucket Sort for this dataset. Justify your selection and state the time and space complexity of all three algorithms.
2. A directed weighted graph is given below. Determine whether the graph contains a negative cycle using a step-by-step solution. Graph (text form): Vertices = {A, B, C, D}; Edges = A→B (4), B→C (-6), C→D (2), D→B (1), A→D (5).
3. You are given coin denominations: 1, 3, 4, 5. Find the minimum number of coins required to make 10 taka. Show the DP table and derive the final answer.","Answer 1: Bucket Sort is the most efficient for this dataset because it contains floating-point numbers and a wide range of values including negatives. Counting Sort is not suitable due to large range and non-integers, and Radix Sort is inefficient for floating-point values. Time Complexity: Counting Sort = O(n + k), Space = O(k); Radix Sort = O(d(n + k)), Space = O(n + k); Bucket Sort = O(n + k) average, worst O(n²), Space = O(n + k). Therefore, Bucket Sort is preferred.
Answer 2: Using Bellman-Ford algorithm: Step 1 initialize distances (A=0, others=∞). Step 2 relax edges repeatedly: A→B (4), B→C (-6), C→D (2), D→B (1). After V-1 iterations, distances keep decreasing due to cycle B→C→D→B with total weight (-6 + 2 + 1 = -3). Step 3 one more relaxation still reduces distance, confirming a negative cycle exists. Therefore, the graph contains a negative cycle.
Answer 3: Using Dynamic Programming: Let dp[x] = minimum coins to make x. Initialize dp[0]=0. Fill table up to 10: dp[1]=1, dp[2]=2, dp[3]=1, dp[4]=1, dp[5]=1, dp[6]=2, dp[7]=2, dp[8]=2, dp[9]=2, dp[10]=2. Minimum coins for 10 = 2 (5+5 or 4+3+3 is larger). Final answer: 2 coins.
Rubrics",Excellent (4): All steps clearly shown and well structured | Good (3): Mostly correct steps | Average (2): Few correct steps | Poor (1): Missing or wrong steps
392_c2,2,Accuracy of Final Answer,4.0,rater2,,392,images/392.png,"Question 1. You are given the following values: 12, -5.4, 10000, 3.14, 0, 87, -200, 45.6, 999, 1.2. Choose the most efficient among Counting Sort, Radix Sort, or Bucket Sort for this dataset. Justify your selection and state the time and space complexity of all three algorithms.
2. A directed weighted graph is given below. Determine whether the graph contains a negative cycle using a step-by-step solution. Graph (text form): Vertices = {A, B, C, D}; Edges = A→B (4), B→C (-6), C→D (2), D→B (1), A→D (5).
3. You are given coin denominations: 1, 3, 4, 5. Find the minimum number of coins required to make 10 taka. Show the DP table and derive the final answer.","Answer 1: Bucket Sort is the most efficient for this dataset because it contains floating-point numbers and a wide range of values including negatives. Counting Sort is not suitable due to large range and non-integers, and Radix Sort is inefficient for floating-point values. Time Complexity: Counting Sort = O(n + k), Space = O(k); Radix Sort = O(d(n + k)), Space = O(n + k); Bucket Sort = O(n + k) average, worst O(n²), Space = O(n + k). Therefore, Bucket Sort is preferred.
Answer 2: Using Bellman-Ford algorithm: Step 1 initialize distances (A=0, others=∞). Step 2 relax edges repeatedly: A→B (4), B→C (-6), C→D (2), D→B (1). After V-1 iterations, distances keep decreasing due to cycle B→C→D→B with total weight (-6 + 2 + 1 = -3). Step 3 one more relaxation still reduces distance, confirming a negative cycle exists. Therefore, the graph contains a negative cycle.
Answer 3: Using Dynamic Programming: Let dp[x] = minimum coins to make x. Initialize dp[0]=0. Fill table up to 10: dp[1]=1, dp[2]=2, dp[3]=1, dp[4]=1, dp[5]=1, dp[6]=2, dp[7]=2, dp[8]=2, dp[9]=2, dp[10]=2. Minimum coins for 10 = 2 (5+5 or 4+3+3 is larger). Final answer: 2 coins.
Rubrics",Excellent (4): Fully accurate and justified | Good (3): Mostly correct | Average (2): Partially correct | Poor (1): Wrong result
392_c3,3,Clarity & Presentation,4.0,rater2,,392,images/392.png,"Question 1. You are given the following values: 12, -5.4, 10000, 3.14, 0, 87, -200, 45.6, 999, 1.2. Choose the most efficient among Counting Sort, Radix Sort, or Bucket Sort for this dataset. Justify your selection and state the time and space complexity of all three algorithms.
2. A directed weighted graph is given below. Determine whether the graph contains a negative cycle using a step-by-step solution. Graph (text form): Vertices = {A, B, C, D}; Edges = A→B (4), B→C (-6), C→D (2), D→B (1), A→D (5).
3. You are given coin denominations: 1, 3, 4, 5. Find the minimum number of coins required to make 10 taka. Show the DP table and derive the final answer.","Answer 1: Bucket Sort is the most efficient for this dataset because it contains floating-point numbers and a wide range of values including negatives. Counting Sort is not suitable due to large range and non-integers, and Radix Sort is inefficient for floating-point values. Time Complexity: Counting Sort = O(n + k), Space = O(k); Radix Sort = O(d(n + k)), Space = O(n + k); Bucket Sort = O(n + k) average, worst O(n²), Space = O(n + k). Therefore, Bucket Sort is preferred.
Answer 2: Using Bellman-Ford algorithm: Step 1 initialize distances (A=0, others=∞). Step 2 relax edges repeatedly: A→B (4), B→C (-6), C→D (2), D→B (1). After V-1 iterations, distances keep decreasing due to cycle B→C→D→B with total weight (-6 + 2 + 1 = -3). Step 3 one more relaxation still reduces distance, confirming a negative cycle exists. Therefore, the graph contains a negative cycle.
Answer 3: Using Dynamic Programming: Let dp[x] = minimum coins to make x. Initialize dp[0]=0. Fill table up to 10: dp[1]=1, dp[2]=2, dp[3]=1, dp[4]=1, dp[5]=1, dp[6]=2, dp[7]=2, dp[8]=2, dp[9]=2, dp[10]=2. Minimum coins for 10 = 2 (5+5 or 4+3+3 is larger). Final answer: 2 coins.
Rubrics","Excellent (4): Very clear, neat diagrams/tables, strong justification | Good (3): Clear explanation | Average (2): Understandable but not neat | Poor (1): Poorly organized"
287_def,0,Definition of Data Mining,4.0,rater2,,287,images/287.png,What is Data Mining? Describe the steps of the KDD (Knowledge Discovery in Databases) process and explain why data mining is essential in modern organizations.,"Definition of Data Mining:
Data mining is the process of discovering meaningful patterns, knowledge, or useful information from large datasets using techniques from statistics, machine learning, and pattern recognition.
Steps of the KDD Process:
The Knowledge Discovery in Databases (KDD) process includes the following main steps:
1. Data Selection
2. Data Preprocessing / Cleaning
3. Data Transformation
4. Data Mining
5. Pattern Evaluation
6. Knowledge Presentation
Justification / Importance of Data Mining:
Data mining is essential in modern organizations because it enables data-driven decision making and provides insights that would otherwise remain hidden in large datasets. By analyzing customer behavior, transaction patterns, and market trends, organizations can make strategic decisions that improve efficiency, increase revenue, and reduce risks.

For example, a retail company can analyze purchase histories to recommend products to customers, thereby increasing sales and enhancing customer satisfaction. Similarly, banks can detect fraudulent transactions by identifying unusual patterns in account activity, which helps prevent financial losses.
Rubrics for DataMining ",Excellent (4): Clear and correct definition explaining discovery of useful patterns/knowledge from large datasets | Good (3): Correct definition but slightly incomplete | Average (2): Basic idea mentioned but not clearly defined | Poor (0-1): Incorrect or missing definition
287_kdd,1,KDD Process Steps,4.0,rater2,,287,images/287.png,What is Data Mining? Describe the steps of the KDD (Knowledge Discovery in Databases) process and explain why data mining is essential in modern organizations.,"Definition of Data Mining:
Data mining is the process of discovering meaningful patterns, knowledge, or useful information from large datasets using techniques from statistics, machine learning, and pattern recognition.
Steps of the KDD Process:
The Knowledge Discovery in Databases (KDD) process includes the following main steps:
1. Data Selection
2. Data Preprocessing / Cleaning
3. Data Transformation
4. Data Mining
5. Pattern Evaluation
6. Knowledge Presentation
Justification / Importance of Data Mining:
Data mining is essential in modern organizations because it enables data-driven decision making and provides insights that would otherwise remain hidden in large datasets. By analyzing customer behavior, transaction patterns, and market trends, organizations can make strategic decisions that improve efficiency, increase revenue, and reduce risks.

For example, a retail company can analyze purchase histories to recommend products to customers, thereby increasing sales and enhancing customer satisfaction. Similarly, banks can detect fraudulent transactions by identifying unusual patterns in account activity, which helps prevent financial losses.
Rubrics for DataMining ","Excellent (4): Most or all steps correctly identified (selection, preprocessing, transformation, data mining, evaluation, presentation) | Good (3): Several steps identified but some missing | Average (2): Few steps mentioned with limited understanding | Poor (0-1): Steps mostly incorrect or missing"
287_c2,2,Importance of Data Mining Marks=(4),4.0,rater2,,287,images/287.png,What is Data Mining? Describe the steps of the KDD (Knowledge Discovery in Databases) process and explain why data mining is essential in modern organizations.,"Definition of Data Mining:
Data mining is the process of discovering meaningful patterns, knowledge, or useful information from large datasets using techniques from statistics, machine learning, and pattern recognition.
Steps of the KDD Process:
The Knowledge Discovery in Databases (KDD) process includes the following main steps:
1. Data Selection
2. Data Preprocessing / Cleaning
3. Data Transformation
4. Data Mining
5. Pattern Evaluation
6. Knowledge Presentation
Justification / Importance of Data Mining:
Data mining is essential in modern organizations because it enables data-driven decision making and provides insights that would otherwise remain hidden in large datasets. By analyzing customer behavior, transaction patterns, and market trends, organizations can make strategic decisions that improve efficiency, increase revenue, and reduce risks.

For example, a retail company can analyze purchase histories to recommend products to customers, thereby increasing sales and enhancing customer satisfaction. Similarly, banks can detect fraudulent transactions by identifying unusual patterns in account activity, which helps prevent financial losses.
Rubrics for DataMining ",Excellent (4): Strong justification with clear reasoning | Good (3): Reasonable justification but limited explanation | Average (2): General statement with weak reasoning | Poor (0-1): No clear justification
287_ex,3,Example / Application,4.0,rater2,,287,images/287.png,What is Data Mining? Describe the steps of the KDD (Knowledge Discovery in Databases) process and explain why data mining is essential in modern organizations.,"Definition of Data Mining:
Data mining is the process of discovering meaningful patterns, knowledge, or useful information from large datasets using techniques from statistics, machine learning, and pattern recognition.
Steps of the KDD Process:
The Knowledge Discovery in Databases (KDD) process includes the following main steps:
1. Data Selection
2. Data Preprocessing / Cleaning
3. Data Transformation
4. Data Mining
5. Pattern Evaluation
6. Knowledge Presentation
Justification / Importance of Data Mining:
Data mining is essential in modern organizations because it enables data-driven decision making and provides insights that would otherwise remain hidden in large datasets. By analyzing customer behavior, transaction patterns, and market trends, organizations can make strategic decisions that improve efficiency, increase revenue, and reduce risks.

For example, a retail company can analyze purchase histories to recommend products to customers, thereby increasing sales and enhancing customer satisfaction. Similarly, banks can detect fraudulent transactions by identifying unusual patterns in account activity, which helps prevent financial losses.
Rubrics for DataMining ","Excellent (4): Relevant real-world example provided (e.g., marketing, fraud detection, recommendation systems) | Good (3): Example provided but not well explained | Average (2): Vague or unclear example | Poor (0-1): No example"
161_c0,0,Understanding of normalization and related problems(3),3.0,rater2,,161,images/161.png,"Question 1. In database systems, poor design can lead to data redundancy and update anomalies.","Answer 1: Poor database design leads to data redundancy and update anomalies. Redundancy means storing the same data repeatedly, which increases storage and causes inconsistency. The main anomalies are:

Insertion anomaly: Cannot insert data without adding unrelated information
Deletion anomaly: Deleting a record may remove useful data
Update anomaly: Same data must be updated in multiple rows

Normalization is used to organize data and eliminate these problems.

Normal Forms:

1NF: Ensures atomic values and removes repeating groups
2NF: Removes partial dependency (non-key depends on full primary key)
3NF: Removes transitive dependency (non-key depends only on primary key)

Example:

Unnormalized Table:
StudentID | Course | Instructor | InstructorPhone
1 | DBMS | Rahim | 017XX
1 | AI | Karim | 018XX

Problems: Instructor data is repeated → redundancy and update anomaly.

After Normalization:

StudentCourse:
StudentID | Course

CourseInstructor:
Course | Instructor | InstructorPhone

Now redundancy is minimized and anomalies are removed.
Answer 2:A poorly designed database suffers from redundancy and update anomalies, which reduce data consistency.

Suppose we have a table:
OrderID | CustomerName | CustomerAddress | Product

If a customer places multiple orders, their address is stored repeatedly → data redundancy.

Anomalies:

Insertion anomaly: Cannot add a new customer without an order
Deletion anomaly: Deleting last order removes customer info
Update anomaly: Changing address requires multiple updates

To solve this, we apply normalization.

Normal Forms:

1NF: Removes repeating attributes
2NF: Eliminates partial dependency
3NF: Eliminates transitive dependency

Normalized Tables:

Customer:
CustomerID | Name | Address

Order:
OrderID | CustomerID | Product

Now each fact is stored once, reducing redundancy and eliminating anomalies.
Answer 3: Poor database design causes redundant data storage and anomalies (insertion, deletion, update), leading to inconsistency.

Normalization is a step-by-step process to improve database structure.

Example (Unnormalized Table):
StudentID | StudentName | Course | Instructor | InstructorOffice

Problems:

Instructor details repeated → redundancy
Update anomaly if instructor office changes
Step 1: Convert to 1NF

Ensure atomic values (already satisfied, no repeating groups)

Step 2: Convert to 2NF

Remove partial dependency:

StudentName depends only on StudentID

Student Table:
StudentID | StudentName

Step 3: Convert to 3NF

Remove transitive dependency:

InstructorOffice depends on Instructor

Course Table:
Course | Instructor

Instructor Table:
Instructor | InstructorOffice

Now:

No redundant data
All anomalies removed
Database is well-structured
Rubrics","Excellent (2/3): Clearly explains normalization purpose; correctly identifies redundancy and all anomalies (insertion, deletion, update) with reasoning | Good (0.5-2):  Explains normalization and anomalies but misses depth or one type | Average (0.2-0.5):  Basic idea; anomalies unclear or partially incorrect | Poor (0-0.2):  No clear understanding; mostly incorrect"
161_c1,1,Explanation of normal forms(3),3.0,rater2,,161,images/161.png,"Question 1. In database systems, poor design can lead to data redundancy and update anomalies.","Answer 1: Poor database design leads to data redundancy and update anomalies. Redundancy means storing the same data repeatedly, which increases storage and causes inconsistency. The main anomalies are:

Insertion anomaly: Cannot insert data without adding unrelated information
Deletion anomaly: Deleting a record may remove useful data
Update anomaly: Same data must be updated in multiple rows

Normalization is used to organize data and eliminate these problems.

Normal Forms:

1NF: Ensures atomic values and removes repeating groups
2NF: Removes partial dependency (non-key depends on full primary key)
3NF: Removes transitive dependency (non-key depends only on primary key)

Example:

Unnormalized Table:
StudentID | Course | Instructor | InstructorPhone
1 | DBMS | Rahim | 017XX
1 | AI | Karim | 018XX

Problems: Instructor data is repeated → redundancy and update anomaly.

After Normalization:

StudentCourse:
StudentID | Course

CourseInstructor:
Course | Instructor | InstructorPhone

Now redundancy is minimized and anomalies are removed.
Answer 2:A poorly designed database suffers from redundancy and update anomalies, which reduce data consistency.

Suppose we have a table:
OrderID | CustomerName | CustomerAddress | Product

If a customer places multiple orders, their address is stored repeatedly → data redundancy.

Anomalies:

Insertion anomaly: Cannot add a new customer without an order
Deletion anomaly: Deleting last order removes customer info
Update anomaly: Changing address requires multiple updates

To solve this, we apply normalization.

Normal Forms:

1NF: Removes repeating attributes
2NF: Eliminates partial dependency
3NF: Eliminates transitive dependency

Normalized Tables:

Customer:
CustomerID | Name | Address

Order:
OrderID | CustomerID | Product

Now each fact is stored once, reducing redundancy and eliminating anomalies.
Answer 3: Poor database design causes redundant data storage and anomalies (insertion, deletion, update), leading to inconsistency.

Normalization is a step-by-step process to improve database structure.

Example (Unnormalized Table):
StudentID | StudentName | Course | Instructor | InstructorOffice

Problems:

Instructor details repeated → redundancy
Update anomaly if instructor office changes
Step 1: Convert to 1NF

Ensure atomic values (already satisfied, no repeating groups)

Step 2: Convert to 2NF

Remove partial dependency:

StudentName depends only on StudentID

Student Table:
StudentID | StudentName

Step 3: Convert to 3NF

Remove transitive dependency:

InstructorOffice depends on Instructor

Course Table:
Course | Instructor

Instructor Table:
Instructor | InstructorOffice

Now:

No redundant data
All anomalies removed
Database is well-structured
Rubrics","Excellent (2/3):  Correctly explains 1NF, 2NF, 3NF with conditions and how they remove anomalies | Good (0.5-2):  Explains normal forms with minor mistakes or missing details | Average (0.2-0.5):  Mentions normal forms but incomplete/partially wrong | Poor (0-0.2): Incorrect or missing explanation"
161_c2,2,Use of example(2),2.0,rater2,,161,images/161.png,"Question 1. In database systems, poor design can lead to data redundancy and update anomalies.","Answer 1: Poor database design leads to data redundancy and update anomalies. Redundancy means storing the same data repeatedly, which increases storage and causes inconsistency. The main anomalies are:

Insertion anomaly: Cannot insert data without adding unrelated information
Deletion anomaly: Deleting a record may remove useful data
Update anomaly: Same data must be updated in multiple rows

Normalization is used to organize data and eliminate these problems.

Normal Forms:

1NF: Ensures atomic values and removes repeating groups
2NF: Removes partial dependency (non-key depends on full primary key)
3NF: Removes transitive dependency (non-key depends only on primary key)

Example:

Unnormalized Table:
StudentID | Course | Instructor | InstructorPhone
1 | DBMS | Rahim | 017XX
1 | AI | Karim | 018XX

Problems: Instructor data is repeated → redundancy and update anomaly.

After Normalization:

StudentCourse:
StudentID | Course

CourseInstructor:
Course | Instructor | InstructorPhone

Now redundancy is minimized and anomalies are removed.
Answer 2:A poorly designed database suffers from redundancy and update anomalies, which reduce data consistency.

Suppose we have a table:
OrderID | CustomerName | CustomerAddress | Product

If a customer places multiple orders, their address is stored repeatedly → data redundancy.

Anomalies:

Insertion anomaly: Cannot add a new customer without an order
Deletion anomaly: Deleting last order removes customer info
Update anomaly: Changing address requires multiple updates

To solve this, we apply normalization.

Normal Forms:

1NF: Removes repeating attributes
2NF: Eliminates partial dependency
3NF: Eliminates transitive dependency

Normalized Tables:

Customer:
CustomerID | Name | Address

Order:
OrderID | CustomerID | Product

Now each fact is stored once, reducing redundancy and eliminating anomalies.
Answer 3: Poor database design causes redundant data storage and anomalies (insertion, deletion, update), leading to inconsistency.

Normalization is a step-by-step process to improve database structure.

Example (Unnormalized Table):
StudentID | StudentName | Course | Instructor | InstructorOffice

Problems:

Instructor details repeated → redundancy
Update anomaly if instructor office changes
Step 1: Convert to 1NF

Ensure atomic values (already satisfied, no repeating groups)

Step 2: Convert to 2NF

Remove partial dependency:

StudentName depends only on StudentID

Student Table:
StudentID | StudentName

Step 3: Convert to 3NF

Remove transitive dependency:

InstructorOffice depends on Instructor

Course Table:
Course | Instructor

Instructor Table:
Instructor | InstructorOffice

Now:

No redundant data
All anomalies removed
Database is well-structured
Rubrics",Excellent (2/3):  Clear table/example; shows anomalies and normalization steps correctly | Good (0.5-2):  Relevant example but explanation partially unclear | Average (0.2-0.5):  Example present but weak connection to concept | Poor (0-0.2):  No example or incorrect
161_c3,3,Clear and organized writing(2),2.0,rater2,,161,images/161.png,"Question 1. In database systems, poor design can lead to data redundancy and update anomalies.","Answer 1: Poor database design leads to data redundancy and update anomalies. Redundancy means storing the same data repeatedly, which increases storage and causes inconsistency. The main anomalies are:

Insertion anomaly: Cannot insert data without adding unrelated information
Deletion anomaly: Deleting a record may remove useful data
Update anomaly: Same data must be updated in multiple rows

Normalization is used to organize data and eliminate these problems.

Normal Forms:

1NF: Ensures atomic values and removes repeating groups
2NF: Removes partial dependency (non-key depends on full primary key)
3NF: Removes transitive dependency (non-key depends only on primary key)

Example:

Unnormalized Table:
StudentID | Course | Instructor | InstructorPhone
1 | DBMS | Rahim | 017XX
1 | AI | Karim | 018XX

Problems: Instructor data is repeated → redundancy and update anomaly.

After Normalization:

StudentCourse:
StudentID | Course

CourseInstructor:
Course | Instructor | InstructorPhone

Now redundancy is minimized and anomalies are removed.
Answer 2:A poorly designed database suffers from redundancy and update anomalies, which reduce data consistency.

Suppose we have a table:
OrderID | CustomerName | CustomerAddress | Product

If a customer places multiple orders, their address is stored repeatedly → data redundancy.

Anomalies:

Insertion anomaly: Cannot add a new customer without an order
Deletion anomaly: Deleting last order removes customer info
Update anomaly: Changing address requires multiple updates

To solve this, we apply normalization.

Normal Forms:

1NF: Removes repeating attributes
2NF: Eliminates partial dependency
3NF: Eliminates transitive dependency

Normalized Tables:

Customer:
CustomerID | Name | Address

Order:
OrderID | CustomerID | Product

Now each fact is stored once, reducing redundancy and eliminating anomalies.
Answer 3: Poor database design causes redundant data storage and anomalies (insertion, deletion, update), leading to inconsistency.

Normalization is a step-by-step process to improve database structure.

Example (Unnormalized Table):
StudentID | StudentName | Course | Instructor | InstructorOffice

Problems:

Instructor details repeated → redundancy
Update anomaly if instructor office changes
Step 1: Convert to 1NF

Ensure atomic values (already satisfied, no repeating groups)

Step 2: Convert to 2NF

Remove partial dependency:

StudentName depends only on StudentID

Student Table:
StudentID | StudentName

Step 3: Convert to 3NF

Remove transitive dependency:

InstructorOffice depends on Instructor

Course Table:
Course | Instructor

Instructor Table:
Instructor | InstructorOffice

Now:

No redundant data
All anomalies removed
Database is well-structured
Rubrics","Excellent (2/3):  Very well-structured; clear flow, neat tables/steps | Good (0.5-2):  Generally clear with minor issues | Average (0.2-0.5): Understandable but poorly structured | Poor (0-0.2):  Disorganized and unclear"
347_c0,0,Understanding of Concept,4.0,rater2,,347,images/347.png,"Question 1. You are given the following values: 12, -5.4, 10000, 3.14, 0, 87, -200, 45.6, 999, 1.2. Choose the most efficient among Counting Sort, Radix Sort, or Bucket Sort for this dataset. Justify your selection and state the time and space complexity of all three algorithms.
2. A directed weighted graph is given below. Determine whether the graph contains a negative cycle using a step-by-step solution. Graph (text form): Vertices = {A, B, C, D}; Edges = A→B (4), B→C (-6), C→D (2), D→B (1), A→D (5).
3. You are given coin denominations: 1, 3, 4, 5. Find the minimum number of coins required to make 10 taka. Show the DP table and derive the final answer.","Answer 1: Bucket Sort is the most efficient for this dataset because it contains floating-point numbers and a wide range of values including negatives. Counting Sort is not suitable due to large range and non-integers, and Radix Sort is inefficient for floating-point values. Time Complexity: Counting Sort = O(n + k), Space = O(k); Radix Sort = O(d(n + k)), Space = O(n + k); Bucket Sort = O(n + k) average, worst O(n²), Space = O(n + k). Therefore, Bucket Sort is preferred.
Answer 2: Using Bellman-Ford algorithm: Step 1 initialize distances (A=0, others=∞). Step 2 relax edges repeatedly: A→B (4), B→C (-6), C→D (2), D→B (1). After V-1 iterations, distances keep decreasing due to cycle B→C→D→B with total weight (-6 + 2 + 1 = -3). Step 3 one more relaxation still reduces distance, confirming a negative cycle exists. Therefore, the graph contains a negative cycle.
Answer 3: Using Dynamic Programming: Let dp[x] = minimum coins to make x. Initialize dp[0]=0. Fill table up to 10: dp[1]=1, dp[2]=2, dp[3]=1, dp[4]=1, dp[5]=1, dp[6]=2, dp[7]=2, dp[8]=2, dp[9]=2, dp[10]=2. Minimum coins for 10 = 2 (5+5 or 4+3+3 is larger). Final answer: 2 coins.
Rubrics",Excellent (4): Fully correct and clearly demonstrates the concept | Good (3): Mostly correct with minor issues | Average (2): Partial understanding | Poor (1): Shows little understanding; answer mostly incorrect
347_c1,1,Step-by-Step Procedure,4.0,rater2,,347,images/347.png,"Question 1. You are given the following values: 12, -5.4, 10000, 3.14, 0, 87, -200, 45.6, 999, 1.2. Choose the most efficient among Counting Sort, Radix Sort, or Bucket Sort for this dataset. Justify your selection and state the time and space complexity of all three algorithms.
2. A directed weighted graph is given below. Determine whether the graph contains a negative cycle using a step-by-step solution. Graph (text form): Vertices = {A, B, C, D}; Edges = A→B (4), B→C (-6), C→D (2), D→B (1), A→D (5).
3. You are given coin denominations: 1, 3, 4, 5. Find the minimum number of coins required to make 10 taka. Show the DP table and derive the final answer.","Answer 1: Bucket Sort is the most efficient for this dataset because it contains floating-point numbers and a wide range of values including negatives. Counting Sort is not suitable due to large range and non-integers, and Radix Sort is inefficient for floating-point values. Time Complexity: Counting Sort = O(n + k), Space = O(k); Radix Sort = O(d(n + k)), Space = O(n + k); Bucket Sort = O(n + k) average, worst O(n²), Space = O(n + k). Therefore, Bucket Sort is preferred.
Answer 2: Using Bellman-Ford algorithm: Step 1 initialize distances (A=0, others=∞). Step 2 relax edges repeatedly: A→B (4), B→C (-6), C→D (2), D→B (1). After V-1 iterations, distances keep decreasing due to cycle B→C→D→B with total weight (-6 + 2 + 1 = -3). Step 3 one more relaxation still reduces distance, confirming a negative cycle exists. Therefore, the graph contains a negative cycle.
Answer 3: Using Dynamic Programming: Let dp[x] = minimum coins to make x. Initialize dp[0]=0. Fill table up to 10: dp[1]=1, dp[2]=2, dp[3]=1, dp[4]=1, dp[5]=1, dp[6]=2, dp[7]=2, dp[8]=2, dp[9]=2, dp[10]=2. Minimum coins for 10 = 2 (5+5 or 4+3+3 is larger). Final answer: 2 coins.
Rubrics",Excellent (4): All steps clearly shown and well structured | Good (3): Mostly correct steps | Average (2): Few correct steps | Poor (1): Missing or wrong steps
347_c2,2,Accuracy of Final Answer,4.0,rater2,,347,images/347.png,"Question 1. You are given the following values: 12, -5.4, 10000, 3.14, 0, 87, -200, 45.6, 999, 1.2. Choose the most efficient among Counting Sort, Radix Sort, or Bucket Sort for this dataset. Justify your selection and state the time and space complexity of all three algorithms.
2. A directed weighted graph is given below. Determine whether the graph contains a negative cycle using a step-by-step solution. Graph (text form): Vertices = {A, B, C, D}; Edges = A→B (4), B→C (-6), C→D (2), D→B (1), A→D (5).
3. You are given coin denominations: 1, 3, 4, 5. Find the minimum number of coins required to make 10 taka. Show the DP table and derive the final answer.","Answer 1: Bucket Sort is the most efficient for this dataset because it contains floating-point numbers and a wide range of values including negatives. Counting Sort is not suitable due to large range and non-integers, and Radix Sort is inefficient for floating-point values. Time Complexity: Counting Sort = O(n + k), Space = O(k); Radix Sort = O(d(n + k)), Space = O(n + k); Bucket Sort = O(n + k) average, worst O(n²), Space = O(n + k). Therefore, Bucket Sort is preferred.
Answer 2: Using Bellman-Ford algorithm: Step 1 initialize distances (A=0, others=∞). Step 2 relax edges repeatedly: A→B (4), B→C (-6), C→D (2), D→B (1). After V-1 iterations, distances keep decreasing due to cycle B→C→D→B with total weight (-6 + 2 + 1 = -3). Step 3 one more relaxation still reduces distance, confirming a negative cycle exists. Therefore, the graph contains a negative cycle.
Answer 3: Using Dynamic Programming: Let dp[x] = minimum coins to make x. Initialize dp[0]=0. Fill table up to 10: dp[1]=1, dp[2]=2, dp[3]=1, dp[4]=1, dp[5]=1, dp[6]=2, dp[7]=2, dp[8]=2, dp[9]=2, dp[10]=2. Minimum coins for 10 = 2 (5+5 or 4+3+3 is larger). Final answer: 2 coins.
Rubrics",Excellent (4): Fully accurate and justified | Good (3): Mostly correct | Average (2): Partially correct | Poor (1): Wrong result
347_c3,3,Clarity & Presentation,4.0,rater2,,347,images/347.png,"Question 1. You are given the following values: 12, -5.4, 10000, 3.14, 0, 87, -200, 45.6, 999, 1.2. Choose the most efficient among Counting Sort, Radix Sort, or Bucket Sort for this dataset. Justify your selection and state the time and space complexity of all three algorithms.
2. A directed weighted graph is given below. Determine whether the graph contains a negative cycle using a step-by-step solution. Graph (text form): Vertices = {A, B, C, D}; Edges = A→B (4), B→C (-6), C→D (2), D→B (1), A→D (5).
3. You are given coin denominations: 1, 3, 4, 5. Find the minimum number of coins required to make 10 taka. Show the DP table and derive the final answer.","Answer 1: Bucket Sort is the most efficient for this dataset because it contains floating-point numbers and a wide range of values including negatives. Counting Sort is not suitable due to large range and non-integers, and Radix Sort is inefficient for floating-point values. Time Complexity: Counting Sort = O(n + k), Space = O(k); Radix Sort = O(d(n + k)), Space = O(n + k); Bucket Sort = O(n + k) average, worst O(n²), Space = O(n + k). Therefore, Bucket Sort is preferred.
Answer 2: Using Bellman-Ford algorithm: Step 1 initialize distances (A=0, others=∞). Step 2 relax edges repeatedly: A→B (4), B→C (-6), C→D (2), D→B (1). After V-1 iterations, distances keep decreasing due to cycle B→C→D→B with total weight (-6 + 2 + 1 = -3). Step 3 one more relaxation still reduces distance, confirming a negative cycle exists. Therefore, the graph contains a negative cycle.
Answer 3: Using Dynamic Programming: Let dp[x] = minimum coins to make x. Initialize dp[0]=0. Fill table up to 10: dp[1]=1, dp[2]=2, dp[3]=1, dp[4]=1, dp[5]=1, dp[6]=2, dp[7]=2, dp[8]=2, dp[9]=2, dp[10]=2. Minimum coins for 10 = 2 (5+5 or 4+3+3 is larger). Final answer: 2 coins.
Rubrics","Excellent (4): Very clear, neat diagrams/tables, strong justification | Good (3): Clear explanation | Average (2): Understandable but not neat | Poor (1): Poorly organized"
443_c0,0,Supervised Learning,2.5,rater2,,443,images/443.png,"Describe Supervised, Unsupervised, and Reinforcement Machine Learning.","Supervised Learning:
Supervised learning is a type of machine learning in which the model is trained using labeled data. Each input is associated with a correct output, and the model learns to map inputs to outputs by minimizing error using a loss function.
Examples include spam detection, image classification, and regression tasks.
Unsupervised Learning:
Unsupervised learning is a type of machine learning where the model is trained on unlabeled data. It identifies hidden patterns, structures, or relationships within the data.
Common techniques include clustering and dimensionality reduction.
Examples include customer segmentation and anomaly detection.
Reinforcement Learning:
Reinforcement learning is a type of machine learning where an agent interacts with an environment and learns by receiving rewards or penalties. The objective is to learn an optimal policy that maximizes cumulative reward over time.
Examples include game playing, robotics, and self-driving systems.
Rubrics for Machine Learning",Excellent (2.5): Defines clearly AND includes key idea (labeled data + prediction/learning) AND example | Good (2): Correct definition but missing either key idea or example | Average (1.5): Partial understanding (only labeled data mentioned) | Poor (1): Incorrect or missing definition
443_c1,1,Unsupervised Learning,2.5,rater2,,443,images/443.png,"Describe Supervised, Unsupervised, and Reinforcement Machine Learning.","Supervised Learning:
Supervised learning is a type of machine learning in which the model is trained using labeled data. Each input is associated with a correct output, and the model learns to map inputs to outputs by minimizing error using a loss function.
Examples include spam detection, image classification, and regression tasks.
Unsupervised Learning:
Unsupervised learning is a type of machine learning where the model is trained on unlabeled data. It identifies hidden patterns, structures, or relationships within the data.
Common techniques include clustering and dimensionality reduction.
Examples include customer segmentation and anomaly detection.
Reinforcement Learning:
Reinforcement learning is a type of machine learning where an agent interacts with an environment and learns by receiving rewards or penalties. The objective is to learn an optimal policy that maximizes cumulative reward over time.
Examples include game playing, robotics, and self-driving systems.
Rubrics for Machine Learning","Excellent (2.5): Clearly states no labels AND mentions pattern discovery (e.g., clustering) with example | Good (2): Correct but lacks example or clarity | Average (1.5): Mentions no labels but no understanding of purpose | Poor (1): Incorrect or missing definition"
443_c2,2,Reinforcement Learning,2.5,rater2,,443,images/443.png,"Describe Supervised, Unsupervised, and Reinforcement Machine Learning.","Supervised Learning:
Supervised learning is a type of machine learning in which the model is trained using labeled data. Each input is associated with a correct output, and the model learns to map inputs to outputs by minimizing error using a loss function.
Examples include spam detection, image classification, and regression tasks.
Unsupervised Learning:
Unsupervised learning is a type of machine learning where the model is trained on unlabeled data. It identifies hidden patterns, structures, or relationships within the data.
Common techniques include clustering and dimensionality reduction.
Examples include customer segmentation and anomaly detection.
Reinforcement Learning:
Reinforcement learning is a type of machine learning where an agent interacts with an environment and learns by receiving rewards or penalties. The objective is to learn an optimal policy that maximizes cumulative reward over time.
Examples include game playing, robotics, and self-driving systems.
Rubrics for Machine Learning","Excellent (2.5): Clearly explains agent, environment, reward mechanism AND goal of maximizing reward | Good (2): Mentions reward-based learning but lacks full explanation | Average (1.5): Partial idea (trial-and-error only) | Poor (1): Incorrect or missing definition"
443_c3,3,"Example, Overall Clarity & Structure",2.5,rater2,,443,images/443.png,"Describe Supervised, Unsupervised, and Reinforcement Machine Learning.","Supervised Learning:
Supervised learning is a type of machine learning in which the model is trained using labeled data. Each input is associated with a correct output, and the model learns to map inputs to outputs by minimizing error using a loss function.
Examples include spam detection, image classification, and regression tasks.
Unsupervised Learning:
Unsupervised learning is a type of machine learning where the model is trained on unlabeled data. It identifies hidden patterns, structures, or relationships within the data.
Common techniques include clustering and dimensionality reduction.
Examples include customer segmentation and anomaly detection.
Reinforcement Learning:
Reinforcement learning is a type of machine learning where an agent interacts with an environment and learns by receiving rewards or penalties. The objective is to learn an optimal policy that maximizes cumulative reward over time.
Examples include game playing, robotics, and self-driving systems.
Rubrics for Machine Learning",Excellent (2.5): All three types clearly distinguished and well-organized | Good (2): Mostly clear but slight confusion between types | Average (1.5): Some mixing of concepts | Poor (1): Poor or unclear explanation
150_c0,0,Understanding of normalization and related problems(3),3.0,rater2,,150,images/150.png,"Question 1. In database systems, poor design can lead to data redundancy and update anomalies.","Answer 1: Poor database design leads to data redundancy and update anomalies. Redundancy means storing the same data repeatedly, which increases storage and causes inconsistency. The main anomalies are:

Insertion anomaly: Cannot insert data without adding unrelated information
Deletion anomaly: Deleting a record may remove useful data
Update anomaly: Same data must be updated in multiple rows

Normalization is used to organize data and eliminate these problems.

Normal Forms:

1NF: Ensures atomic values and removes repeating groups
2NF: Removes partial dependency (non-key depends on full primary key)
3NF: Removes transitive dependency (non-key depends only on primary key)

Example:

Unnormalized Table:
StudentID | Course | Instructor | InstructorPhone
1 | DBMS | Rahim | 017XX
1 | AI | Karim | 018XX

Problems: Instructor data is repeated → redundancy and update anomaly.

After Normalization:

StudentCourse:
StudentID | Course

CourseInstructor:
Course | Instructor | InstructorPhone

Now redundancy is minimized and anomalies are removed.
Answer 2:A poorly designed database suffers from redundancy and update anomalies, which reduce data consistency.

Suppose we have a table:
OrderID | CustomerName | CustomerAddress | Product

If a customer places multiple orders, their address is stored repeatedly → data redundancy.

Anomalies:

Insertion anomaly: Cannot add a new customer without an order
Deletion anomaly: Deleting last order removes customer info
Update anomaly: Changing address requires multiple updates

To solve this, we apply normalization.

Normal Forms:

1NF: Removes repeating attributes
2NF: Eliminates partial dependency
3NF: Eliminates transitive dependency

Normalized Tables:

Customer:
CustomerID | Name | Address

Order:
OrderID | CustomerID | Product

Now each fact is stored once, reducing redundancy and eliminating anomalies.
Answer 3: Poor database design causes redundant data storage and anomalies (insertion, deletion, update), leading to inconsistency.

Normalization is a step-by-step process to improve database structure.

Example (Unnormalized Table):
StudentID | StudentName | Course | Instructor | InstructorOffice

Problems:

Instructor details repeated → redundancy
Update anomaly if instructor office changes
Step 1: Convert to 1NF

Ensure atomic values (already satisfied, no repeating groups)

Step 2: Convert to 2NF

Remove partial dependency:

StudentName depends only on StudentID

Student Table:
StudentID | StudentName

Step 3: Convert to 3NF

Remove transitive dependency:

InstructorOffice depends on Instructor

Course Table:
Course | Instructor

Instructor Table:
Instructor | InstructorOffice

Now:

No redundant data
All anomalies removed
Database is well-structured
Rubrics","Excellent (2/3): Clearly explains normalization purpose; correctly identifies redundancy and all anomalies (insertion, deletion, update) with reasoning | Good (0.5-2):  Explains normalization and anomalies but misses depth or one type | Average (0.2-0.5):  Basic idea; anomalies unclear or partially incorrect | Poor (0-0.2):  No clear understanding; mostly incorrect"
150_c1,1,Explanation of normal forms(3),3.0,rater2,,150,images/150.png,"Question 1. In database systems, poor design can lead to data redundancy and update anomalies.","Answer 1: Poor database design leads to data redundancy and update anomalies. Redundancy means storing the same data repeatedly, which increases storage and causes inconsistency. The main anomalies are:

Insertion anomaly: Cannot insert data without adding unrelated information
Deletion anomaly: Deleting a record may remove useful data
Update anomaly: Same data must be updated in multiple rows

Normalization is used to organize data and eliminate these problems.

Normal Forms:

1NF: Ensures atomic values and removes repeating groups
2NF: Removes partial dependency (non-key depends on full primary key)
3NF: Removes transitive dependency (non-key depends only on primary key)

Example:

Unnormalized Table:
StudentID | Course | Instructor | InstructorPhone
1 | DBMS | Rahim | 017XX
1 | AI | Karim | 018XX

Problems: Instructor data is repeated → redundancy and update anomaly.

After Normalization:

StudentCourse:
StudentID | Course

CourseInstructor:
Course | Instructor | InstructorPhone

Now redundancy is minimized and anomalies are removed.
Answer 2:A poorly designed database suffers from redundancy and update anomalies, which reduce data consistency.

Suppose we have a table:
OrderID | CustomerName | CustomerAddress | Product

If a customer places multiple orders, their address is stored repeatedly → data redundancy.

Anomalies:

Insertion anomaly: Cannot add a new customer without an order
Deletion anomaly: Deleting last order removes customer info
Update anomaly: Changing address requires multiple updates

To solve this, we apply normalization.

Normal Forms:

1NF: Removes repeating attributes
2NF: Eliminates partial dependency
3NF: Eliminates transitive dependency

Normalized Tables:

Customer:
CustomerID | Name | Address

Order:
OrderID | CustomerID | Product

Now each fact is stored once, reducing redundancy and eliminating anomalies.
Answer 3: Poor database design causes redundant data storage and anomalies (insertion, deletion, update), leading to inconsistency.

Normalization is a step-by-step process to improve database structure.

Example (Unnormalized Table):
StudentID | StudentName | Course | Instructor | InstructorOffice

Problems:

Instructor details repeated → redundancy
Update anomaly if instructor office changes
Step 1: Convert to 1NF

Ensure atomic values (already satisfied, no repeating groups)

Step 2: Convert to 2NF

Remove partial dependency:

StudentName depends only on StudentID

Student Table:
StudentID | StudentName

Step 3: Convert to 3NF

Remove transitive dependency:

InstructorOffice depends on Instructor

Course Table:
Course | Instructor

Instructor Table:
Instructor | InstructorOffice

Now:

No redundant data
All anomalies removed
Database is well-structured
Rubrics","Excellent (2/3):  Correctly explains 1NF, 2NF, 3NF with conditions and how they remove anomalies | Good (0.5-2):  Explains normal forms with minor mistakes or missing details | Average (0.2-0.5):  Mentions normal forms but incomplete/partially wrong | Poor (0-0.2): Incorrect or missing explanation"
150_c2,2,Use of example(2),2.0,rater2,,150,images/150.png,"Question 1. In database systems, poor design can lead to data redundancy and update anomalies.","Answer 1: Poor database design leads to data redundancy and update anomalies. Redundancy means storing the same data repeatedly, which increases storage and causes inconsistency. The main anomalies are:

Insertion anomaly: Cannot insert data without adding unrelated information
Deletion anomaly: Deleting a record may remove useful data
Update anomaly: Same data must be updated in multiple rows

Normalization is used to organize data and eliminate these problems.

Normal Forms:

1NF: Ensures atomic values and removes repeating groups
2NF: Removes partial dependency (non-key depends on full primary key)
3NF: Removes transitive dependency (non-key depends only on primary key)

Example:

Unnormalized Table:
StudentID | Course | Instructor | InstructorPhone
1 | DBMS | Rahim | 017XX
1 | AI | Karim | 018XX

Problems: Instructor data is repeated → redundancy and update anomaly.

After Normalization:

StudentCourse:
StudentID | Course

CourseInstructor:
Course | Instructor | InstructorPhone

Now redundancy is minimized and anomalies are removed.
Answer 2:A poorly designed database suffers from redundancy and update anomalies, which reduce data consistency.

Suppose we have a table:
OrderID | CustomerName | CustomerAddress | Product

If a customer places multiple orders, their address is stored repeatedly → data redundancy.

Anomalies:

Insertion anomaly: Cannot add a new customer without an order
Deletion anomaly: Deleting last order removes customer info
Update anomaly: Changing address requires multiple updates

To solve this, we apply normalization.

Normal Forms:

1NF: Removes repeating attributes
2NF: Eliminates partial dependency
3NF: Eliminates transitive dependency

Normalized Tables:

Customer:
CustomerID | Name | Address

Order:
OrderID | CustomerID | Product

Now each fact is stored once, reducing redundancy and eliminating anomalies.
Answer 3: Poor database design causes redundant data storage and anomalies (insertion, deletion, update), leading to inconsistency.

Normalization is a step-by-step process to improve database structure.

Example (Unnormalized Table):
StudentID | StudentName | Course | Instructor | InstructorOffice

Problems:

Instructor details repeated → redundancy
Update anomaly if instructor office changes
Step 1: Convert to 1NF

Ensure atomic values (already satisfied, no repeating groups)

Step 2: Convert to 2NF

Remove partial dependency:

StudentName depends only on StudentID

Student Table:
StudentID | StudentName

Step 3: Convert to 3NF

Remove transitive dependency:

InstructorOffice depends on Instructor

Course Table:
Course | Instructor

Instructor Table:
Instructor | InstructorOffice

Now:

No redundant data
All anomalies removed
Database is well-structured
Rubrics",Excellent (2/3):  Clear table/example; shows anomalies and normalization steps correctly | Good (0.5-2):  Relevant example but explanation partially unclear | Average (0.2-0.5):  Example present but weak connection to concept | Poor (0-0.2):  No example or incorrect
150_c3,3,Clear and organized writing(2),2.0,rater2,,150,images/150.png,"Question 1. In database systems, poor design can lead to data redundancy and update anomalies.","Answer 1: Poor database design leads to data redundancy and update anomalies. Redundancy means storing the same data repeatedly, which increases storage and causes inconsistency. The main anomalies are:

Insertion anomaly: Cannot insert data without adding unrelated information
Deletion anomaly: Deleting a record may remove useful data
Update anomaly: Same data must be updated in multiple rows

Normalization is used to organize data and eliminate these problems.

Normal Forms:

1NF: Ensures atomic values and removes repeating groups
2NF: Removes partial dependency (non-key depends on full primary key)
3NF: Removes transitive dependency (non-key depends only on primary key)

Example:

Unnormalized Table:
StudentID | Course | Instructor | InstructorPhone
1 | DBMS | Rahim | 017XX
1 | AI | Karim | 018XX

Problems: Instructor data is repeated → redundancy and update anomaly.

After Normalization:

StudentCourse:
StudentID | Course

CourseInstructor:
Course | Instructor | InstructorPhone

Now redundancy is minimized and anomalies are removed.
Answer 2:A poorly designed database suffers from redundancy and update anomalies, which reduce data consistency.

Suppose we have a table:
OrderID | CustomerName | CustomerAddress | Product

If a customer places multiple orders, their address is stored repeatedly → data redundancy.

Anomalies:

Insertion anomaly: Cannot add a new customer without an order
Deletion anomaly: Deleting last order removes customer info
Update anomaly: Changing address requires multiple updates

To solve this, we apply normalization.

Normal Forms:

1NF: Removes repeating attributes
2NF: Eliminates partial dependency
3NF: Eliminates transitive dependency

Normalized Tables:

Customer:
CustomerID | Name | Address

Order:
OrderID | CustomerID | Product

Now each fact is stored once, reducing redundancy and eliminating anomalies.
Answer 3: Poor database design causes redundant data storage and anomalies (insertion, deletion, update), leading to inconsistency.

Normalization is a step-by-step process to improve database structure.

Example (Unnormalized Table):
StudentID | StudentName | Course | Instructor | InstructorOffice

Problems:

Instructor details repeated → redundancy
Update anomaly if instructor office changes
Step 1: Convert to 1NF

Ensure atomic values (already satisfied, no repeating groups)

Step 2: Convert to 2NF

Remove partial dependency:

StudentName depends only on StudentID

Student Table:
StudentID | StudentName

Step 3: Convert to 3NF

Remove transitive dependency:

InstructorOffice depends on Instructor

Course Table:
Course | Instructor

Instructor Table:
Instructor | InstructorOffice

Now:

No redundant data
All anomalies removed
Database is well-structured
Rubrics","Excellent (2/3):  Very well-structured; clear flow, neat tables/steps | Good (0.5-2):  Generally clear with minor issues | Average (0.2-0.5): Understandable but poorly structured | Poor (0-0.2):  Disorganized and unclear"
264_c0,0,Identification of Layers (2 Marks),2.0,rater2,,264,images/264.png,Q19: describe the 7 layers of OSI model (10 Marks),"The OSI (Open Systems Interconnection) model is a conceptual framework that divides network communication into seven layers, each responsible for a specific function. This layered approach helps in understanding, designing, and troubleshooting network systems.
OSI Model Diagram
+---------------------+
| 7. Application      |
+---------------------+
| 6. Presentation     |
+---------------------+
| 5. Session          |
+---------------------+
| 4. Transport        |
+---------------------+
| 3. Network          |
+---------------------+
| 2. Data Link        |
+---------------------+
| 1. Physical         |
+---------------------+
1. Physical Layer
The Physical layer is responsible for transmitting raw bits over a physical medium. It deals with hardware components such as cables, connectors, and electrical signals, ensuring that data is physically sent from one device to another.

2. Data Link Layer
The Data Link layer ensures reliable communication between directly connected devices by organizing data into frames and performing error detection. It also uses MAC addresses to identify devices within the same network.

3. Network Layer
The Network layer handles logical addressing and routing, determining the best path for data packets to travel from the source to the destination across multiple networks. Protocols such as IP operate at this layer.

4. Transport Layer
The Transport layer provides reliable data transfer through segmentation, flow control, and error recovery. It uses protocols like TCP for reliable communication and UDP for faster, connectionless transmission.

5. Session Layer
The Session layer is responsible for establishing, managing, and terminating communication sessions between applications. It maintains synchronization and controls the dialog during data exchange.

6. Presentation Layer
The Presentation layer focuses on data representation by translating, encrypting, and compressing data so that it can be properly understood by the receiving system. Technologies such as SSL/TLS operate at this level.

7. Application Layer
The Application layer is the topmost layer and provides network services directly to end users and applications. It enables interaction with the network through protocols such as HTTP, FTP, and SMTP.
Rubrics","Excellent: All 7 layers listed in correct order (2.0) | Good: 5–6 correct, minor order issue (1.5) | Average: 3–4 correct (1.0) | Poor: ≤2 or incorrect (0–0.5)"
264_c1,1,Explanation of Layers with diagram (4 Marks),4.0,rater2,,264,images/264.png,Q19: describe the 7 layers of OSI model (10 Marks),"The OSI (Open Systems Interconnection) model is a conceptual framework that divides network communication into seven layers, each responsible for a specific function. This layered approach helps in understanding, designing, and troubleshooting network systems.
OSI Model Diagram
+---------------------+
| 7. Application      |
+---------------------+
| 6. Presentation     |
+---------------------+
| 5. Session          |
+---------------------+
| 4. Transport        |
+---------------------+
| 3. Network          |
+---------------------+
| 2. Data Link        |
+---------------------+
| 1. Physical         |
+---------------------+
1. Physical Layer
The Physical layer is responsible for transmitting raw bits over a physical medium. It deals with hardware components such as cables, connectors, and electrical signals, ensuring that data is physically sent from one device to another.

2. Data Link Layer
The Data Link layer ensures reliable communication between directly connected devices by organizing data into frames and performing error detection. It also uses MAC addresses to identify devices within the same network.

3. Network Layer
The Network layer handles logical addressing and routing, determining the best path for data packets to travel from the source to the destination across multiple networks. Protocols such as IP operate at this layer.

4. Transport Layer
The Transport layer provides reliable data transfer through segmentation, flow control, and error recovery. It uses protocols like TCP for reliable communication and UDP for faster, connectionless transmission.

5. Session Layer
The Session layer is responsible for establishing, managing, and terminating communication sessions between applications. It maintains synchronization and controls the dialog during data exchange.

6. Presentation Layer
The Presentation layer focuses on data representation by translating, encrypting, and compressing data so that it can be properly understood by the receiving system. Technologies such as SSL/TLS operate at this level.

7. Application Layer
The Application layer is the topmost layer and provides network services directly to end users and applications. It enables interaction with the network through protocols such as HTTP, FTP, and SMTP.
Rubrics",Excellent: Accurate explanation of all 7 layers with full diagram (4.0) | Good: Most layers explained correctly and no/partial diagram (3.0) | Average: Partial explanation and no  diagram (2.0) | Poor: Incorrect or missing diagram or explaination (0-1.0)
264_c2,2,Technical Accuracy (2 Marks),2.0,rater2,,264,images/264.png,Q19: describe the 7 layers of OSI model (10 Marks),"The OSI (Open Systems Interconnection) model is a conceptual framework that divides network communication into seven layers, each responsible for a specific function. This layered approach helps in understanding, designing, and troubleshooting network systems.
OSI Model Diagram
+---------------------+
| 7. Application      |
+---------------------+
| 6. Presentation     |
+---------------------+
| 5. Session          |
+---------------------+
| 4. Transport        |
+---------------------+
| 3. Network          |
+---------------------+
| 2. Data Link        |
+---------------------+
| 1. Physical         |
+---------------------+
1. Physical Layer
The Physical layer is responsible for transmitting raw bits over a physical medium. It deals with hardware components such as cables, connectors, and electrical signals, ensuring that data is physically sent from one device to another.

2. Data Link Layer
The Data Link layer ensures reliable communication between directly connected devices by organizing data into frames and performing error detection. It also uses MAC addresses to identify devices within the same network.

3. Network Layer
The Network layer handles logical addressing and routing, determining the best path for data packets to travel from the source to the destination across multiple networks. Protocols such as IP operate at this layer.

4. Transport Layer
The Transport layer provides reliable data transfer through segmentation, flow control, and error recovery. It uses protocols like TCP for reliable communication and UDP for faster, connectionless transmission.

5. Session Layer
The Session layer is responsible for establishing, managing, and terminating communication sessions between applications. It maintains synchronization and controls the dialog during data exchange.

6. Presentation Layer
The Presentation layer focuses on data representation by translating, encrypting, and compressing data so that it can be properly understood by the receiving system. Technologies such as SSL/TLS operate at this level.

7. Application Layer
The Application layer is the topmost layer and provides network services directly to end users and applications. It enables interaction with the network through protocols such as HTTP, FTP, and SMTP.
Rubrics",Excellent: Correct terminology used consistently (2.0) | Good: Minor mistakes (1.5) | Average: Limited technical terms (1.0) | Poor: Incorrect terminology (0-0.5)
264_c3,3,Examples/Protocols(1 Mark),1.0,rater2,,264,images/264.png,Q19: describe the 7 layers of OSI model (10 Marks),"The OSI (Open Systems Interconnection) model is a conceptual framework that divides network communication into seven layers, each responsible for a specific function. This layered approach helps in understanding, designing, and troubleshooting network systems.
OSI Model Diagram
+---------------------+
| 7. Application      |
+---------------------+
| 6. Presentation     |
+---------------------+
| 5. Session          |
+---------------------+
| 4. Transport        |
+---------------------+
| 3. Network          |
+---------------------+
| 2. Data Link        |
+---------------------+
| 1. Physical         |
+---------------------+
1. Physical Layer
The Physical layer is responsible for transmitting raw bits over a physical medium. It deals with hardware components such as cables, connectors, and electrical signals, ensuring that data is physically sent from one device to another.

2. Data Link Layer
The Data Link layer ensures reliable communication between directly connected devices by organizing data into frames and performing error detection. It also uses MAC addresses to identify devices within the same network.

3. Network Layer
The Network layer handles logical addressing and routing, determining the best path for data packets to travel from the source to the destination across multiple networks. Protocols such as IP operate at this layer.

4. Transport Layer
The Transport layer provides reliable data transfer through segmentation, flow control, and error recovery. It uses protocols like TCP for reliable communication and UDP for faster, connectionless transmission.

5. Session Layer
The Session layer is responsible for establishing, managing, and terminating communication sessions between applications. It maintains synchronization and controls the dialog during data exchange.

6. Presentation Layer
The Presentation layer focuses on data representation by translating, encrypting, and compressing data so that it can be properly understood by the receiving system. Technologies such as SSL/TLS operate at this level.

7. Application Layer
The Application layer is the topmost layer and provides network services directly to end users and applications. It enables interaction with the network through protocols such as HTTP, FTP, and SMTP.
Rubrics",Excellent: Relevant examples for multiple layers (1.0) | Good: Some examples (0.5–0.75) | Average: Very Few Examples (0.25) | Poor: No examples (0)
264_c4,4,Clarity & Organization (1 Mark),1.0,rater2,,264,images/264.png,Q19: describe the 7 layers of OSI model (10 Marks),"The OSI (Open Systems Interconnection) model is a conceptual framework that divides network communication into seven layers, each responsible for a specific function. This layered approach helps in understanding, designing, and troubleshooting network systems.
OSI Model Diagram
+---------------------+
| 7. Application      |
+---------------------+
| 6. Presentation     |
+---------------------+
| 5. Session          |
+---------------------+
| 4. Transport        |
+---------------------+
| 3. Network          |
+---------------------+
| 2. Data Link        |
+---------------------+
| 1. Physical         |
+---------------------+
1. Physical Layer
The Physical layer is responsible for transmitting raw bits over a physical medium. It deals with hardware components such as cables, connectors, and electrical signals, ensuring that data is physically sent from one device to another.

2. Data Link Layer
The Data Link layer ensures reliable communication between directly connected devices by organizing data into frames and performing error detection. It also uses MAC addresses to identify devices within the same network.

3. Network Layer
The Network layer handles logical addressing and routing, determining the best path for data packets to travel from the source to the destination across multiple networks. Protocols such as IP operate at this layer.

4. Transport Layer
The Transport layer provides reliable data transfer through segmentation, flow control, and error recovery. It uses protocols like TCP for reliable communication and UDP for faster, connectionless transmission.

5. Session Layer
The Session layer is responsible for establishing, managing, and terminating communication sessions between applications. It maintains synchronization and controls the dialog during data exchange.

6. Presentation Layer
The Presentation layer focuses on data representation by translating, encrypting, and compressing data so that it can be properly understood by the receiving system. Technologies such as SSL/TLS operate at this level.

7. Application Layer
The Application layer is the topmost layer and provides network services directly to end users and applications. It enables interaction with the network through protocols such as HTTP, FTP, and SMTP.
Rubrics","Excellent: Very clear, neat diagrams/tables, strong justification (1.0) | Good: Clear explanation (0.75) | Average: Understandable but not neat (0.5) | Poor: Poorly organized (0-0.25)"
298_def,0,Definition of Data Mining,4.0,rater2,,298,images/298.png,What is Data Mining? Describe the steps of the KDD (Knowledge Discovery in Databases) process and explain why data mining is essential in modern organizations.,"Definition of Data Mining:
Data mining is the process of discovering meaningful patterns, knowledge, or useful information from large datasets using techniques from statistics, machine learning, and pattern recognition.
Steps of the KDD Process:
The Knowledge Discovery in Databases (KDD) process includes the following main steps:
1. Data Selection
2. Data Preprocessing / Cleaning
3. Data Transformation
4. Data Mining
5. Pattern Evaluation
6. Knowledge Presentation
Justification / Importance of Data Mining:
Data mining is essential in modern organizations because it enables data-driven decision making and provides insights that would otherwise remain hidden in large datasets. By analyzing customer behavior, transaction patterns, and market trends, organizations can make strategic decisions that improve efficiency, increase revenue, and reduce risks.

For example, a retail company can analyze purchase histories to recommend products to customers, thereby increasing sales and enhancing customer satisfaction. Similarly, banks can detect fraudulent transactions by identifying unusual patterns in account activity, which helps prevent financial losses.
Rubrics for DataMining ",Excellent (4): Clear and correct definition explaining discovery of useful patterns/knowledge from large datasets | Good (3): Correct definition but slightly incomplete | Average (2): Basic idea mentioned but not clearly defined | Poor (0-1): Incorrect or missing definition
298_kdd,1,KDD Process Steps,4.0,rater2,,298,images/298.png,What is Data Mining? Describe the steps of the KDD (Knowledge Discovery in Databases) process and explain why data mining is essential in modern organizations.,"Definition of Data Mining:
Data mining is the process of discovering meaningful patterns, knowledge, or useful information from large datasets using techniques from statistics, machine learning, and pattern recognition.
Steps of the KDD Process:
The Knowledge Discovery in Databases (KDD) process includes the following main steps:
1. Data Selection
2. Data Preprocessing / Cleaning
3. Data Transformation
4. Data Mining
5. Pattern Evaluation
6. Knowledge Presentation
Justification / Importance of Data Mining:
Data mining is essential in modern organizations because it enables data-driven decision making and provides insights that would otherwise remain hidden in large datasets. By analyzing customer behavior, transaction patterns, and market trends, organizations can make strategic decisions that improve efficiency, increase revenue, and reduce risks.

For example, a retail company can analyze purchase histories to recommend products to customers, thereby increasing sales and enhancing customer satisfaction. Similarly, banks can detect fraudulent transactions by identifying unusual patterns in account activity, which helps prevent financial losses.
Rubrics for DataMining ","Excellent (4): Most or all steps correctly identified (selection, preprocessing, transformation, data mining, evaluation, presentation) | Good (3): Several steps identified but some missing | Average (2): Few steps mentioned with limited understanding | Poor (0-1): Steps mostly incorrect or missing"
298_c2,2,Importance of Data Mining Marks=(4),4.0,rater2,,298,images/298.png,What is Data Mining? Describe the steps of the KDD (Knowledge Discovery in Databases) process and explain why data mining is essential in modern organizations.,"Definition of Data Mining:
Data mining is the process of discovering meaningful patterns, knowledge, or useful information from large datasets using techniques from statistics, machine learning, and pattern recognition.
Steps of the KDD Process:
The Knowledge Discovery in Databases (KDD) process includes the following main steps:
1. Data Selection
2. Data Preprocessing / Cleaning
3. Data Transformation
4. Data Mining
5. Pattern Evaluation
6. Knowledge Presentation
Justification / Importance of Data Mining:
Data mining is essential in modern organizations because it enables data-driven decision making and provides insights that would otherwise remain hidden in large datasets. By analyzing customer behavior, transaction patterns, and market trends, organizations can make strategic decisions that improve efficiency, increase revenue, and reduce risks.

For example, a retail company can analyze purchase histories to recommend products to customers, thereby increasing sales and enhancing customer satisfaction. Similarly, banks can detect fraudulent transactions by identifying unusual patterns in account activity, which helps prevent financial losses.
Rubrics for DataMining ",Excellent (4): Strong justification with clear reasoning | Good (3): Reasonable justification but limited explanation | Average (2): General statement with weak reasoning | Poor (0-1): No clear justification
298_ex,3,Example / Application,4.0,rater2,,298,images/298.png,What is Data Mining? Describe the steps of the KDD (Knowledge Discovery in Databases) process and explain why data mining is essential in modern organizations.,"Definition of Data Mining:
Data mining is the process of discovering meaningful patterns, knowledge, or useful information from large datasets using techniques from statistics, machine learning, and pattern recognition.
Steps of the KDD Process:
The Knowledge Discovery in Databases (KDD) process includes the following main steps:
1. Data Selection
2. Data Preprocessing / Cleaning
3. Data Transformation
4. Data Mining
5. Pattern Evaluation
6. Knowledge Presentation
Justification / Importance of Data Mining:
Data mining is essential in modern organizations because it enables data-driven decision making and provides insights that would otherwise remain hidden in large datasets. By analyzing customer behavior, transaction patterns, and market trends, organizations can make strategic decisions that improve efficiency, increase revenue, and reduce risks.

For example, a retail company can analyze purchase histories to recommend products to customers, thereby increasing sales and enhancing customer satisfaction. Similarly, banks can detect fraudulent transactions by identifying unusual patterns in account activity, which helps prevent financial losses.
Rubrics for DataMining ","Excellent (4): Relevant real-world example provided (e.g., marketing, fraud detection, recommendation systems) | Good (3): Example provided but not well explained | Average (2): Vague or unclear example | Poor (0-1): No example"
146_c0,0,Understanding of normalization and related problems(3),3.0,rater2,,146,images/146.png,"Question 1. In database systems, poor design can lead to data redundancy and update anomalies.","Answer 1: Poor database design leads to data redundancy and update anomalies. Redundancy means storing the same data repeatedly, which increases storage and causes inconsistency. The main anomalies are:

Insertion anomaly: Cannot insert data without adding unrelated information
Deletion anomaly: Deleting a record may remove useful data
Update anomaly: Same data must be updated in multiple rows

Normalization is used to organize data and eliminate these problems.

Normal Forms:

1NF: Ensures atomic values and removes repeating groups
2NF: Removes partial dependency (non-key depends on full primary key)
3NF: Removes transitive dependency (non-key depends only on primary key)

Example:

Unnormalized Table:
StudentID | Course | Instructor | InstructorPhone
1 | DBMS | Rahim | 017XX
1 | AI | Karim | 018XX

Problems: Instructor data is repeated → redundancy and update anomaly.

After Normalization:

StudentCourse:
StudentID | Course

CourseInstructor:
Course | Instructor | InstructorPhone

Now redundancy is minimized and anomalies are removed.
Answer 2:A poorly designed database suffers from redundancy and update anomalies, which reduce data consistency.

Suppose we have a table:
OrderID | CustomerName | CustomerAddress | Product

If a customer places multiple orders, their address is stored repeatedly → data redundancy.

Anomalies:

Insertion anomaly: Cannot add a new customer without an order
Deletion anomaly: Deleting last order removes customer info
Update anomaly: Changing address requires multiple updates

To solve this, we apply normalization.

Normal Forms:

1NF: Removes repeating attributes
2NF: Eliminates partial dependency
3NF: Eliminates transitive dependency

Normalized Tables:

Customer:
CustomerID | Name | Address

Order:
OrderID | CustomerID | Product

Now each fact is stored once, reducing redundancy and eliminating anomalies.
Answer 3: Poor database design causes redundant data storage and anomalies (insertion, deletion, update), leading to inconsistency.

Normalization is a step-by-step process to improve database structure.

Example (Unnormalized Table):
StudentID | StudentName | Course | Instructor | InstructorOffice

Problems:

Instructor details repeated → redundancy
Update anomaly if instructor office changes
Step 1: Convert to 1NF

Ensure atomic values (already satisfied, no repeating groups)

Step 2: Convert to 2NF

Remove partial dependency:

StudentName depends only on StudentID

Student Table:
StudentID | StudentName

Step 3: Convert to 3NF

Remove transitive dependency:

InstructorOffice depends on Instructor

Course Table:
Course | Instructor

Instructor Table:
Instructor | InstructorOffice

Now:

No redundant data
All anomalies removed
Database is well-structured
Rubrics","Excellent (2/3): Clearly explains normalization purpose; correctly identifies redundancy and all anomalies (insertion, deletion, update) with reasoning | Good (0.5-2):  Explains normalization and anomalies but misses depth or one type | Average (0.2-0.5):  Basic idea; anomalies unclear or partially incorrect | Poor (0-0.2):  No clear understanding; mostly incorrect"
146_c1,1,Explanation of normal forms(3),3.0,rater2,,146,images/146.png,"Question 1. In database systems, poor design can lead to data redundancy and update anomalies.","Answer 1: Poor database design leads to data redundancy and update anomalies. Redundancy means storing the same data repeatedly, which increases storage and causes inconsistency. The main anomalies are:

Insertion anomaly: Cannot insert data without adding unrelated information
Deletion anomaly: Deleting a record may remove useful data
Update anomaly: Same data must be updated in multiple rows

Normalization is used to organize data and eliminate these problems.

Normal Forms:

1NF: Ensures atomic values and removes repeating groups
2NF: Removes partial dependency (non-key depends on full primary key)
3NF: Removes transitive dependency (non-key depends only on primary key)

Example:

Unnormalized Table:
StudentID | Course | Instructor | InstructorPhone
1 | DBMS | Rahim | 017XX
1 | AI | Karim | 018XX

Problems: Instructor data is repeated → redundancy and update anomaly.

After Normalization:

StudentCourse:
StudentID | Course

CourseInstructor:
Course | Instructor | InstructorPhone

Now redundancy is minimized and anomalies are removed.
Answer 2:A poorly designed database suffers from redundancy and update anomalies, which reduce data consistency.

Suppose we have a table:
OrderID | CustomerName | CustomerAddress | Product

If a customer places multiple orders, their address is stored repeatedly → data redundancy.

Anomalies:

Insertion anomaly: Cannot add a new customer without an order
Deletion anomaly: Deleting last order removes customer info
Update anomaly: Changing address requires multiple updates

To solve this, we apply normalization.

Normal Forms:

1NF: Removes repeating attributes
2NF: Eliminates partial dependency
3NF: Eliminates transitive dependency

Normalized Tables:

Customer:
CustomerID | Name | Address

Order:
OrderID | CustomerID | Product

Now each fact is stored once, reducing redundancy and eliminating anomalies.
Answer 3: Poor database design causes redundant data storage and anomalies (insertion, deletion, update), leading to inconsistency.

Normalization is a step-by-step process to improve database structure.

Example (Unnormalized Table):
StudentID | StudentName | Course | Instructor | InstructorOffice

Problems:

Instructor details repeated → redundancy
Update anomaly if instructor office changes
Step 1: Convert to 1NF

Ensure atomic values (already satisfied, no repeating groups)

Step 2: Convert to 2NF

Remove partial dependency:

StudentName depends only on StudentID

Student Table:
StudentID | StudentName

Step 3: Convert to 3NF

Remove transitive dependency:

InstructorOffice depends on Instructor

Course Table:
Course | Instructor

Instructor Table:
Instructor | InstructorOffice

Now:

No redundant data
All anomalies removed
Database is well-structured
Rubrics","Excellent (2/3):  Correctly explains 1NF, 2NF, 3NF with conditions and how they remove anomalies | Good (0.5-2):  Explains normal forms with minor mistakes or missing details | Average (0.2-0.5):  Mentions normal forms but incomplete/partially wrong | Poor (0-0.2): Incorrect or missing explanation"
146_c2,2,Use of example(2),2.0,rater2,,146,images/146.png,"Question 1. In database systems, poor design can lead to data redundancy and update anomalies.","Answer 1: Poor database design leads to data redundancy and update anomalies. Redundancy means storing the same data repeatedly, which increases storage and causes inconsistency. The main anomalies are:

Insertion anomaly: Cannot insert data without adding unrelated information
Deletion anomaly: Deleting a record may remove useful data
Update anomaly: Same data must be updated in multiple rows

Normalization is used to organize data and eliminate these problems.

Normal Forms:

1NF: Ensures atomic values and removes repeating groups
2NF: Removes partial dependency (non-key depends on full primary key)
3NF: Removes transitive dependency (non-key depends only on primary key)

Example:

Unnormalized Table:
StudentID | Course | Instructor | InstructorPhone
1 | DBMS | Rahim | 017XX
1 | AI | Karim | 018XX

Problems: Instructor data is repeated → redundancy and update anomaly.

After Normalization:

StudentCourse:
StudentID | Course

CourseInstructor:
Course | Instructor | InstructorPhone

Now redundancy is minimized and anomalies are removed.
Answer 2:A poorly designed database suffers from redundancy and update anomalies, which reduce data consistency.

Suppose we have a table:
OrderID | CustomerName | CustomerAddress | Product

If a customer places multiple orders, their address is stored repeatedly → data redundancy.

Anomalies:

Insertion anomaly: Cannot add a new customer without an order
Deletion anomaly: Deleting last order removes customer info
Update anomaly: Changing address requires multiple updates

To solve this, we apply normalization.

Normal Forms:

1NF: Removes repeating attributes
2NF: Eliminates partial dependency
3NF: Eliminates transitive dependency

Normalized Tables:

Customer:
CustomerID | Name | Address

Order:
OrderID | CustomerID | Product

Now each fact is stored once, reducing redundancy and eliminating anomalies.
Answer 3: Poor database design causes redundant data storage and anomalies (insertion, deletion, update), leading to inconsistency.

Normalization is a step-by-step process to improve database structure.

Example (Unnormalized Table):
StudentID | StudentName | Course | Instructor | InstructorOffice

Problems:

Instructor details repeated → redundancy
Update anomaly if instructor office changes
Step 1: Convert to 1NF

Ensure atomic values (already satisfied, no repeating groups)

Step 2: Convert to 2NF

Remove partial dependency:

StudentName depends only on StudentID

Student Table:
StudentID | StudentName

Step 3: Convert to 3NF

Remove transitive dependency:

InstructorOffice depends on Instructor

Course Table:
Course | Instructor

Instructor Table:
Instructor | InstructorOffice

Now:

No redundant data
All anomalies removed
Database is well-structured
Rubrics",Excellent (2/3):  Clear table/example; shows anomalies and normalization steps correctly | Good (0.5-2):  Relevant example but explanation partially unclear | Average (0.2-0.5):  Example present but weak connection to concept | Poor (0-0.2):  No example or incorrect
146_c3,3,Clear and organized writing(2),2.0,rater2,,146,images/146.png,"Question 1. In database systems, poor design can lead to data redundancy and update anomalies.","Answer 1: Poor database design leads to data redundancy and update anomalies. Redundancy means storing the same data repeatedly, which increases storage and causes inconsistency. The main anomalies are:

Insertion anomaly: Cannot insert data without adding unrelated information
Deletion anomaly: Deleting a record may remove useful data
Update anomaly: Same data must be updated in multiple rows

Normalization is used to organize data and eliminate these problems.

Normal Forms:

1NF: Ensures atomic values and removes repeating groups
2NF: Removes partial dependency (non-key depends on full primary key)
3NF: Removes transitive dependency (non-key depends only on primary key)

Example:

Unnormalized Table:
StudentID | Course | Instructor | InstructorPhone
1 | DBMS | Rahim | 017XX
1 | AI | Karim | 018XX

Problems: Instructor data is repeated → redundancy and update anomaly.

After Normalization:

StudentCourse:
StudentID | Course

CourseInstructor:
Course | Instructor | InstructorPhone

Now redundancy is minimized and anomalies are removed.
Answer 2:A poorly designed database suffers from redundancy and update anomalies, which reduce data consistency.

Suppose we have a table:
OrderID | CustomerName | CustomerAddress | Product

If a customer places multiple orders, their address is stored repeatedly → data redundancy.

Anomalies:

Insertion anomaly: Cannot add a new customer without an order
Deletion anomaly: Deleting last order removes customer info
Update anomaly: Changing address requires multiple updates

To solve this, we apply normalization.

Normal Forms:

1NF: Removes repeating attributes
2NF: Eliminates partial dependency
3NF: Eliminates transitive dependency

Normalized Tables:

Customer:
CustomerID | Name | Address

Order:
OrderID | CustomerID | Product

Now each fact is stored once, reducing redundancy and eliminating anomalies.
Answer 3: Poor database design causes redundant data storage and anomalies (insertion, deletion, update), leading to inconsistency.

Normalization is a step-by-step process to improve database structure.

Example (Unnormalized Table):
StudentID | StudentName | Course | Instructor | InstructorOffice

Problems:

Instructor details repeated → redundancy
Update anomaly if instructor office changes
Step 1: Convert to 1NF

Ensure atomic values (already satisfied, no repeating groups)

Step 2: Convert to 2NF

Remove partial dependency:

StudentName depends only on StudentID

Student Table:
StudentID | StudentName

Step 3: Convert to 3NF

Remove transitive dependency:

InstructorOffice depends on Instructor

Course Table:
Course | Instructor

Instructor Table:
Instructor | InstructorOffice

Now:

No redundant data
All anomalies removed
Database is well-structured
Rubrics","Excellent (2/3):  Very well-structured; clear flow, neat tables/steps | Good (0.5-2):  Generally clear with minor issues | Average (0.2-0.5): Understandable but poorly structured | Poor (0-0.2):  Disorganized and unclear"
395_c0,0,Understanding of Concept,4.0,rater2,,395,images/395.png,"Question 1. You are given the following values: 12, -5.4, 10000, 3.14, 0, 87, -200, 45.6, 999, 1.2. Choose the most efficient among Counting Sort, Radix Sort, or Bucket Sort for this dataset. Justify your selection and state the time and space complexity of all three algorithms.
2. A directed weighted graph is given below. Determine whether the graph contains a negative cycle using a step-by-step solution. Graph (text form): Vertices = {A, B, C, D}; Edges = A→B (4), B→C (-6), C→D (2), D→B (1), A→D (5).
3. You are given coin denominations: 1, 3, 4, 5. Find the minimum number of coins required to make 10 taka. Show the DP table and derive the final answer.","Answer 1: Bucket Sort is the most efficient for this dataset because it contains floating-point numbers and a wide range of values including negatives. Counting Sort is not suitable due to large range and non-integers, and Radix Sort is inefficient for floating-point values. Time Complexity: Counting Sort = O(n + k), Space = O(k); Radix Sort = O(d(n + k)), Space = O(n + k); Bucket Sort = O(n + k) average, worst O(n²), Space = O(n + k). Therefore, Bucket Sort is preferred.
Answer 2: Using Bellman-Ford algorithm: Step 1 initialize distances (A=0, others=∞). Step 2 relax edges repeatedly: A→B (4), B→C (-6), C→D (2), D→B (1). After V-1 iterations, distances keep decreasing due to cycle B→C→D→B with total weight (-6 + 2 + 1 = -3). Step 3 one more relaxation still reduces distance, confirming a negative cycle exists. Therefore, the graph contains a negative cycle.
Answer 3: Using Dynamic Programming: Let dp[x] = minimum coins to make x. Initialize dp[0]=0. Fill table up to 10: dp[1]=1, dp[2]=2, dp[3]=1, dp[4]=1, dp[5]=1, dp[6]=2, dp[7]=2, dp[8]=2, dp[9]=2, dp[10]=2. Minimum coins for 10 = 2 (5+5 or 4+3+3 is larger). Final answer: 2 coins.
Rubrics",Excellent (4): Fully correct and clearly demonstrates the concept | Good (3): Mostly correct with minor issues | Average (2): Partial understanding | Poor (1): Shows little understanding; answer mostly incorrect
395_c1,1,Step-by-Step Procedure,4.0,rater2,,395,images/395.png,"Question 1. You are given the following values: 12, -5.4, 10000, 3.14, 0, 87, -200, 45.6, 999, 1.2. Choose the most efficient among Counting Sort, Radix Sort, or Bucket Sort for this dataset. Justify your selection and state the time and space complexity of all three algorithms.
2. A directed weighted graph is given below. Determine whether the graph contains a negative cycle using a step-by-step solution. Graph (text form): Vertices = {A, B, C, D}; Edges = A→B (4), B→C (-6), C→D (2), D→B (1), A→D (5).
3. You are given coin denominations: 1, 3, 4, 5. Find the minimum number of coins required to make 10 taka. Show the DP table and derive the final answer.","Answer 1: Bucket Sort is the most efficient for this dataset because it contains floating-point numbers and a wide range of values including negatives. Counting Sort is not suitable due to large range and non-integers, and Radix Sort is inefficient for floating-point values. Time Complexity: Counting Sort = O(n + k), Space = O(k); Radix Sort = O(d(n + k)), Space = O(n + k); Bucket Sort = O(n + k) average, worst O(n²), Space = O(n + k). Therefore, Bucket Sort is preferred.
Answer 2: Using Bellman-Ford algorithm: Step 1 initialize distances (A=0, others=∞). Step 2 relax edges repeatedly: A→B (4), B→C (-6), C→D (2), D→B (1). After V-1 iterations, distances keep decreasing due to cycle B→C→D→B with total weight (-6 + 2 + 1 = -3). Step 3 one more relaxation still reduces distance, confirming a negative cycle exists. Therefore, the graph contains a negative cycle.
Answer 3: Using Dynamic Programming: Let dp[x] = minimum coins to make x. Initialize dp[0]=0. Fill table up to 10: dp[1]=1, dp[2]=2, dp[3]=1, dp[4]=1, dp[5]=1, dp[6]=2, dp[7]=2, dp[8]=2, dp[9]=2, dp[10]=2. Minimum coins for 10 = 2 (5+5 or 4+3+3 is larger). Final answer: 2 coins.
Rubrics",Excellent (4): All steps clearly shown and well structured | Good (3): Mostly correct steps | Average (2): Few correct steps | Poor (1): Missing or wrong steps
395_c2,2,Accuracy of Final Answer,4.0,rater2,,395,images/395.png,"Question 1. You are given the following values: 12, -5.4, 10000, 3.14, 0, 87, -200, 45.6, 999, 1.2. Choose the most efficient among Counting Sort, Radix Sort, or Bucket Sort for this dataset. Justify your selection and state the time and space complexity of all three algorithms.
2. A directed weighted graph is given below. Determine whether the graph contains a negative cycle using a step-by-step solution. Graph (text form): Vertices = {A, B, C, D}; Edges = A→B (4), B→C (-6), C→D (2), D→B (1), A→D (5).
3. You are given coin denominations: 1, 3, 4, 5. Find the minimum number of coins required to make 10 taka. Show the DP table and derive the final answer.","Answer 1: Bucket Sort is the most efficient for this dataset because it contains floating-point numbers and a wide range of values including negatives. Counting Sort is not suitable due to large range and non-integers, and Radix Sort is inefficient for floating-point values. Time Complexity: Counting Sort = O(n + k), Space = O(k); Radix Sort = O(d(n + k)), Space = O(n + k); Bucket Sort = O(n + k) average, worst O(n²), Space = O(n + k). Therefore, Bucket Sort is preferred.
Answer 2: Using Bellman-Ford algorithm: Step 1 initialize distances (A=0, others=∞). Step 2 relax edges repeatedly: A→B (4), B→C (-6), C→D (2), D→B (1). After V-1 iterations, distances keep decreasing due to cycle B→C→D→B with total weight (-6 + 2 + 1 = -3). Step 3 one more relaxation still reduces distance, confirming a negative cycle exists. Therefore, the graph contains a negative cycle.
Answer 3: Using Dynamic Programming: Let dp[x] = minimum coins to make x. Initialize dp[0]=0. Fill table up to 10: dp[1]=1, dp[2]=2, dp[3]=1, dp[4]=1, dp[5]=1, dp[6]=2, dp[7]=2, dp[8]=2, dp[9]=2, dp[10]=2. Minimum coins for 10 = 2 (5+5 or 4+3+3 is larger). Final answer: 2 coins.
Rubrics",Excellent (4): Fully accurate and justified | Good (3): Mostly correct | Average (2): Partially correct | Poor (1): Wrong result
395_c3,3,Clarity & Presentation,4.0,rater2,,395,images/395.png,"Question 1. You are given the following values: 12, -5.4, 10000, 3.14, 0, 87, -200, 45.6, 999, 1.2. Choose the most efficient among Counting Sort, Radix Sort, or Bucket Sort for this dataset. Justify your selection and state the time and space complexity of all three algorithms.
2. A directed weighted graph is given below. Determine whether the graph contains a negative cycle using a step-by-step solution. Graph (text form): Vertices = {A, B, C, D}; Edges = A→B (4), B→C (-6), C→D (2), D→B (1), A→D (5).
3. You are given coin denominations: 1, 3, 4, 5. Find the minimum number of coins required to make 10 taka. Show the DP table and derive the final answer.","Answer 1: Bucket Sort is the most efficient for this dataset because it contains floating-point numbers and a wide range of values including negatives. Counting Sort is not suitable due to large range and non-integers, and Radix Sort is inefficient for floating-point values. Time Complexity: Counting Sort = O(n + k), Space = O(k); Radix Sort = O(d(n + k)), Space = O(n + k); Bucket Sort = O(n + k) average, worst O(n²), Space = O(n + k). Therefore, Bucket Sort is preferred.
Answer 2: Using Bellman-Ford algorithm: Step 1 initialize distances (A=0, others=∞). Step 2 relax edges repeatedly: A→B (4), B→C (-6), C→D (2), D→B (1). After V-1 iterations, distances keep decreasing due to cycle B→C→D→B with total weight (-6 + 2 + 1 = -3). Step 3 one more relaxation still reduces distance, confirming a negative cycle exists. Therefore, the graph contains a negative cycle.
Answer 3: Using Dynamic Programming: Let dp[x] = minimum coins to make x. Initialize dp[0]=0. Fill table up to 10: dp[1]=1, dp[2]=2, dp[3]=1, dp[4]=1, dp[5]=1, dp[6]=2, dp[7]=2, dp[8]=2, dp[9]=2, dp[10]=2. Minimum coins for 10 = 2 (5+5 or 4+3+3 is larger). Final answer: 2 coins.
Rubrics","Excellent (4): Very clear, neat diagrams/tables, strong justification | Good (3): Clear explanation | Average (2): Understandable but not neat | Poor (1): Poorly organized"
422_c0,0,Supervised Learning,2.5,rater2,,422,images/422.png,"Describe Supervised, Unsupervised, and Reinforcement Machine Learning.","Supervised Learning:
Supervised learning is a type of machine learning in which the model is trained using labeled data. Each input is associated with a correct output, and the model learns to map inputs to outputs by minimizing error using a loss function.
Examples include spam detection, image classification, and regression tasks.
Unsupervised Learning:
Unsupervised learning is a type of machine learning where the model is trained on unlabeled data. It identifies hidden patterns, structures, or relationships within the data.
Common techniques include clustering and dimensionality reduction.
Examples include customer segmentation and anomaly detection.
Reinforcement Learning:
Reinforcement learning is a type of machine learning where an agent interacts with an environment and learns by receiving rewards or penalties. The objective is to learn an optimal policy that maximizes cumulative reward over time.
Examples include game playing, robotics, and self-driving systems.
Rubrics for Machine Learning",Excellent (2.5): Defines clearly AND includes key idea (labeled data + prediction/learning) AND example | Good (2): Correct definition but missing either key idea or example | Average (1.5): Partial understanding (only labeled data mentioned) | Poor (1): Incorrect or missing definition
422_c1,1,Unsupervised Learning,2.5,rater2,,422,images/422.png,"Describe Supervised, Unsupervised, and Reinforcement Machine Learning.","Supervised Learning:
Supervised learning is a type of machine learning in which the model is trained using labeled data. Each input is associated with a correct output, and the model learns to map inputs to outputs by minimizing error using a loss function.
Examples include spam detection, image classification, and regression tasks.
Unsupervised Learning:
Unsupervised learning is a type of machine learning where the model is trained on unlabeled data. It identifies hidden patterns, structures, or relationships within the data.
Common techniques include clustering and dimensionality reduction.
Examples include customer segmentation and anomaly detection.
Reinforcement Learning:
Reinforcement learning is a type of machine learning where an agent interacts with an environment and learns by receiving rewards or penalties. The objective is to learn an optimal policy that maximizes cumulative reward over time.
Examples include game playing, robotics, and self-driving systems.
Rubrics for Machine Learning","Excellent (2.5): Clearly states no labels AND mentions pattern discovery (e.g., clustering) with example | Good (2): Correct but lacks example or clarity | Average (1.5): Mentions no labels but no understanding of purpose | Poor (1): Incorrect or missing definition"
422_c2,2,Reinforcement Learning,2.5,rater2,,422,images/422.png,"Describe Supervised, Unsupervised, and Reinforcement Machine Learning.","Supervised Learning:
Supervised learning is a type of machine learning in which the model is trained using labeled data. Each input is associated with a correct output, and the model learns to map inputs to outputs by minimizing error using a loss function.
Examples include spam detection, image classification, and regression tasks.
Unsupervised Learning:
Unsupervised learning is a type of machine learning where the model is trained on unlabeled data. It identifies hidden patterns, structures, or relationships within the data.
Common techniques include clustering and dimensionality reduction.
Examples include customer segmentation and anomaly detection.
Reinforcement Learning:
Reinforcement learning is a type of machine learning where an agent interacts with an environment and learns by receiving rewards or penalties. The objective is to learn an optimal policy that maximizes cumulative reward over time.
Examples include game playing, robotics, and self-driving systems.
Rubrics for Machine Learning","Excellent (2.5): Clearly explains agent, environment, reward mechanism AND goal of maximizing reward | Good (2): Mentions reward-based learning but lacks full explanation | Average (1.5): Partial idea (trial-and-error only) | Poor (1): Incorrect or missing definition"
422_c3,3,"Example, Overall Clarity & Structure",2.5,rater2,,422,images/422.png,"Describe Supervised, Unsupervised, and Reinforcement Machine Learning.","Supervised Learning:
Supervised learning is a type of machine learning in which the model is trained using labeled data. Each input is associated with a correct output, and the model learns to map inputs to outputs by minimizing error using a loss function.
Examples include spam detection, image classification, and regression tasks.
Unsupervised Learning:
Unsupervised learning is a type of machine learning where the model is trained on unlabeled data. It identifies hidden patterns, structures, or relationships within the data.
Common techniques include clustering and dimensionality reduction.
Examples include customer segmentation and anomaly detection.
Reinforcement Learning:
Reinforcement learning is a type of machine learning where an agent interacts with an environment and learns by receiving rewards or penalties. The objective is to learn an optimal policy that maximizes cumulative reward over time.
Examples include game playing, robotics, and self-driving systems.
Rubrics for Machine Learning",Excellent (2.5): All three types clearly distinguished and well-organized | Good (2): Mostly clear but slight confusion between types | Average (1.5): Some mixing of concepts | Poor (1): Poor or unclear explanation
177_c0,0,Understanding of normalization and related problems(3),3.0,rater2,,177,images/177.png,"Question 1. In database systems, poor design can lead to data redundancy and update anomalies.","Answer 1: Poor database design leads to data redundancy and update anomalies. Redundancy means storing the same data repeatedly, which increases storage and causes inconsistency. The main anomalies are:

Insertion anomaly: Cannot insert data without adding unrelated information
Deletion anomaly: Deleting a record may remove useful data
Update anomaly: Same data must be updated in multiple rows

Normalization is used to organize data and eliminate these problems.

Normal Forms:

1NF: Ensures atomic values and removes repeating groups
2NF: Removes partial dependency (non-key depends on full primary key)
3NF: Removes transitive dependency (non-key depends only on primary key)

Example:

Unnormalized Table:
StudentID | Course | Instructor | InstructorPhone
1 | DBMS | Rahim | 017XX
1 | AI | Karim | 018XX

Problems: Instructor data is repeated → redundancy and update anomaly.

After Normalization:

StudentCourse:
StudentID | Course

CourseInstructor:
Course | Instructor | InstructorPhone

Now redundancy is minimized and anomalies are removed.
Answer 2:A poorly designed database suffers from redundancy and update anomalies, which reduce data consistency.

Suppose we have a table:
OrderID | CustomerName | CustomerAddress | Product

If a customer places multiple orders, their address is stored repeatedly → data redundancy.

Anomalies:

Insertion anomaly: Cannot add a new customer without an order
Deletion anomaly: Deleting last order removes customer info
Update anomaly: Changing address requires multiple updates

To solve this, we apply normalization.

Normal Forms:

1NF: Removes repeating attributes
2NF: Eliminates partial dependency
3NF: Eliminates transitive dependency

Normalized Tables:

Customer:
CustomerID | Name | Address

Order:
OrderID | CustomerID | Product

Now each fact is stored once, reducing redundancy and eliminating anomalies.
Answer 3: Poor database design causes redundant data storage and anomalies (insertion, deletion, update), leading to inconsistency.

Normalization is a step-by-step process to improve database structure.

Example (Unnormalized Table):
StudentID | StudentName | Course | Instructor | InstructorOffice

Problems:

Instructor details repeated → redundancy
Update anomaly if instructor office changes
Step 1: Convert to 1NF

Ensure atomic values (already satisfied, no repeating groups)

Step 2: Convert to 2NF

Remove partial dependency:

StudentName depends only on StudentID

Student Table:
StudentID | StudentName

Step 3: Convert to 3NF

Remove transitive dependency:

InstructorOffice depends on Instructor

Course Table:
Course | Instructor

Instructor Table:
Instructor | InstructorOffice

Now:

No redundant data
All anomalies removed
Database is well-structured
Rubrics","Excellent (2/3): Clearly explains normalization purpose; correctly identifies redundancy and all anomalies (insertion, deletion, update) with reasoning | Good (0.5-2):  Explains normalization and anomalies but misses depth or one type | Average (0.2-0.5):  Basic idea; anomalies unclear or partially incorrect | Poor (0-0.2):  No clear understanding; mostly incorrect"
177_c1,1,Explanation of normal forms(3),3.0,rater2,,177,images/177.png,"Question 1. In database systems, poor design can lead to data redundancy and update anomalies.","Answer 1: Poor database design leads to data redundancy and update anomalies. Redundancy means storing the same data repeatedly, which increases storage and causes inconsistency. The main anomalies are:

Insertion anomaly: Cannot insert data without adding unrelated information
Deletion anomaly: Deleting a record may remove useful data
Update anomaly: Same data must be updated in multiple rows

Normalization is used to organize data and eliminate these problems.

Normal Forms:

1NF: Ensures atomic values and removes repeating groups
2NF: Removes partial dependency (non-key depends on full primary key)
3NF: Removes transitive dependency (non-key depends only on primary key)

Example:

Unnormalized Table:
StudentID | Course | Instructor | InstructorPhone
1 | DBMS | Rahim | 017XX
1 | AI | Karim | 018XX

Problems: Instructor data is repeated → redundancy and update anomaly.

After Normalization:

StudentCourse:
StudentID | Course

CourseInstructor:
Course | Instructor | InstructorPhone

Now redundancy is minimized and anomalies are removed.
Answer 2:A poorly designed database suffers from redundancy and update anomalies, which reduce data consistency.

Suppose we have a table:
OrderID | CustomerName | CustomerAddress | Product

If a customer places multiple orders, their address is stored repeatedly → data redundancy.

Anomalies:

Insertion anomaly: Cannot add a new customer without an order
Deletion anomaly: Deleting last order removes customer info
Update anomaly: Changing address requires multiple updates

To solve this, we apply normalization.

Normal Forms:

1NF: Removes repeating attributes
2NF: Eliminates partial dependency
3NF: Eliminates transitive dependency

Normalized Tables:

Customer:
CustomerID | Name | Address

Order:
OrderID | CustomerID | Product

Now each fact is stored once, reducing redundancy and eliminating anomalies.
Answer 3: Poor database design causes redundant data storage and anomalies (insertion, deletion, update), leading to inconsistency.

Normalization is a step-by-step process to improve database structure.

Example (Unnormalized Table):
StudentID | StudentName | Course | Instructor | InstructorOffice

Problems:

Instructor details repeated → redundancy
Update anomaly if instructor office changes
Step 1: Convert to 1NF

Ensure atomic values (already satisfied, no repeating groups)

Step 2: Convert to 2NF

Remove partial dependency:

StudentName depends only on StudentID

Student Table:
StudentID | StudentName

Step 3: Convert to 3NF

Remove transitive dependency:

InstructorOffice depends on Instructor

Course Table:
Course | Instructor

Instructor Table:
Instructor | InstructorOffice

Now:

No redundant data
All anomalies removed
Database is well-structured
Rubrics","Excellent (2/3):  Correctly explains 1NF, 2NF, 3NF with conditions and how they remove anomalies | Good (0.5-2):  Explains normal forms with minor mistakes or missing details | Average (0.2-0.5):  Mentions normal forms but incomplete/partially wrong | Poor (0-0.2): Incorrect or missing explanation"
177_c2,2,Use of example(2),2.0,rater2,,177,images/177.png,"Question 1. In database systems, poor design can lead to data redundancy and update anomalies.","Answer 1: Poor database design leads to data redundancy and update anomalies. Redundancy means storing the same data repeatedly, which increases storage and causes inconsistency. The main anomalies are:

Insertion anomaly: Cannot insert data without adding unrelated information
Deletion anomaly: Deleting a record may remove useful data
Update anomaly: Same data must be updated in multiple rows

Normalization is used to organize data and eliminate these problems.

Normal Forms:

1NF: Ensures atomic values and removes repeating groups
2NF: Removes partial dependency (non-key depends on full primary key)
3NF: Removes transitive dependency (non-key depends only on primary key)

Example:

Unnormalized Table:
StudentID | Course | Instructor | InstructorPhone
1 | DBMS | Rahim | 017XX
1 | AI | Karim | 018XX

Problems: Instructor data is repeated → redundancy and update anomaly.

After Normalization:

StudentCourse:
StudentID | Course

CourseInstructor:
Course | Instructor | InstructorPhone

Now redundancy is minimized and anomalies are removed.
Answer 2:A poorly designed database suffers from redundancy and update anomalies, which reduce data consistency.

Suppose we have a table:
OrderID | CustomerName | CustomerAddress | Product

If a customer places multiple orders, their address is stored repeatedly → data redundancy.

Anomalies:

Insertion anomaly: Cannot add a new customer without an order
Deletion anomaly: Deleting last order removes customer info
Update anomaly: Changing address requires multiple updates

To solve this, we apply normalization.

Normal Forms:

1NF: Removes repeating attributes
2NF: Eliminates partial dependency
3NF: Eliminates transitive dependency

Normalized Tables:

Customer:
CustomerID | Name | Address

Order:
OrderID | CustomerID | Product

Now each fact is stored once, reducing redundancy and eliminating anomalies.
Answer 3: Poor database design causes redundant data storage and anomalies (insertion, deletion, update), leading to inconsistency.

Normalization is a step-by-step process to improve database structure.

Example (Unnormalized Table):
StudentID | StudentName | Course | Instructor | InstructorOffice

Problems:

Instructor details repeated → redundancy
Update anomaly if instructor office changes
Step 1: Convert to 1NF

Ensure atomic values (already satisfied, no repeating groups)

Step 2: Convert to 2NF

Remove partial dependency:

StudentName depends only on StudentID

Student Table:
StudentID | StudentName

Step 3: Convert to 3NF

Remove transitive dependency:

InstructorOffice depends on Instructor

Course Table:
Course | Instructor

Instructor Table:
Instructor | InstructorOffice

Now:

No redundant data
All anomalies removed
Database is well-structured
Rubrics",Excellent (2/3):  Clear table/example; shows anomalies and normalization steps correctly | Good (0.5-2):  Relevant example but explanation partially unclear | Average (0.2-0.5):  Example present but weak connection to concept | Poor (0-0.2):  No example or incorrect
177_c3,3,Clear and organized writing(2),2.0,rater2,,177,images/177.png,"Question 1. In database systems, poor design can lead to data redundancy and update anomalies.","Answer 1: Poor database design leads to data redundancy and update anomalies. Redundancy means storing the same data repeatedly, which increases storage and causes inconsistency. The main anomalies are:

Insertion anomaly: Cannot insert data without adding unrelated information
Deletion anomaly: Deleting a record may remove useful data
Update anomaly: Same data must be updated in multiple rows

Normalization is used to organize data and eliminate these problems.

Normal Forms:

1NF: Ensures atomic values and removes repeating groups
2NF: Removes partial dependency (non-key depends on full primary key)
3NF: Removes transitive dependency (non-key depends only on primary key)

Example:

Unnormalized Table:
StudentID | Course | Instructor | InstructorPhone
1 | DBMS | Rahim | 017XX
1 | AI | Karim | 018XX

Problems: Instructor data is repeated → redundancy and update anomaly.

After Normalization:

StudentCourse:
StudentID | Course

CourseInstructor:
Course | Instructor | InstructorPhone

Now redundancy is minimized and anomalies are removed.
Answer 2:A poorly designed database suffers from redundancy and update anomalies, which reduce data consistency.

Suppose we have a table:
OrderID | CustomerName | CustomerAddress | Product

If a customer places multiple orders, their address is stored repeatedly → data redundancy.

Anomalies:

Insertion anomaly: Cannot add a new customer without an order
Deletion anomaly: Deleting last order removes customer info
Update anomaly: Changing address requires multiple updates

To solve this, we apply normalization.

Normal Forms:

1NF: Removes repeating attributes
2NF: Eliminates partial dependency
3NF: Eliminates transitive dependency

Normalized Tables:

Customer:
CustomerID | Name | Address

Order:
OrderID | CustomerID | Product

Now each fact is stored once, reducing redundancy and eliminating anomalies.
Answer 3: Poor database design causes redundant data storage and anomalies (insertion, deletion, update), leading to inconsistency.

Normalization is a step-by-step process to improve database structure.

Example (Unnormalized Table):
StudentID | StudentName | Course | Instructor | InstructorOffice

Problems:

Instructor details repeated → redundancy
Update anomaly if instructor office changes
Step 1: Convert to 1NF

Ensure atomic values (already satisfied, no repeating groups)

Step 2: Convert to 2NF

Remove partial dependency:

StudentName depends only on StudentID

Student Table:
StudentID | StudentName

Step 3: Convert to 3NF

Remove transitive dependency:

InstructorOffice depends on Instructor

Course Table:
Course | Instructor

Instructor Table:
Instructor | InstructorOffice

Now:

No redundant data
All anomalies removed
Database is well-structured
Rubrics","Excellent (2/3):  Very well-structured; clear flow, neat tables/steps | Good (0.5-2):  Generally clear with minor issues | Average (0.2-0.5): Understandable but poorly structured | Poor (0-0.2):  Disorganized and unclear"
316_def,0,Definition of Data Mining,4.0,rater2,,316,images/316.png,What is Data Mining? Describe the steps of the KDD (Knowledge Discovery in Databases) process and explain why data mining is essential in modern organizations.,"Definition of Data Mining:
Data mining is the process of discovering meaningful patterns, knowledge, or useful information from large datasets using techniques from statistics, machine learning, and pattern recognition.
Steps of the KDD Process:
The Knowledge Discovery in Databases (KDD) process includes the following main steps:
1. Data Selection
2. Data Preprocessing / Cleaning
3. Data Transformation
4. Data Mining
5. Pattern Evaluation
6. Knowledge Presentation
Justification / Importance of Data Mining:
Data mining is essential in modern organizations because it enables data-driven decision making and provides insights that would otherwise remain hidden in large datasets. By analyzing customer behavior, transaction patterns, and market trends, organizations can make strategic decisions that improve efficiency, increase revenue, and reduce risks.

For example, a retail company can analyze purchase histories to recommend products to customers, thereby increasing sales and enhancing customer satisfaction. Similarly, banks can detect fraudulent transactions by identifying unusual patterns in account activity, which helps prevent financial losses.
Rubrics for DataMining ",Excellent (4): Clear and correct definition explaining discovery of useful patterns/knowledge from large datasets | Good (3): Correct definition but slightly incomplete | Average (2): Basic idea mentioned but not clearly defined | Poor (0-1): Incorrect or missing definition
316_kdd,1,KDD Process Steps,4.0,rater2,,316,images/316.png,What is Data Mining? Describe the steps of the KDD (Knowledge Discovery in Databases) process and explain why data mining is essential in modern organizations.,"Definition of Data Mining:
Data mining is the process of discovering meaningful patterns, knowledge, or useful information from large datasets using techniques from statistics, machine learning, and pattern recognition.
Steps of the KDD Process:
The Knowledge Discovery in Databases (KDD) process includes the following main steps:
1. Data Selection
2. Data Preprocessing / Cleaning
3. Data Transformation
4. Data Mining
5. Pattern Evaluation
6. Knowledge Presentation
Justification / Importance of Data Mining:
Data mining is essential in modern organizations because it enables data-driven decision making and provides insights that would otherwise remain hidden in large datasets. By analyzing customer behavior, transaction patterns, and market trends, organizations can make strategic decisions that improve efficiency, increase revenue, and reduce risks.

For example, a retail company can analyze purchase histories to recommend products to customers, thereby increasing sales and enhancing customer satisfaction. Similarly, banks can detect fraudulent transactions by identifying unusual patterns in account activity, which helps prevent financial losses.
Rubrics for DataMining ","Excellent (4): Most or all steps correctly identified (selection, preprocessing, transformation, data mining, evaluation, presentation) | Good (3): Several steps identified but some missing | Average (2): Few steps mentioned with limited understanding | Poor (0-1): Steps mostly incorrect or missing"
316_c2,2,Importance of Data Mining Marks=(4),4.0,rater2,,316,images/316.png,What is Data Mining? Describe the steps of the KDD (Knowledge Discovery in Databases) process and explain why data mining is essential in modern organizations.,"Definition of Data Mining:
Data mining is the process of discovering meaningful patterns, knowledge, or useful information from large datasets using techniques from statistics, machine learning, and pattern recognition.
Steps of the KDD Process:
The Knowledge Discovery in Databases (KDD) process includes the following main steps:
1. Data Selection
2. Data Preprocessing / Cleaning
3. Data Transformation
4. Data Mining
5. Pattern Evaluation
6. Knowledge Presentation
Justification / Importance of Data Mining:
Data mining is essential in modern organizations because it enables data-driven decision making and provides insights that would otherwise remain hidden in large datasets. By analyzing customer behavior, transaction patterns, and market trends, organizations can make strategic decisions that improve efficiency, increase revenue, and reduce risks.

For example, a retail company can analyze purchase histories to recommend products to customers, thereby increasing sales and enhancing customer satisfaction. Similarly, banks can detect fraudulent transactions by identifying unusual patterns in account activity, which helps prevent financial losses.
Rubrics for DataMining ",Excellent (4): Strong justification with clear reasoning | Good (3): Reasonable justification but limited explanation | Average (2): General statement with weak reasoning | Poor (0-1): No clear justification
316_ex,3,Example / Application,4.0,rater2,,316,images/316.png,What is Data Mining? Describe the steps of the KDD (Knowledge Discovery in Databases) process and explain why data mining is essential in modern organizations.,"Definition of Data Mining:
Data mining is the process of discovering meaningful patterns, knowledge, or useful information from large datasets using techniques from statistics, machine learning, and pattern recognition.
Steps of the KDD Process:
The Knowledge Discovery in Databases (KDD) process includes the following main steps:
1. Data Selection
2. Data Preprocessing / Cleaning
3. Data Transformation
4. Data Mining
5. Pattern Evaluation
6. Knowledge Presentation
Justification / Importance of Data Mining:
Data mining is essential in modern organizations because it enables data-driven decision making and provides insights that would otherwise remain hidden in large datasets. By analyzing customer behavior, transaction patterns, and market trends, organizations can make strategic decisions that improve efficiency, increase revenue, and reduce risks.

For example, a retail company can analyze purchase histories to recommend products to customers, thereby increasing sales and enhancing customer satisfaction. Similarly, banks can detect fraudulent transactions by identifying unusual patterns in account activity, which helps prevent financial losses.
Rubrics for DataMining ","Excellent (4): Relevant real-world example provided (e.g., marketing, fraud detection, recommendation systems) | Good (3): Example provided but not well explained | Average (2): Vague or unclear example | Poor (0-1): No example"
196_c0,0,Understanding of schema and instance (2),2.0,rater2,,196,images/196.png,"Define schema and instance in a database system.

Then, explain the following types of keys with suitable examples:
- Super Key
- Candidate Key
- Primary Key
- Unique Key
- Composite Key

Finally, consider the relation:
Student(SID, Name, Email, Phone)

Assume:
- Each student has a unique SID
- Email is also unique
- Multiple students may have the same name

Identify all possible keys for this relation and briefly justify your answer.","Answer 1: Schema and Instance

A schema is the logical structure of a database that defines tables, attributes, and relationships. It is stable and does not change frequently.
An instance is the actual data stored in the database at a specific moment in time.

Example:
Schema: Student(SID, Name, Email, Phone)
Instance: (1, Rahim, rahim@gmail.com
, 017xxx)

Types of Keys
Super Key: Any set of attributes that uniquely identifies a record.
Example: {SID}, {Email}, {SID, Name}
Candidate Key: Minimal super key (no redundant attribute).
Example: {SID}, {Email}
Primary Key: Selected candidate key used to uniquely identify records.
Example: SID
Unique Key: Ensures uniqueness but may allow NULL values.
Example: Email
Composite Key: A key made using more than one attribute.
Example: (SID, Phone) in some cases
Given Relation: Student(SID, Name, Email, Phone)
Candidate Keys: SID, Email (both are unique)
Super Keys: Any combination containing SID or Email
Example: {SID}, {Email}, {SID, Name}, {Email, Phone}
Primary Key: SID (assumed)
Unique Key: Email
Composite Key: Not required here since single attributes are already unique

Answer 2: Schema vs Instance

Schema defines the structure of a database (tables, attributes, constraints). It is like a blueprint.
Instance is the actual data stored in the database at a specific time.

Example:
Schema: Student(SID, Name, Email, Phone)
Instance: (101, Karim, karim@gmail.com
, 018xxx)

Types of Keys
Super Key: A set of attributes that can uniquely identify a tuple.
Example: SID or (SID, Name)
Candidate Key: A minimal version of super key with no extra attribute.
Example: SID, Email
Primary Key: Chosen candidate key for identification.
Example: SID
Unique Key: Ensures all values are unique (can be multiple per table).
Example: Email
Composite Key: A key formed by combining multiple attributes.
Example: (SID, Name) if needed
Keys in Given Relation

Student(SID, Name, Email, Phone)

SID → unique → candidate key
Email → unique → candidate key
Name → not unique
Phone → not unique

✔ Candidate Keys: SID, Email
✔ Primary Key: SID
✔ Super Keys: Any set containing SID or Email
✔ Unique Key: Email
Answer 3: Schema and Instance

A schema represents the structure of the database including table design and attributes.
An instance represents the current set of data stored in the database.

Example:
Schema: Student(SID, Name, Email, Phone)
Instance: (201, Hasan, hasan@gmail.com
, 017xxx)

Types of Keys
Super Key: Any attribute or combination that uniquely identifies a row.
Example: SID, Email, (SID, Phone)
Candidate Key: A minimal super key used for unique identification.
Example: SID, Email
Primary Key: Selected candidate key to uniquely identify records.
Example: SID
Unique Key: Ensures uniqueness of values; multiple allowed per table.
Example: Email
Composite Key: Combination of multiple attributes used as a key.
Example: (SID, Name)
Key Identification in Student Relation

Student(SID, Name, Email, Phone)

SID is unique → Candidate Key
Email is unique → Candidate Key
Name is not unique
Phone is not unique

✔ Candidate Keys: SID, Email
✔ Primary Key: SID (chosen)
✔ Super Keys: SID, Email, and their combinations
✔ Unique Key: Email
✔ Composite Key: Not necessary in this relation
Rubrics",Excellent (2-4): Clearly defines schema and instance with correct distinction and suitable example | Good(1-3):  Mostly correct definitions with minor confusion or weak example | Average (0.5-1):  Basic idea but unclear or partially incorrect | Poor(0-0.3):  Incorrect or missing understanding
196_c1,1,Explanation of different types of keys with examples (4),4.0,rater2,,196,images/196.png,"Define schema and instance in a database system.

Then, explain the following types of keys with suitable examples:
- Super Key
- Candidate Key
- Primary Key
- Unique Key
- Composite Key

Finally, consider the relation:
Student(SID, Name, Email, Phone)

Assume:
- Each student has a unique SID
- Email is also unique
- Multiple students may have the same name

Identify all possible keys for this relation and briefly justify your answer.","Answer 1: Schema and Instance

A schema is the logical structure of a database that defines tables, attributes, and relationships. It is stable and does not change frequently.
An instance is the actual data stored in the database at a specific moment in time.

Example:
Schema: Student(SID, Name, Email, Phone)
Instance: (1, Rahim, rahim@gmail.com
, 017xxx)

Types of Keys
Super Key: Any set of attributes that uniquely identifies a record.
Example: {SID}, {Email}, {SID, Name}
Candidate Key: Minimal super key (no redundant attribute).
Example: {SID}, {Email}
Primary Key: Selected candidate key used to uniquely identify records.
Example: SID
Unique Key: Ensures uniqueness but may allow NULL values.
Example: Email
Composite Key: A key made using more than one attribute.
Example: (SID, Phone) in some cases
Given Relation: Student(SID, Name, Email, Phone)
Candidate Keys: SID, Email (both are unique)
Super Keys: Any combination containing SID or Email
Example: {SID}, {Email}, {SID, Name}, {Email, Phone}
Primary Key: SID (assumed)
Unique Key: Email
Composite Key: Not required here since single attributes are already unique

Answer 2: Schema vs Instance

Schema defines the structure of a database (tables, attributes, constraints). It is like a blueprint.
Instance is the actual data stored in the database at a specific time.

Example:
Schema: Student(SID, Name, Email, Phone)
Instance: (101, Karim, karim@gmail.com
, 018xxx)

Types of Keys
Super Key: A set of attributes that can uniquely identify a tuple.
Example: SID or (SID, Name)
Candidate Key: A minimal version of super key with no extra attribute.
Example: SID, Email
Primary Key: Chosen candidate key for identification.
Example: SID
Unique Key: Ensures all values are unique (can be multiple per table).
Example: Email
Composite Key: A key formed by combining multiple attributes.
Example: (SID, Name) if needed
Keys in Given Relation

Student(SID, Name, Email, Phone)

SID → unique → candidate key
Email → unique → candidate key
Name → not unique
Phone → not unique

✔ Candidate Keys: SID, Email
✔ Primary Key: SID
✔ Super Keys: Any set containing SID or Email
✔ Unique Key: Email
Answer 3: Schema and Instance

A schema represents the structure of the database including table design and attributes.
An instance represents the current set of data stored in the database.

Example:
Schema: Student(SID, Name, Email, Phone)
Instance: (201, Hasan, hasan@gmail.com
, 017xxx)

Types of Keys
Super Key: Any attribute or combination that uniquely identifies a row.
Example: SID, Email, (SID, Phone)
Candidate Key: A minimal super key used for unique identification.
Example: SID, Email
Primary Key: Selected candidate key to uniquely identify records.
Example: SID
Unique Key: Ensures uniqueness of values; multiple allowed per table.
Example: Email
Composite Key: Combination of multiple attributes used as a key.
Example: (SID, Name)
Key Identification in Student Relation

Student(SID, Name, Email, Phone)

SID is unique → Candidate Key
Email is unique → Candidate Key
Name is not unique
Phone is not unique

✔ Candidate Keys: SID, Email
✔ Primary Key: SID (chosen)
✔ Super Keys: SID, Email, and their combinations
✔ Unique Key: Email
✔ Composite Key: Not necessary in this relation
Rubrics","Excellent (2-4): Clearly explains all keys (super, candidate, primary, unique, composite) with correct and relevant examples | Good(1-3):  Explains most keys correctly with minor missing details or weak examples | Average (0.5-1):  Partial explanation; missing some keys or unclear examples | Poor(0-0.3):  Incorrect or very incomplete explanations"
196_c2,2,Correct identification of keys in given relation (2),2.0,rater2,,196,images/196.png,"Define schema and instance in a database system.

Then, explain the following types of keys with suitable examples:
- Super Key
- Candidate Key
- Primary Key
- Unique Key
- Composite Key

Finally, consider the relation:
Student(SID, Name, Email, Phone)

Assume:
- Each student has a unique SID
- Email is also unique
- Multiple students may have the same name

Identify all possible keys for this relation and briefly justify your answer.","Answer 1: Schema and Instance

A schema is the logical structure of a database that defines tables, attributes, and relationships. It is stable and does not change frequently.
An instance is the actual data stored in the database at a specific moment in time.

Example:
Schema: Student(SID, Name, Email, Phone)
Instance: (1, Rahim, rahim@gmail.com
, 017xxx)

Types of Keys
Super Key: Any set of attributes that uniquely identifies a record.
Example: {SID}, {Email}, {SID, Name}
Candidate Key: Minimal super key (no redundant attribute).
Example: {SID}, {Email}
Primary Key: Selected candidate key used to uniquely identify records.
Example: SID
Unique Key: Ensures uniqueness but may allow NULL values.
Example: Email
Composite Key: A key made using more than one attribute.
Example: (SID, Phone) in some cases
Given Relation: Student(SID, Name, Email, Phone)
Candidate Keys: SID, Email (both are unique)
Super Keys: Any combination containing SID or Email
Example: {SID}, {Email}, {SID, Name}, {Email, Phone}
Primary Key: SID (assumed)
Unique Key: Email
Composite Key: Not required here since single attributes are already unique

Answer 2: Schema vs Instance

Schema defines the structure of a database (tables, attributes, constraints). It is like a blueprint.
Instance is the actual data stored in the database at a specific time.

Example:
Schema: Student(SID, Name, Email, Phone)
Instance: (101, Karim, karim@gmail.com
, 018xxx)

Types of Keys
Super Key: A set of attributes that can uniquely identify a tuple.
Example: SID or (SID, Name)
Candidate Key: A minimal version of super key with no extra attribute.
Example: SID, Email
Primary Key: Chosen candidate key for identification.
Example: SID
Unique Key: Ensures all values are unique (can be multiple per table).
Example: Email
Composite Key: A key formed by combining multiple attributes.
Example: (SID, Name) if needed
Keys in Given Relation

Student(SID, Name, Email, Phone)

SID → unique → candidate key
Email → unique → candidate key
Name → not unique
Phone → not unique

✔ Candidate Keys: SID, Email
✔ Primary Key: SID
✔ Super Keys: Any set containing SID or Email
✔ Unique Key: Email
Answer 3: Schema and Instance

A schema represents the structure of the database including table design and attributes.
An instance represents the current set of data stored in the database.

Example:
Schema: Student(SID, Name, Email, Phone)
Instance: (201, Hasan, hasan@gmail.com
, 017xxx)

Types of Keys
Super Key: Any attribute or combination that uniquely identifies a row.
Example: SID, Email, (SID, Phone)
Candidate Key: A minimal super key used for unique identification.
Example: SID, Email
Primary Key: Selected candidate key to uniquely identify records.
Example: SID
Unique Key: Ensures uniqueness of values; multiple allowed per table.
Example: Email
Composite Key: Combination of multiple attributes used as a key.
Example: (SID, Name)
Key Identification in Student Relation

Student(SID, Name, Email, Phone)

SID is unique → Candidate Key
Email is unique → Candidate Key
Name is not unique
Phone is not unique

✔ Candidate Keys: SID, Email
✔ Primary Key: SID (chosen)
✔ Super Keys: SID, Email, and their combinations
✔ Unique Key: Email
✔ Composite Key: Not necessary in this relation
Rubrics",Excellent (2-4):  Correctly identifies all valid keys with proper justification | Good(1-3):  Mostly correct identification but weak justification | Average (0.5-1):  Partially correct identification | Poor(0-0.3): Incorrect or missing identification
196_c3,3,Clear and organized writing (2),2.0,rater2,,196,images/196.png,"Define schema and instance in a database system.

Then, explain the following types of keys with suitable examples:
- Super Key
- Candidate Key
- Primary Key
- Unique Key
- Composite Key

Finally, consider the relation:
Student(SID, Name, Email, Phone)

Assume:
- Each student has a unique SID
- Email is also unique
- Multiple students may have the same name

Identify all possible keys for this relation and briefly justify your answer.","Answer 1: Schema and Instance

A schema is the logical structure of a database that defines tables, attributes, and relationships. It is stable and does not change frequently.
An instance is the actual data stored in the database at a specific moment in time.

Example:
Schema: Student(SID, Name, Email, Phone)
Instance: (1, Rahim, rahim@gmail.com
, 017xxx)

Types of Keys
Super Key: Any set of attributes that uniquely identifies a record.
Example: {SID}, {Email}, {SID, Name}
Candidate Key: Minimal super key (no redundant attribute).
Example: {SID}, {Email}
Primary Key: Selected candidate key used to uniquely identify records.
Example: SID
Unique Key: Ensures uniqueness but may allow NULL values.
Example: Email
Composite Key: A key made using more than one attribute.
Example: (SID, Phone) in some cases
Given Relation: Student(SID, Name, Email, Phone)
Candidate Keys: SID, Email (both are unique)
Super Keys: Any combination containing SID or Email
Example: {SID}, {Email}, {SID, Name}, {Email, Phone}
Primary Key: SID (assumed)
Unique Key: Email
Composite Key: Not required here since single attributes are already unique

Answer 2: Schema vs Instance

Schema defines the structure of a database (tables, attributes, constraints). It is like a blueprint.
Instance is the actual data stored in the database at a specific time.

Example:
Schema: Student(SID, Name, Email, Phone)
Instance: (101, Karim, karim@gmail.com
, 018xxx)

Types of Keys
Super Key: A set of attributes that can uniquely identify a tuple.
Example: SID or (SID, Name)
Candidate Key: A minimal version of super key with no extra attribute.
Example: SID, Email
Primary Key: Chosen candidate key for identification.
Example: SID
Unique Key: Ensures all values are unique (can be multiple per table).
Example: Email
Composite Key: A key formed by combining multiple attributes.
Example: (SID, Name) if needed
Keys in Given Relation

Student(SID, Name, Email, Phone)

SID → unique → candidate key
Email → unique → candidate key
Name → not unique
Phone → not unique

✔ Candidate Keys: SID, Email
✔ Primary Key: SID
✔ Super Keys: Any set containing SID or Email
✔ Unique Key: Email
Answer 3: Schema and Instance

A schema represents the structure of the database including table design and attributes.
An instance represents the current set of data stored in the database.

Example:
Schema: Student(SID, Name, Email, Phone)
Instance: (201, Hasan, hasan@gmail.com
, 017xxx)

Types of Keys
Super Key: Any attribute or combination that uniquely identifies a row.
Example: SID, Email, (SID, Phone)
Candidate Key: A minimal super key used for unique identification.
Example: SID, Email
Primary Key: Selected candidate key to uniquely identify records.
Example: SID
Unique Key: Ensures uniqueness of values; multiple allowed per table.
Example: Email
Composite Key: Combination of multiple attributes used as a key.
Example: (SID, Name)
Key Identification in Student Relation

Student(SID, Name, Email, Phone)

SID is unique → Candidate Key
Email is unique → Candidate Key
Name is not unique
Phone is not unique

✔ Candidate Keys: SID, Email
✔ Primary Key: SID (chosen)
✔ Super Keys: SID, Email, and their combinations
✔ Unique Key: Email
✔ Composite Key: Not necessary in this relation
Rubrics","Excellent (2-4):  Very well-structured, logical flow, easy to read | Good(1-3):  Generally clear with minor organization issues | Average (0.5-1): Understandable but poorly structured | Poor(0-0.3):  Disorganized and unclear"
