model,regime,criterion,n_total,n_valid,parse_rate,qwk,linear_kappa,cohen_kappa,mae,rmse,bias,pearson,spearman,exact_match,adjacent_match,mae_normalized,rmse_normalized,over_max_rate
donut,few_shot,Supervised Learning,9,0,0.0,,,,,,,,,,,,,
donut,few_shot,Unsupervised Learning,9,0,0.0,,,,,,,,,,,,,
donut,few_shot,Reinforcement Learning,9,0,0.0,,,,,,,,,,,,,
donut,few_shot,"Example, Overall Clarity & Structure",9,0,0.0,,,,,,,,,,,,,
donut,few_shot,Defintion of climate and weather,6,0,0.0,,,,,,,,,,,,,
donut,few_shot,Name of the climate variables,6,0,0.0,,,,,,,,,,,,,
donut,few_shot,Hemato-biochemical changes in rohu due to an increase of temparature,6,0,0.0,,,,,,,,,,,,,
donut,few_shot,Understanding of Concept,10,0,0.0,,,,,,,,,,,,,
donut,few_shot,Step-by-Step Procedure,10,0,0.0,,,,,,,,,,,,,
donut,few_shot,Accuracy of Final Answer,10,0,0.0,,,,,,,,,,,,,
donut,few_shot,Clarity & Presentation,10,0,0.0,,,,,,,,,,,,,
donut,few_shot,Concept of Histogram Equalization,4,0,0.0,,,,,,,,,,,,,
donut,few_shot,Necessity of Histogram Equalization,4,0,0.0,,,,,,,,,,,,,
donut,few_shot,Concept of Histogram Matching,4,0,0.0,,,,,,,,,,,,,
donut,few_shot,Necessity of Histogram Matching,4,0,0.0,,,,,,,,,,,,,
donut,few_shot,Understanding of schema and instance (2),6,0,0.0,,,,,,,,,,,,,
donut,few_shot,Explanation of different types of keys with examples (4),6,0,0.0,,,,,,,,,,,,,
donut,few_shot,Correct identification of keys in given relation (2),6,0,0.0,,,,,,,,,,,,,
donut,few_shot,Clear and organized writing (2),6,0,0.0,,,,,,,,,,,,,
donut,few_shot,Definition of Method Overloading,5,0,0.0,,,,,,,,,,,,,
donut,few_shot,Definition of Method Overriding,5,0,0.0,,,,,,,,,,,,,
donut,few_shot,Comparision,5,0,0.0,,,,,,,,,,,,,
donut,few_shot,Example / Application,13,0,0.0,,,,,,,,,,,,,
donut,few_shot,Definition of Data Mining,8,0,0.0,,,,,,,,,,,,,
donut,few_shot,KDD Process Steps,8,0,0.0,,,,,,,,,,,,,
donut,few_shot,Importance of Data Mining Marks=(4),8,0,0.0,,,,,,,,,,,,,
donut,few_shot,Understanding of normalization and related problems(3),10,0,0.0,,,,,,,,,,,,,
donut,few_shot,Explanation of normal forms(3),10,0,0.0,,,,,,,,,,,,,
donut,few_shot,Use of example(2),10,0,0.0,,,,,,,,,,,,,
donut,few_shot,Clear and organized writing(2),10,0,0.0,,,,,,,,,,,,,
donut,few_shot,Definition of Quantization,3,0,0.0,,,,,,,,,,,,,
donut,few_shot,Purpose of Quantization,3,0,0.0,,,,,,,,,,,,,
donut,few_shot,Max-Lloyd Algorithm Explanation,3,0,0.0,,,,,,,,,,,,,
donut,few_shot,Boundary & Centroid Conditions,3,0,0.0,,,,,,,,,,,,,
donut,few_shot,Importance of R² and Variability (eg. 0.85 or 85%) explained by the model,2,0,0.0,,,,,,,,,,,,,
donut,few_shot,"Mathematical Expression & Interpretation and Evaluate model performance by               R² ≈ 1 → very good fit 
R² ≈ 0 → poor fit 
R²<0 → model is worse than just using the mean",2,0,0.0,,,,,,,,,,,,,
donut,few_shot,Critical Insight (Limitations / Adjusted R²) and higher R² strengthens confidence,2,0,0.0,,,,,,,,,,,,,
donut,few_shot,Enables comparison between models and overfitting issues,2,0,0.0,,,,,,,,,,,,,
donut,few_shot,Identification of Layers (2 Marks),9,0,0.0,,,,,,,,,,,,,
donut,few_shot,Explanation of Layers with diagram (4 Marks),9,0,0.0,,,,,,,,,,,,,
donut,few_shot,Technical Accuracy (2 Marks),9,0,0.0,,,,,,,,,,,,,
donut,few_shot,Examples/Protocols(1 Mark),9,0,0.0,,,,,,,,,,,,,
donut,few_shot,Clarity & Organization (1 Mark),9,0,0.0,,,,,,,,,,,,,
donut,full,Supervised Learning,9,4,0.4444444444444444,0.0,0.0,0.0,0.375,0.4330127018922193,-0.375,,,0.25,1.0,0.14999999999999997,0.17320508075688767,0.0
donut,full,Unsupervised Learning,9,6,0.6666666666666666,0.0,0.0,0.0,0.4166666666666667,0.45643546458763845,-0.4166666666666667,,,0.16666666666666666,1.0,0.16666666666666663,0.18257418583505533,0.0
donut,full,Reinforcement Learning,9,6,0.6666666666666666,0.0,0.0,0.0,0.3333333333333333,0.408248290463863,-0.3333333333333333,,,0.3333333333333333,1.0,0.1333333333333333,0.16329931618554516,0.0
donut,full,"Example, Overall Clarity & Structure",9,6,0.6666666666666666,0.0,0.0,0.0,0.4166666666666667,0.5400617248673217,0.25,,,0.3333333333333333,1.0,0.16666666666666666,0.21602468994692872,0.0
donut,full,Defintion of climate and weather,6,1,0.16666666666666666,,,,2.0,2.0,-2.0,,,0.0,0.0,,,0.0
donut,full,Name of the climate variables,6,0,0.0,,,,,,,,,,,,,
donut,full,Hemato-biochemical changes in rohu due to an increase of temparature,6,0,0.0,,,,,,,,,,,,,
donut,full,Understanding of Concept,10,2,0.2,,,,2.0,2.0,-2.0,,,0.0,0.0,0.5,0.5,0.0
donut,full,Step-by-Step Procedure,10,4,0.4,0.09999999999999998,0.09090909090909094,0.07692307692307687,1.25,1.5,-1.25,0.3333333333333333,0.3333333333333333,0.25,0.5,0.3125,0.375,0.0
donut,full,Accuracy of Final Answer,10,0,0.0,,,,,,,,,,,,,
donut,full,Clarity & Presentation,10,6,0.6,0.5,0.33333333333333337,0.19999999999999996,0.6666666666666666,0.816496580927726,-0.3333333333333333,0.7071067811865475,0.7071067811865475,0.3333333333333333,1.0,0.16666666666666666,0.2041241452319315,0.0
donut,full,Concept of Histogram Equalization,4,3,0.75,-2.220446049250313e-16,-0.15384615384615397,-0.2857142857142858,0.8333333333333334,0.8660254037844386,0.16666666666666666,0.0,0.0,0.0,1.0,0.20833333333333334,0.21650635094610965,0.0
donut,full,Necessity of Histogram Equalization,4,3,0.75,0.0,0.0,0.0,0.6666666666666666,0.816496580927726,0.6666666666666666,,,0.3333333333333333,1.0,0.16666666666666666,0.2041241452319315,0.0
donut,full,Concept of Histogram Matching,4,2,0.5,0.0,0.0,0.0,0.5,0.7071067811865476,0.5,,,0.5,1.0,0.125,0.1767766952966369,0.0
donut,full,Necessity of Histogram Matching,4,2,0.5,0.0,0.0,0.0,0.5,0.7071067811865476,0.5,,,0.5,1.0,0.125,0.1767766952966369,0.0
donut,full,Understanding of schema and instance (2),6,2,0.3333333333333333,0.0,0.0,0.0,0.5,0.7071067811865476,0.5,,,0.5,1.0,0.25,0.3535533905932738,0.0
donut,full,Explanation of different types of keys with examples (4),6,2,0.3333333333333333,,,,0.0,0.0,0.0,,,1.0,1.0,0.0,0.0,0.0
donut,full,Correct identification of keys in given relation (2),6,2,0.3333333333333333,0.0,0.0,0.0,0.5,0.7071067811865476,0.5,,,0.5,1.0,0.25,0.3535533905932738,0.0
donut,full,Clear and organized writing (2),6,2,0.3333333333333333,0.0,0.0,0.0,0.5,0.7071067811865476,0.5,,,0.5,1.0,0.25,0.3535533905932738,0.0
donut,full,Definition of Method Overloading,5,3,0.6,0.4878048780487805,0.2758620689655171,0.0,1.1666666666666667,1.3228756555322954,1.1666666666666667,0.9449111825230683,0.8660254037844387,0.0,0.6666666666666666,0.2916666666666667,0.33071891388307384,0.0
donut,full,Definition of Method Overriding,5,3,0.6,0.3571428571428571,0.11764705882352933,0.0,1.6666666666666667,1.7320508075688772,1.6666666666666667,1.0,1.0,0.0,0.3333333333333333,0.4166666666666667,0.4330127018922193,0.0
donut,full,Comparision,5,4,0.8,-0.6346153846153846,-0.3076923076923077,0.0,2.125,2.3048861143232218,-0.375,-0.968495996958186,-0.8164965809277261,0.0,0.25,0.53125,0.5762215285808054,0.0
donut,full,Example / Application,13,7,0.5384615384615384,-0.1653272101033294,-0.09045226130653261,0.0,2.2142857142857144,2.275647474581999,0.5,-0.35355339059327384,-0.35355339059327373,0.0,0.0,0.5535714285714286,0.5689118686454997,0.0
donut,full,Definition of Data Mining,8,4,0.5,0.0,0.0,0.0,1.25,1.3228756555322954,-0.25,,,0.0,0.75,0.3125,0.33071891388307384,0.0
donut,full,KDD Process Steps,8,4,0.5,0.32432432432432434,0.18181818181818177,0.0,1.125,1.25,-0.625,0.4714045207910316,0.5443310539518174,0.0,0.75,0.28125,0.3125,0.0
donut,full,Importance of Data Mining Marks=(4),8,3,0.375,0.0,0.0,0.0,1.0,1.2909944487358056,-0.3333333333333333,,,0.3333333333333333,0.6666666666666666,0.25,0.3227486121839514,0.0
donut,full,Understanding of normalization and related problems(3),10,5,0.5,-0.33333333333333326,-0.17647058823529416,0.04761904761904767,0.8,0.8944271909999159,-0.4,-0.7905694150420947,-0.7905694150420948,0.2,1.0,0.2666666666666667,0.29814239699997197,0.0
donut,full,Explanation of normal forms(3),10,2,0.2,,,,0.0,0.0,0.0,,,1.0,1.0,0.0,0.0,0.0
donut,full,Use of example(2),10,6,0.6,0.0,0.0,0.0,0.4166666666666667,0.8416254115301732,0.4166666666666667,,,0.6666666666666666,0.8333333333333334,0.20833333333333334,0.4208127057650866,0.0
donut,full,Clear and organized writing(2),10,2,0.2,,,,0.5,0.5,0.5,,,0.0,1.0,0.25,0.25,0.0
donut,full,Definition of Quantization,3,3,1.0,0.0,0.0,0.0,0.3333333333333333,0.408248290463863,-0.3333333333333333,,,0.3333333333333333,1.0,0.1333333333333333,0.16329931618554516,0.0
donut,full,Purpose of Quantization,3,3,1.0,,,,0.5,0.5,-0.5,,,0.0,1.0,0.19999999999999996,0.19999999999999996,0.0
donut,full,Max-Lloyd Algorithm Explanation,3,2,0.6666666666666666,0.0,0.0,0.0,0.5,0.5,0.0,,,0.0,1.0,0.2,0.2,0.0
donut,full,Boundary & Centroid Conditions,3,3,1.0,0.0,0.0,0.0,0.5,0.5,0.16666666666666666,,,0.0,1.0,0.20000000000000004,0.20000000000000004,0.0
donut,full,Importance of R² and Variability (eg. 0.85 or 85%) explained by the model,2,1,0.5,,,,0.0,0.0,0.0,,,1.0,1.0,,,0.0
donut,full,"Mathematical Expression & Interpretation and Evaluate model performance by               R² ≈ 1 → very good fit 
R² ≈ 0 → poor fit 
R²<0 → model is worse than just using the mean",2,1,0.5,,,,2.0,2.0,2.0,,,0.0,0.0,,,0.0
donut,full,Critical Insight (Limitations / Adjusted R²) and higher R² strengthens confidence,2,1,0.5,,,,1.5,1.5,1.5,,,0.0,0.0,,,0.0
donut,full,Enables comparison between models and overfitting issues,2,1,0.5,,,,1.5,1.5,1.5,,,0.0,0.0,,,0.0
donut,full,Identification of Layers (2 Marks),9,9,1.0,,,,0.0,0.0,0.0,,,1.0,1.0,0.0,0.0,0.0
donut,full,Explanation of Layers with diagram (4 Marks),9,6,0.6666666666666666,0.0,0.0,0.0,0.6666666666666666,0.816496580927726,-0.3333333333333333,,,0.3333333333333333,1.0,0.16666666666666666,0.2041241452319315,0.0
donut,full,Technical Accuracy (2 Marks),9,8,0.8888888888888888,0.0,0.0,0.0,1.0,1.224744871391589,1.0,,,0.25,0.75,0.5,0.6123724356957945,0.0
donut,full,Examples/Protocols(1 Mark),9,9,1.0,0.0,0.0,0.0,0.3333333333333333,0.5773502691896257,0.3333333333333333,,,0.6666666666666666,1.0,0.3333333333333333,0.5773502691896257,0.0
donut,full,Clarity & Organization (1 Mark),9,7,0.7777777777777778,0.0,0.0,0.0,0.5714285714285714,0.7559289460184544,0.5714285714285714,,,0.42857142857142855,1.0,0.5714285714285714,0.7559289460184544,0.0
donut,lora,Supervised Learning,9,6,0.6666666666666666,0.07692307692307676,-2.220446049250313e-16,-0.0714285714285714,0.6666666666666666,0.816496580927726,-0.6666666666666666,0.24999999999999994,0.25000000000000006,0.16666666666666666,0.8333333333333334,0.26666666666666666,0.3265986323710904,0.0
donut,lora,Unsupervised Learning,9,6,0.6666666666666666,0.0,0.0,0.0,0.3333333333333333,0.408248290463863,-0.3333333333333333,,,0.3333333333333333,1.0,0.1333333333333333,0.16329931618554516,0.0
donut,lora,Reinforcement Learning,9,5,0.5555555555555556,-0.4285714285714286,-0.4285714285714286,-0.4285714285714286,0.4,0.4472135954999579,-0.2,-0.6123724356957945,-0.6123724356957945,0.2,1.0,0.15999999999999998,0.17888543819998315,0.0
donut,lora,"Example, Overall Clarity & Structure",9,3,0.3333333333333333,0.3999999999999999,0.18181818181818177,0.0,0.5,0.6454972243679028,0.5,0.9449111825230678,0.8660254037844387,0.3333333333333333,1.0,0.19999999999999998,0.2581988897471611,0.0
donut,lora,Defintion of climate and weather,6,5,0.8333333333333334,0.0,0.0,0.0,0.2,0.4472135954999579,-0.2,,,0.8,1.0,0.1,0.22360679774997896,0.0
donut,lora,Name of the climate variables,6,2,0.3333333333333333,0.0,0.0,0.0,1.0,1.0,0.0,,,0.0,1.0,0.5,0.5,0.0
donut,lora,Hemato-biochemical changes in rohu due to an increase of temparature,6,5,0.8333333333333334,-0.1797752808988764,-0.09756097560975618,0.0,0.45,0.51234753829798,0.15,-0.24999999999999994,-0.25,0.0,1.0,0.225,0.25617376914899,0.0
donut,lora,Understanding of Concept,10,3,0.3,,,,2.0,2.0,-2.0,,,0.0,0.0,0.5,0.5,0.0
donut,lora,Step-by-Step Procedure,10,5,0.5,-0.0185185185185186,0.0,0.0,2.0,2.0976176963403033,-2.0,-0.24999999999999997,-0.25,0.0,0.2,0.5,0.5244044240850758,0.0
donut,lora,Accuracy of Final Answer,10,0,0.0,,,,,,,,,,,,,
donut,lora,Clarity & Presentation,10,6,0.6,0.037735849056603765,1.1102230246251565e-16,0.032258064516129115,1.5,1.6832508230603465,-1.5,0.19999999999999998,0.28284271247461906,0.16666666666666666,0.3333333333333333,0.375,0.4208127057650866,0.0
donut,lora,Concept of Histogram Equalization,4,3,0.75,-2.220446049250313e-16,-0.15384615384615397,-0.2857142857142858,0.8333333333333334,0.8660254037844386,0.16666666666666666,0.0,0.0,0.0,1.0,0.20833333333333334,0.21650635094610965,0.0
donut,lora,Necessity of Histogram Equalization,4,4,1.0,0.0,0.0,0.0,0.5,0.7071067811865476,0.5,,,0.5,1.0,0.125,0.1767766952966369,0.0
donut,lora,Concept of Histogram Matching,4,3,0.75,0.0,0.0,0.0,0.6666666666666666,0.816496580927726,0.0,,,0.3333333333333333,1.0,0.16666666666666666,0.2041241452319315,0.0
donut,lora,Necessity of Histogram Matching,4,4,1.0,0.0,0.0,0.0,0.5,0.7071067811865476,0.5,,,0.5,1.0,0.125,0.1767766952966369,0.0
donut,lora,Understanding of schema and instance (2),6,3,0.5,,,,0.0,0.0,0.0,,,1.0,1.0,0.0,0.0,0.0
donut,lora,Explanation of different types of keys with examples (4),6,3,0.5,0.0,0.0,0.0,0.5,0.6454972243679028,-0.16666666666666666,,,0.3333333333333333,1.0,0.125,0.1613743060919757,0.0
donut,lora,Correct identification of keys in given relation (2),6,5,0.8333333333333334,-0.5,-0.25,-0.0714285714285714,0.8,1.0954451150103321,0.4,-0.6454972243679027,-0.6454972243679028,0.4,0.8,0.4,0.5477225575051661,0.0
donut,lora,Clear and organized writing (2),6,1,0.16666666666666666,,,,0.0,0.0,0.0,,,1.0,1.0,,,0.0
donut,lora,Definition of Method Overloading,5,2,0.4,0.0,0.0,0.0,1.5,1.5811388300841898,0.5,,,0.0,0.5,0.375,0.39528470752104744,0.0
donut,lora,Definition of Method Overriding,5,2,0.4,,,,2.0,2.0,2.0,,,0.0,0.0,0.5,0.5,0.0
donut,lora,Comparision,5,3,0.6,0.0,0.0,0.0,1.6666666666666667,1.7320508075688772,-1.6666666666666667,,,0.0,0.3333333333333333,0.4166666666666667,0.4330127018922193,0.0
donut,lora,Example / Application,13,7,0.5384615384615384,0.05673758865248235,0.02970297029702962,0.0,2.0,2.017778127403648,1.0,0.3,0.30000000000000004,0.0,0.0,0.5,0.504444531850912,0.0
donut,lora,Definition of Data Mining,8,6,0.75,-0.8169014084507042,-0.20000000000000018,0.0625,1.3333333333333333,1.8929694486000912,0.16666666666666666,-0.8410214463203253,-0.6356417261637283,0.16666666666666666,0.6666666666666666,0.3333333333333333,0.4732423621500228,0.0
donut,lora,KDD Process Steps,8,5,0.625,0.23423423423423428,0.11764705882352944,0.0,1.2,1.3038404810405297,0.0,0.7222222222222221,0.7404360971988655,0.0,0.6,0.3,0.32596012026013244,0.0
donut,lora,Importance of Data Mining Marks=(4),8,6,0.75,0.04395604395604391,-0.12500000000000022,-0.19999999999999996,1.5,1.5545631755148024,0.5,0.06482037235521645,0.06154574548966636,0.0,0.3333333333333333,0.375,0.3886407938787006,0.0
donut,lora,Understanding of normalization and related problems(3),10,7,0.7,-0.30303030303030276,-0.1797752808988764,-0.02083333333333348,1.0714285714285714,1.2392393980641052,-0.6428571428571429,-0.47006339568147193,-0.521749194749951,0.0,0.7142857142857143,0.35714285714285715,0.41307979935470174,0.0
donut,lora,Explanation of normal forms(3),10,7,0.7,-0.18579234972677572,-0.21333333333333337,-0.07692307692307687,0.9285714285714286,1.0522085616183026,0.35714285714285715,-0.23395480008935166,-0.32025630761017426,0.14285714285714285,0.7142857142857143,0.3095238095238096,0.35073618720610084,0.0
donut,lora,Use of example(2),10,7,0.7,-0.16666666666666674,-0.16666666666666674,-0.16666666666666674,0.8571428571428571,1.1952286093343936,0.5714285714285714,-0.33113308926626095,-0.3415650255319866,0.42857142857142855,0.7142857142857143,0.42857142857142855,0.5976143046671968,0.0
donut,lora,Clear and organized writing(2),10,3,0.3,0.0,0.0,0.0,0.6666666666666666,0.7071067811865476,0.6666666666666666,,,0.0,1.0,0.3333333333333333,0.3535533905932738,0.0
donut,lora,Definition of Quantization,3,2,0.6666666666666666,0.0,0.0,0.0,0.25,0.3535533905932738,-0.25,,,0.5,1.0,0.09999999999999998,0.14142135623730948,0.0
donut,lora,Purpose of Quantization,3,1,0.3333333333333333,,,,0.5,0.5,-0.5,,,0.0,1.0,,,0.0
donut,lora,Max-Lloyd Algorithm Explanation,3,1,0.3333333333333333,,,,0.0,0.0,0.0,,,1.0,1.0,,,0.0
donut,lora,Boundary & Centroid Conditions,3,2,0.6666666666666666,0.6666666666666667,0.5,0.33333333333333337,0.25,0.3535533905932738,0.25,1.0,0.9999999999999999,0.5,1.0,0.10000000000000003,0.14142135623730956,0.0
donut,lora,Importance of R² and Variability (eg. 0.85 or 85%) explained by the model,2,1,0.5,,,,0.5,0.5,0.5,,,0.0,1.0,,,0.0
donut,lora,"Mathematical Expression & Interpretation and Evaluate model performance by               R² ≈ 1 → very good fit 
R² ≈ 0 → poor fit 
R²<0 → model is worse than just using the mean",2,1,0.5,,,,2.5,2.5,2.5,,,0.0,0.0,,,0.0
donut,lora,Critical Insight (Limitations / Adjusted R²) and higher R² strengthens confidence,2,0,0.0,,,,,,,,,,,,,
donut,lora,Enables comparison between models and overfitting issues,2,0,0.0,,,,,,,,,,,,,
donut,lora,Identification of Layers (2 Marks),9,3,0.3333333333333333,,,,0.0,0.0,0.0,,,1.0,1.0,0.0,0.0,0.0
donut,lora,Explanation of Layers with diagram (4 Marks),9,5,0.5555555555555556,0.10256410256410253,0.18604651162790697,0.21052631578947367,0.7,1.02469507659596,-0.5,0.13363062095621214,0.027777777777777776,0.4,0.8,0.175,0.25617376914899,0.0
donut,lora,Technical Accuracy (2 Marks),9,3,0.3333333333333333,-0.5000000000000002,-0.5000000000000002,-0.5,1.3333333333333333,1.4142135623730951,0.6666666666666666,-0.8660254037844386,-0.8660254037844387,0.0,0.6666666666666666,0.6666666666666666,0.7071067811865476,0.0
donut,lora,Examples/Protocols(1 Mark),9,3,0.3333333333333333,0.0,0.0,0.0,0.6666666666666666,0.816496580927726,0.6666666666666666,,,0.3333333333333333,1.0,0.6666666666666666,0.816496580927726,0.0
donut,lora,Clarity & Organization (1 Mark),9,3,0.3333333333333333,,,,1.0,1.0,1.0,,,0.0,1.0,1.0,1.0,0.0
donut,zero_shot,Supervised Learning,9,0,0.0,,,,,,,,,,,,,
donut,zero_shot,Unsupervised Learning,9,0,0.0,,,,,,,,,,,,,
donut,zero_shot,Reinforcement Learning,9,0,0.0,,,,,,,,,,,,,
donut,zero_shot,"Example, Overall Clarity & Structure",9,0,0.0,,,,,,,,,,,,,
donut,zero_shot,Defintion of climate and weather,6,0,0.0,,,,,,,,,,,,,
donut,zero_shot,Name of the climate variables,6,0,0.0,,,,,,,,,,,,,
donut,zero_shot,Hemato-biochemical changes in rohu due to an increase of temparature,6,0,0.0,,,,,,,,,,,,,
donut,zero_shot,Understanding of Concept,10,0,0.0,,,,,,,,,,,,,
donut,zero_shot,Step-by-Step Procedure,10,0,0.0,,,,,,,,,,,,,
donut,zero_shot,Accuracy of Final Answer,10,0,0.0,,,,,,,,,,,,,
donut,zero_shot,Clarity & Presentation,10,0,0.0,,,,,,,,,,,,,
donut,zero_shot,Concept of Histogram Equalization,4,0,0.0,,,,,,,,,,,,,
donut,zero_shot,Necessity of Histogram Equalization,4,0,0.0,,,,,,,,,,,,,
donut,zero_shot,Concept of Histogram Matching,4,0,0.0,,,,,,,,,,,,,
donut,zero_shot,Necessity of Histogram Matching,4,0,0.0,,,,,,,,,,,,,
donut,zero_shot,Understanding of schema and instance (2),6,0,0.0,,,,,,,,,,,,,
donut,zero_shot,Explanation of different types of keys with examples (4),6,0,0.0,,,,,,,,,,,,,
donut,zero_shot,Correct identification of keys in given relation (2),6,0,0.0,,,,,,,,,,,,,
donut,zero_shot,Clear and organized writing (2),6,0,0.0,,,,,,,,,,,,,
donut,zero_shot,Definition of Method Overloading,5,0,0.0,,,,,,,,,,,,,
donut,zero_shot,Definition of Method Overriding,5,0,0.0,,,,,,,,,,,,,
donut,zero_shot,Comparision,5,0,0.0,,,,,,,,,,,,,
donut,zero_shot,Example / Application,13,0,0.0,,,,,,,,,,,,,
donut,zero_shot,Definition of Data Mining,8,0,0.0,,,,,,,,,,,,,
donut,zero_shot,KDD Process Steps,8,0,0.0,,,,,,,,,,,,,
donut,zero_shot,Importance of Data Mining Marks=(4),8,0,0.0,,,,,,,,,,,,,
donut,zero_shot,Understanding of normalization and related problems(3),10,0,0.0,,,,,,,,,,,,,
donut,zero_shot,Explanation of normal forms(3),10,0,0.0,,,,,,,,,,,,,
donut,zero_shot,Use of example(2),10,0,0.0,,,,,,,,,,,,,
donut,zero_shot,Clear and organized writing(2),10,0,0.0,,,,,,,,,,,,,
donut,zero_shot,Definition of Quantization,3,0,0.0,,,,,,,,,,,,,
donut,zero_shot,Purpose of Quantization,3,0,0.0,,,,,,,,,,,,,
donut,zero_shot,Max-Lloyd Algorithm Explanation,3,0,0.0,,,,,,,,,,,,,
donut,zero_shot,Boundary & Centroid Conditions,3,0,0.0,,,,,,,,,,,,,
donut,zero_shot,Importance of R² and Variability (eg. 0.85 or 85%) explained by the model,2,0,0.0,,,,,,,,,,,,,
donut,zero_shot,"Mathematical Expression & Interpretation and Evaluate model performance by               R² ≈ 1 → very good fit 
R² ≈ 0 → poor fit 
R²<0 → model is worse than just using the mean",2,0,0.0,,,,,,,,,,,,,
donut,zero_shot,Critical Insight (Limitations / Adjusted R²) and higher R² strengthens confidence,2,0,0.0,,,,,,,,,,,,,
donut,zero_shot,Enables comparison between models and overfitting issues,2,0,0.0,,,,,,,,,,,,,
donut,zero_shot,Identification of Layers (2 Marks),9,0,0.0,,,,,,,,,,,,,
donut,zero_shot,Explanation of Layers with diagram (4 Marks),9,0,0.0,,,,,,,,,,,,,
donut,zero_shot,Technical Accuracy (2 Marks),9,0,0.0,,,,,,,,,,,,,
donut,zero_shot,Examples/Protocols(1 Mark),9,0,0.0,,,,,,,,,,,,,
donut,zero_shot,Clarity & Organization (1 Mark),9,0,0.0,,,,,,,,,,,,,
ensemble,few_shot,Concept of Histogram Equalization,4,4,1.0,0.47887323943661975,0.15384615384615385,-0.23076923076923084,0.6875,0.7603453162872774,0.4375,0.6673083711820306,0.632455532033676,0.0,1.0,0.171875,0.19008632907181935,0.0
ensemble,few_shot,Necessity of Histogram Equalization,4,4,1.0,0.06703910614525144,0.0,0.0,1.5625,1.6153559979150107,1.5625,0.5773502691896256,0.5773502691896257,0.0,0.0,0.390625,0.4038389994787527,0.0
ensemble,few_shot,Concept of Histogram Matching,4,4,1.0,0.4347826086956522,0.18518518518518523,0.0,0.6875,0.7806247497997998,0.3125,0.5222329678670934,0.316227766016838,0.0,0.75,0.171875,0.19515618744994995,0.0
ensemble,few_shot,Necessity of Histogram Matching,4,4,1.0,0.11976047904191611,0.0,-0.1428571428571428,1.4375,1.5155444566227676,1.4375,0.5773502691896257,0.5773502691896257,0.0,0.25,0.359375,0.3788861141556919,0.0
ensemble,few_shot,Defintion of climate and weather,6,6,1.0,0.0,0.0,0.0,1.0,1.0307764064044151,-1.0,,,0.0,0.8333333333333334,0.5,0.5153882032022076,0.0
ensemble,few_shot,Name of the climate variables,6,6,1.0,-0.03587443946188329,-0.016129032258064502,0.0,0.875,0.8955910525085282,-0.4583333333333333,-0.19999999999999998,-0.20000000000000007,0.0,0.8333333333333334,0.4375,0.4477955262542641,0.0
ensemble,few_shot,Hemato-biochemical changes in rohu due to an increase of temparature,6,6,1.0,-0.02739726027397249,1.1102230246251565e-16,0.032258064516129115,0.4583333333333333,0.5103103630798288,-0.4583333333333333,-0.2,-0.20000000000000007,0.16666666666666666,1.0,0.22916666666666666,0.2551551815399144,0.0
ensemble,few_shot,Importance of R² and Variability (eg. 0.85 or 85%) explained by the model,2,2,1.0,0.0,0.0,0.0,1.375,1.3806701271484076,-1.375,,,0.0,0.0,0.4583333333333333,0.4602233757161358,0.0
ensemble,few_shot,"Mathematical Expression & Interpretation and Evaluate model performance by               R² ≈ 1 → very good fit 
R² ≈ 0 → poor fit 
R²<0 → model is worse than just using the mean",2,2,1.0,,,,0.5,0.5,0.5,,,0.0,1.0,0.16666666666666666,0.16666666666666666,0.0
ensemble,few_shot,Critical Insight (Limitations / Adjusted R²) and higher R² strengthens confidence,2,2,1.0,1.0,1.0,1.0,0.0,0.0,0.0,1.0,0.9999999999999999,1.0,1.0,0.0,0.0,0.0
ensemble,few_shot,Enables comparison between models and overfitting issues,2,2,1.0,0.0,0.0,0.0,0.375,0.39528470752104744,-0.125,,,0.0,1.0,0.125,0.13176156917368248,0.0
ensemble,few_shot,Understanding of normalization and related problems(3),10,10,1.0,0.10212765957446812,0.0,-0.04166666666666674,1.55,1.6240381768911716,-1.55,0.6454972243679028,0.6145365967606566,0.0,0.2,0.5166666666666666,0.5413460589637238,0.0
ensemble,few_shot,Explanation of normal forms(3),10,10,1.0,0.06101048617731175,0.010600706713780883,0.0,1.4,1.5692354826475214,-1.4,0.4470390049816902,0.47338106833115084,0.0,0.3,0.4666666666666667,0.5230784942158405,0.0
ensemble,few_shot,Use of example(2),10,10,1.0,0.02006688963210701,0.004065040650406471,0.0,1.225,1.3532368602724358,-1.075,0.07894190171963547,-0.1369590298728748,0.0,0.4,0.6125,0.6766184301362179,0.0
ensemble,few_shot,Clear and organized writing(2),10,10,1.0,0.053676865271068186,0.05142857142857138,-0.04166666666666674,0.8299999952316284,0.9388823076415032,-0.7799999952316284,0.156786814264237,-0.04348853820356281,0.0,0.5,0.4149999976158142,0.4694411538207516,0.0
ensemble,few_shot,Understanding of schema and instance (2),6,6,1.0,0.13559322033898302,0.0,-0.12499999999999978,0.75,0.8416254115301732,-0.75,0.6324555320336759,0.632455532033676,0.0,0.8333333333333334,0.375,0.4208127057650866,0.0
ensemble,few_shot,Explanation of different types of keys with examples (4),6,6,1.0,0.07692307692307676,0.0,-0.07142857142857162,0.6666666666666666,0.816496580927726,-0.6666666666666666,0.24999999999999992,0.25000000000000006,0.16666666666666666,0.8333333333333334,0.16666666666666666,0.2041241452319315,0.0
ensemble,few_shot,Correct identification of keys in given relation (2),6,6,1.0,0.11560693641618491,0.09302325581395332,0.11111111111111116,0.5416666666666666,0.7288689868556626,0.125,0.15041420939904676,0.01666666666666667,0.3333333333333333,0.8333333333333334,0.2708333333333333,0.3644344934278313,0.0
ensemble,few_shot,Clear and organized writing (2),6,6,1.0,0.256,0.05714285714285705,-0.07142857142857162,0.4583333333333333,0.568257570707744,-0.375,0.44172610429938614,0.4264014327112209,0.16666666666666666,1.0,0.22916666666666666,0.284128785353872,0.0
ensemble,few_shot,Identification of Layers (2 Marks),9,9,1.0,0.0,0.0,0.0,0.3611111111111111,0.5335936864527374,-0.3611111111111111,,,0.4444444444444444,1.0,0.18055555555555555,0.2667968432263687,0.0
ensemble,few_shot,Explanation of Layers with diagram (4 Marks),9,9,1.0,0.5544554455445545,0.39097744360902253,0.18181818181818177,0.5,0.6454972243679028,-0.3888888888888889,0.9271726499455308,0.9211323729436766,0.2222222222222222,0.8888888888888888,0.125,0.1613743060919757,0.0
ensemble,few_shot,Technical Accuracy (2 Marks),9,9,1.0,0.31018935978358886,0.11764705882352933,-0.051948051948051965,0.6944444444444444,0.768295371441074,-0.3055555555555556,0.38466524349342585,0.44986770542121873,0.0,0.8888888888888888,0.3472222222222222,0.384147685720537,0.0
ensemble,few_shot,Examples/Protocols(1 Mark),9,9,1.0,0.26229508196721296,0.19047619047619047,0.16000000000000003,0.4722222222222222,0.5590169943749475,-0.4166666666666667,0.7071067811865476,0.7071067811865476,0.2222222222222222,1.0,0.4722222222222222,0.5590169943749475,0.0
ensemble,few_shot,Clarity & Organization (1 Mark),9,9,1.0,0.21476510067114096,0.13559322033898302,0.0769230769230771,0.4722222222222222,0.5204164998665332,0.3055555555555556,0.4588314677411235,0.4082482904638631,0.1111111111111111,1.0,0.4722222222222222,0.5204164998665332,0.0
ensemble,few_shot,Definition of Quantization,3,3,1.0,0.0,0.0,0.0,0.3333333333333333,0.408248290463863,-0.3333333333333333,,,0.3333333333333333,1.0,0.1333333333333333,0.16329931618554516,0.0
ensemble,few_shot,Purpose of Quantization,3,3,1.0,,,,0.5,0.5,-0.5,,,0.0,1.0,0.19999999999999996,0.19999999999999996,0.0
ensemble,few_shot,Max-Lloyd Algorithm Explanation,3,3,1.0,-0.18604651162790709,-0.10526315789473695,0.0,0.5833333333333334,0.5951190357119042,-0.25,-0.49999999999999994,-0.5000000000000001,0.0,1.0,0.23333333333333336,0.23804761428476168,0.0
ensemble,few_shot,Boundary & Centroid Conditions,3,3,1.0,0.0,0.0,0.0,0.8333333333333334,0.9574271077563381,-0.8333333333333334,,,0.0,0.6666666666666666,0.3333333333333333,0.3829708431025352,0.0
ensemble,few_shot,Importance of Data Mining Marks=(4),8,8,1.0,0.6103448275862069,0.4899328859060402,0.39622641509433965,0.59375,0.9395810236483068,0.09375,0.6773262229406822,0.8233787118994774,0.5,0.75,0.1484375,0.2348952559120767,0.0
ensemble,few_shot,Definition of Data Mining,8,8,1.0,0.75,0.536231884057971,0.2592592592592593,0.5,0.7071067811865476,-0.5,0.8593378488473193,0.8637433829436538,0.375,0.875,0.125,0.1767766952966369,0.0
ensemble,few_shot,Example / Application,13,13,1.0,0.5562998405103668,0.35104669887278583,0.052980132450331285,1.1923076923076923,1.4344658614593473,0.34615384615384615,0.6633528752007011,0.6903184695796681,0.15384615384615385,0.5384615384615384,0.2980769230769231,0.3586164653648368,0.0
ensemble,few_shot,KDD Process Steps,8,8,1.0,0.7676579925650557,0.5515695067264574,0.19999999999999996,0.78125,0.9882117688026185,-0.59375,0.9234383616132902,0.8987170342729173,0.25,0.625,0.1953125,0.24705294220065463,0.0
ensemble,few_shot,Understanding of Concept,10,10,1.0,0.07100591715976334,0.02941176470588236,0.0,0.825,0.9905806378079475,-0.725,0.14157875345490262,0.14231361339296403,0.1,0.8,0.20625,0.24764515945198687,0.0
ensemble,few_shot,Step-by-Step Procedure,10,10,1.0,0.19753086419753085,0.16666666666666663,0.14634146341463405,0.6,0.806225774829855,-0.6,0.35634832254989923,0.29814239699997197,0.3,0.8,0.15,0.20155644370746376,0.0
ensemble,few_shot,Accuracy of Final Answer,10,10,1.0,0.21052631578947367,0.14634146341463417,0.021739130434782483,0.7,0.8660254037844386,0.3,0.23312620206007847,0.0,0.1,0.9,0.175,0.21650635094610965,0.0
ensemble,few_shot,Clarity & Presentation,10,10,1.0,-0.05900948366701786,-0.02777777777777768,0.021739130434782483,0.925,1.1208255885729947,-0.775,-0.12280701754385967,-0.15961435280880898,0.1,0.6,0.23125,0.2802063971432487,0.0
ensemble,few_shot,Supervised Learning,9,9,1.0,0.0,0.0,0.0,0.3333333333333333,0.408248290463863,-0.3333333333333333,,,0.3333333333333333,1.0,0.1333333333333333,0.16329931618554516,0.0
ensemble,few_shot,Unsupervised Learning,9,9,1.0,0.0,0.0,0.0,0.3333333333333333,0.408248290463863,-0.3333333333333333,,,0.3333333333333333,1.0,0.1333333333333333,0.16329931618554516,0.0
ensemble,few_shot,Reinforcement Learning,9,9,1.0,0.7337278106508875,0.38235294117647045,-0.050000000000000044,0.3888888888888889,0.45643546458763845,-0.2222222222222222,0.9640541410352403,0.7144345083117604,0.2222222222222222,1.0,0.15555555555555556,0.18257418583505533,0.0
ensemble,few_shot,"Example, Overall Clarity & Structure",9,9,1.0,0.11378555798687084,0.049689440993788914,0.03076923076923077,0.4722222222222222,0.5590169943749475,0.25,0.47918635750341565,0.4938784559013885,0.2222222222222222,1.0,0.1888888888888889,0.223606797749979,0.0
ensemble,few_shot,Definition of Method Overloading,5,5,1.0,-0.024096385542168752,-0.05263157894736836,-0.0869565217391306,1.6,1.8439088914585775,1.2,-0.14744195615489714,0.0,0.0,0.4,0.4,0.4609772228646444,0.0
ensemble,few_shot,Definition of Method Overriding,5,5,1.0,-0.022408963585434094,-0.020942408376963373,-0.13636363636363624,1.95,2.1360009363293826,1.85,-0.25,-0.3952847075210474,0.0,0.2,0.4875,0.5340002340823456,0.0
ensemble,few_shot,Comparision,5,5,1.0,0.29875518672199175,0.15094339622641506,-0.04166666666666674,1.35,1.4534441853748632,-0.65,0.6663924874789787,0.5735393346764044,0.0,0.4,0.3375,0.3633610463437158,0.0
ensemble,full,Concept of Histogram Equalization,4,4,1.0,0.41666666666666663,0.16666666666666663,-0.06666666666666665,0.625,0.6614378277661477,0.125,0.870388279778489,0.8164965809277261,0.0,1.0,0.15625,0.16535945694153692,0.0
ensemble,full,Necessity of Histogram Equalization,4,4,1.0,0.0,0.0,0.0,0.5,0.7071067811865476,0.5,,,0.5,1.0,0.125,0.1767766952966369,0.0
ensemble,full,Concept of Histogram Matching,4,4,1.0,0.41666666666666663,0.16666666666666663,-0.06666666666666665,0.625,0.6614378277661477,0.125,0.870388279778489,0.8164965809277261,0.0,1.0,0.15625,0.16535945694153692,0.0
ensemble,full,Necessity of Histogram Matching,4,4,1.0,0.2857142857142857,0.25,0.19999999999999996,0.375,0.5590169943749475,0.375,0.5773502691896256,0.5773502691896257,0.5,1.0,0.09375,0.13975424859373686,0.0
ensemble,full,Defintion of climate and weather,6,6,1.0,,,,0.0,0.0,0.0,,,1.0,1.0,0.0,0.0,0.0
ensemble,full,Name of the climate variables,6,6,1.0,0.0,0.0,0.0,0.3333333333333333,0.816496580927726,0.3333333333333333,,,0.8333333333333334,0.8333333333333334,0.16666666666666666,0.408248290463863,0.0
ensemble,full,Hemato-biochemical changes in rohu due to an increase of temparature,6,6,1.0,0.0,0.0,0.0,0.08333333333333333,0.2041241452319315,0.08333333333333333,,,0.8333333333333334,1.0,0.041666666666666664,0.10206207261596575,0.0
ensemble,full,Importance of R² and Variability (eg. 0.85 or 85%) explained by the model,2,2,1.0,0.0,0.0,0.0,0.75,0.7905694150420949,-0.75,,,0.0,1.0,0.24999999999999997,0.2635231383473649,0.0
ensemble,full,"Mathematical Expression & Interpretation and Evaluate model performance by               R² ≈ 1 → very good fit 
R² ≈ 0 → poor fit 
R²<0 → model is worse than just using the mean",2,2,1.0,,,,0.25,0.25,0.25,,,0.0,1.0,0.08333333333333333,0.08333333333333333,0.0
ensemble,full,Critical Insight (Limitations / Adjusted R²) and higher R² strengthens confidence,2,2,1.0,0.0,0.0,0.0,0.25,0.3535533905932738,0.25,,,0.5,1.0,0.08333333333333333,0.11785113019775792,0.0
ensemble,full,Enables comparison between models and overfitting issues,2,2,1.0,0.0,0.0,0.0,0.125,0.1767766952966369,0.125,,,0.5,1.0,0.04166666666666667,0.05892556509887897,0.0
ensemble,full,Understanding of normalization and related problems(3),10,10,1.0,0.6122448979591837,0.34782608695652173,-0.020408163265306145,0.45,0.48733971724044817,-0.25,0.7654655446197431,0.8056094727078102,0.0,1.0,0.15,0.16244657241348273,0.0
ensemble,full,Explanation of normal forms(3),10,10,1.0,0.8426812585499316,0.6451612903225806,0.25531914893617014,0.275,0.3791437722025775,-0.125,0.918343889536382,0.9424819839382049,0.3,1.0,0.09166666666666666,0.12638125740085918,0.0
ensemble,full,Use of example(2),10,10,1.0,0.4948755490483162,0.2721518987341772,0.021739130434782483,0.575,0.6566962768281849,-0.225,0.6299964608155105,0.6884124833031147,0.1,0.9,0.2875,0.32834813841409244,0.0
ensemble,full,Clear and organized writing(2),10,10,1.0,0.45633802816901403,0.23333333333333328,0.032258064516129115,0.22999999523162842,0.3106444867352023,0.12000000476837158,0.6632218632100646,0.510527470242631,0.4,1.0,0.11499999761581421,0.15532224336760114,0.0
ensemble,full,Understanding of schema and instance (2),6,6,1.0,0.18181818181818177,0.14285714285714268,0.09999999999999987,0.3333333333333333,0.5,-0.16666666666666666,0.24999999999999994,0.25000000000000006,0.5,1.0,0.16666666666666666,0.25,0.0
ensemble,full,Explanation of different types of keys with examples (4),6,6,1.0,0.0,0.0,0.0,0.3333333333333333,0.5773502691896257,-0.3333333333333333,,,0.6666666666666666,1.0,0.08333333333333333,0.14433756729740643,0.0
ensemble,full,Correct identification of keys in given relation (2),6,6,1.0,0.3999999999999999,0.18181818181818177,0.0,0.5,0.5773502691896257,0.16666666666666666,0.6859943405700352,0.6708203932499369,0.16666666666666666,1.0,0.25,0.28867513459481287,0.0
ensemble,full,Clear and organized writing (2),6,6,1.0,0.0,0.0,0.0,0.3333333333333333,0.5773502691896257,-0.3333333333333333,,,0.6666666666666666,1.0,0.16666666666666666,0.28867513459481287,0.0
ensemble,full,Identification of Layers (2 Marks),9,9,1.0,,,,0.0,0.0,0.0,,,1.0,1.0,0.0,0.0,0.0
ensemble,full,Explanation of Layers with diagram (4 Marks),9,9,1.0,0.32432432432432434,0.1333333333333333,-0.016129032258064502,0.7222222222222222,0.8333333333333334,-0.5,0.6123724356957945,0.6030226891555273,0.2222222222222222,1.0,0.18055555555555555,0.20833333333333334,0.0
ensemble,full,Technical Accuracy (2 Marks),9,9,1.0,0.4457478005865103,0.37209302325581395,0.18181818181818177,0.5833333333333334,0.8539125638299665,-0.25,0.47217539616447934,0.38903901006370994,0.3333333333333333,0.8888888888888888,0.2916666666666667,0.42695628191498325,0.0
ensemble,full,Examples/Protocols(1 Mark),9,9,1.0,0.8571428571428572,0.75,0.6,0.1111111111111111,0.23570226039551584,0.0,0.8660254037844387,0.8586296628693791,0.7777777777777778,1.0,0.1111111111111111,0.23570226039551584,0.0
ensemble,full,Clarity & Organization (1 Mark),9,9,1.0,0.8571428571428572,0.75,0.6,0.1111111111111111,0.23570226039551584,0.0,0.8660254037844384,0.8586296628693791,0.7777777777777778,1.0,0.1111111111111111,0.23570226039551584,0.0
ensemble,full,Definition of Quantization,3,3,1.0,0.0,0.0,0.0,0.16666666666666666,0.28867513459481287,0.16666666666666666,,,0.6666666666666666,1.0,0.06666666666666665,0.11547005383792512,0.0
ensemble,full,Purpose of Quantization,3,3,1.0,,,,0.0,0.0,0.0,,,1.0,1.0,0.0,0.0,0.0
ensemble,full,Max-Lloyd Algorithm Explanation,3,3,1.0,0.0,0.0,0.0,0.3333333333333333,0.5773502691896257,0.3333333333333333,,,0.6666666666666666,1.0,0.13333333333333333,0.23094010767585033,0.0
ensemble,full,Boundary & Centroid Conditions,3,3,1.0,0.0,0.0,0.0,0.6666666666666666,0.816496580927726,0.6666666666666666,,,0.3333333333333333,1.0,0.26666666666666666,0.32659863237109044,0.0
ensemble,full,Importance of Data Mining Marks=(4),8,8,1.0,0.6772908366533865,0.45833333333333337,0.11111111111111116,0.8125,1.125,0.25,0.6979415720330409,0.538638634844706,0.25,0.75,0.203125,0.28125,0.0
ensemble,full,Definition of Data Mining,8,8,1.0,0.8088235294117647,0.5942028985507246,0.2727272727272727,0.4375,0.6373774391990981,-0.1875,0.8268106308031116,0.7833891945495459,0.375,0.875,0.109375,0.15934435979977452,0.0
ensemble,full,Example / Application,13,13,1.0,0.7023136858383394,0.6323907455012854,0.4693877551020408,0.6346153846153846,1.3605004735249226,0.057692307692307696,0.706010978931749,0.7530198221680942,0.6923076923076923,0.8461538461538461,0.15865384615384615,0.34012511838123066,0.0
ensemble,full,KDD Process Steps,8,8,1.0,0.8417366946778712,0.7030567685589519,0.5,0.53125,0.9395810236483068,0.28125,0.8538577270926107,0.8945302703857816,0.625,0.875,0.1328125,0.2348952559120767,0.0
ensemble,full,Understanding of Concept,10,10,1.0,0.3529411764705882,0.30000000000000004,0.23076923076923073,0.35,0.5244044240850758,0.35,0.6546536707079771,0.6546536707079771,0.5,1.0,0.0875,0.13110110602126895,0.0
ensemble,full,Step-by-Step Procedure,10,10,1.0,0.15094339622641506,0.13793103448275867,0.11764705882352944,0.5,0.6708203932499369,0.5,0.4082482904638631,0.408248290463863,0.4,1.0,0.125,0.16770509831248423,0.0
ensemble,full,Accuracy of Final Answer,10,10,1.0,0.0,0.0,0.0,0.4,0.6324555320336759,0.0,,,0.6,1.0,0.1,0.15811388300841897,0.0
ensemble,full,Clarity & Presentation,10,10,1.0,0.19753086419753085,0.16666666666666663,0.13043478260869557,0.35,0.570087712549569,-0.15,0.4444444444444445,0.46481112585226414,0.6,1.0,0.0875,0.14252192813739226,0.0
ensemble,full,Supervised Learning,9,9,1.0,0.0,0.0,0.0,0.16666666666666666,0.28867513459481287,0.16666666666666666,,,0.6666666666666666,1.0,0.06666666666666665,0.11547005383792512,0.0
ensemble,full,Unsupervised Learning,9,9,1.0,0.0,0.0,0.0,0.16666666666666666,0.28867513459481287,0.16666666666666666,,,0.6666666666666666,1.0,0.06666666666666665,0.11547005383792512,0.0
ensemble,full,Reinforcement Learning,9,9,1.0,0.8457142857142856,0.5524861878453038,0.12195121951219512,0.25,0.3818813079129867,0.25,0.9540646527893838,0.6123724356957946,0.5555555555555556,1.0,0.09999999999999999,0.15275252316519464,0.0
ensemble,full,"Example, Overall Clarity & Structure",9,9,1.0,0.059701492537313494,-0.05319148936170226,-0.10769230769230775,0.6111111111111112,0.6972166887783963,0.3333333333333333,0.08294258047937,0.039823008849557515,0.1111111111111111,1.0,0.24444444444444446,0.27888667551135854,0.0
ensemble,full,Definition of Method Overloading,5,5,1.0,0.161849710982659,0.0,-0.19047619047619047,2.2,2.4083189157584592,2.2,0.8427009716003844,0.9128709291752769,0.0,0.4,0.55,0.6020797289396148,0.0
ensemble,full,Definition of Method Overriding,5,5,1.0,0.0,0.0,0.0,3.0,3.1937438845342623,3.0,0.0,0.0,0.0,0.2,0.75,0.7984359711335656,0.0
ensemble,full,Comparision,5,5,1.0,0.1407624633431085,0.12698412698412698,0.0,1.65,1.9137659209004638,-1.15,0.2635231383473649,0.0,0.0,0.2,0.4125,0.47844148022511596,0.0
ensemble,lora,Concept of Histogram Equalization,4,4,1.0,-0.16666666666666674,-0.16666666666666674,-0.19999999999999996,0.875,1.14564392373896,0.625,-0.5222329678670934,-0.5443310539518174,0.25,0.75,0.21875,0.28641098093474,0.0
ensemble,lora,Necessity of Histogram Equalization,4,4,1.0,0.8571428571428572,0.75,0.6,0.125,0.25,-0.125,0.9045340337332909,0.9428090415820634,0.75,1.0,0.03125,0.0625,0.0
ensemble,lora,Concept of Histogram Matching,4,4,1.0,0.4285714285714286,0.33333333333333337,0.2727272727272727,0.5,0.7071067811865476,0.0,0.5222329678670934,0.5443310539518174,0.5,1.0,0.125,0.1767766952966369,0.0
ensemble,lora,Necessity of Histogram Matching,4,4,1.0,0.8571428571428572,0.75,0.6,0.125,0.25,-0.125,0.9045340337332909,0.9428090415820634,0.75,1.0,0.03125,0.0625,0.0
ensemble,lora,Defintion of climate and weather,6,6,1.0,,,,0.0,0.0,0.0,,,1.0,1.0,0.0,0.0,0.0
ensemble,lora,Name of the climate variables,6,6,1.0,0.2139037433155081,0.1923076923076924,0.4545454545454546,0.2916666666666667,0.7144345083117603,0.2916666666666667,0.9999999999999996,1.0,0.8333333333333334,0.8333333333333334,0.14583333333333334,0.3572172541558801,0.0
ensemble,lora,Hemato-biochemical changes in rohu due to an increase of temparature,6,6,1.0,0.0,0.0,0.0,0.08333333333333333,0.2041241452319315,0.08333333333333333,,,0.8333333333333334,1.0,0.041666666666666664,0.10206207261596575,0.0
ensemble,lora,Importance of R² and Variability (eg. 0.85 or 85%) explained by the model,2,2,1.0,,,,1.0,1.0,-1.0,,,0.0,1.0,0.3333333333333333,0.3333333333333333,0.0
ensemble,lora,"Mathematical Expression & Interpretation and Evaluate model performance by               R² ≈ 1 → very good fit 
R² ≈ 0 → poor fit 
R²<0 → model is worse than just using the mean",2,2,1.0,0.0,0.0,0.0,0.25,0.3535533905932738,0.25,,,0.5,1.0,0.08333333333333333,0.11785113019775792,0.0
ensemble,lora,Critical Insight (Limitations / Adjusted R²) and higher R² strengthens confidence,2,2,1.0,0.6666666666666667,0.5,0.33333333333333337,0.125,0.1767766952966369,0.125,1.0,0.9999999999999999,0.5,1.0,0.041666666666666664,0.05892556509887896,0.0
ensemble,lora,Enables comparison between models and overfitting issues,2,2,1.0,,,,0.0,0.0,0.0,,,1.0,1.0,0.0,0.0,0.0
ensemble,lora,Understanding of normalization and related problems(3),10,10,1.0,0.6732673267326732,0.43609022556390975,0.13043478260869557,0.375,0.45414755311462374,-0.125,0.7235680511449364,0.7149844964673565,0.2,1.0,0.125,0.15138251770487457,0.0
ensemble,lora,Explanation of normal forms(3),10,10,1.0,0.8621553884711779,0.6596858638743455,0.23076923076923084,0.325,0.45414755311462374,-0.325,0.9347028551069878,0.938115725992925,0.4,1.0,0.10833333333333332,0.1513825177048746,0.0
ensemble,lora,Use of example(2),10,10,1.0,0.8920863309352518,0.6835443037974683,0.2682926829268292,0.25,0.33541019662496846,-0.15,0.934791400522852,0.8881824274660759,0.4,1.0,0.125,0.16770509831248423,0.0
ensemble,lora,Clear and organized writing(2),10,10,1.0,0.3728362183754993,0.2816901408450704,0.22077922077922074,0.2549999952316284,0.34314719109267305,-0.1549999952316284,0.5667505295285808,0.6527162480791983,0.4,1.0,0.1274999976158142,0.17157359554633653,0.0
ensemble,lora,Understanding of schema and instance (2),6,6,1.0,0.18181818181818177,0.14285714285714268,0.09999999999999987,0.3333333333333333,0.5,-0.16666666666666666,0.24999999999999994,0.25000000000000006,0.5,1.0,0.16666666666666666,0.25,0.0
ensemble,lora,Explanation of different types of keys with examples (4),6,6,1.0,0.37209302325581406,0.21052631578947367,0.09999999999999987,0.4166666666666667,0.6123724356957945,-0.4166666666666667,0.5252257314388904,0.6123724356957945,0.5,1.0,0.10416666666666667,0.15309310892394862,0.0
ensemble,lora,Correct identification of keys in given relation (2),6,6,1.0,0.6865671641791045,0.4642857142857143,0.19999999999999996,0.4166666666666667,0.5400617248673217,0.4166666666666667,0.8711871219403559,0.8333333333333335,0.3333333333333333,1.0,0.20833333333333334,0.27003086243366087,0.0
ensemble,lora,Clear and organized writing (2),6,6,1.0,0.0,0.0,0.0,0.3333333333333333,0.5773502691896257,-0.3333333333333333,,,0.6666666666666666,1.0,0.16666666666666666,0.28867513459481287,0.0
ensemble,lora,Identification of Layers (2 Marks),9,9,1.0,,,,0.0,0.0,0.0,,,1.0,1.0,0.0,0.0,0.0
ensemble,lora,Explanation of Layers with diagram (4 Marks),9,9,1.0,0.6274509803921569,0.4635761589403973,0.2622950819672132,0.5,0.7264831572567789,-0.5,0.7698003589195008,0.743630284721125,0.4444444444444444,0.8888888888888888,0.125,0.18162078931419473,0.0
ensemble,lora,Technical Accuracy (2 Marks),9,9,1.0,0.4338394793926248,0.3612903225806452,0.2622950819672132,0.6111111111111112,0.8975274678557507,-0.3888888888888889,0.4906679199867872,0.47569599145533725,0.4444444444444444,0.8888888888888888,0.3055555555555556,0.44876373392787533,0.0
ensemble,lora,Examples/Protocols(1 Mark),9,9,1.0,0.4255319148936171,0.4,0.3571428571428571,0.2777777777777778,0.5,-0.05555555555555555,0.4287464628562721,0.4082482904638631,0.6666666666666666,1.0,0.2777777777777778,0.5,0.0
ensemble,lora,Clarity & Organization (1 Mark),9,9,1.0,0.3076923076923077,0.3076923076923076,0.3076923076923076,0.3333333333333333,0.5773502691896257,0.1111111111111111,0.3162277660168379,0.31622776601683794,0.6666666666666666,1.0,0.3333333333333333,0.5773502691896257,0.0
ensemble,lora,Definition of Quantization,3,3,1.0,0.0,0.0,0.0,0.16666666666666666,0.28867513459481287,0.16666666666666666,,,0.6666666666666666,1.0,0.06666666666666665,0.11547005383792512,0.0
ensemble,lora,Purpose of Quantization,3,3,1.0,,,,0.0,0.0,0.0,,,1.0,1.0,0.0,0.0,0.0
ensemble,lora,Max-Lloyd Algorithm Explanation,3,3,1.0,0.0,0.0,0.0,0.3333333333333333,0.5773502691896257,0.3333333333333333,,,0.6666666666666666,1.0,0.13333333333333333,0.23094010767585033,0.0
ensemble,lora,Boundary & Centroid Conditions,3,3,1.0,0.0,0.0,0.0,0.6666666666666666,0.816496580927726,0.6666666666666666,,,0.3333333333333333,1.0,0.26666666666666666,0.32659863237109044,0.0
ensemble,lora,Importance of Data Mining Marks=(4),8,8,1.0,0.71875,0.5102040816326531,0.11111111111111116,0.75,1.0606601717798212,0.375,0.7554191132592915,0.608033510325768,0.25,0.875,0.1875,0.2651650429449553,0.0
ensemble,lora,Definition of Data Mining,8,8,1.0,0.717948717948718,0.5555555555555556,0.3191489361702128,0.5,0.82915619758885,-0.25,0.7537346628814316,0.6360650553039009,0.5,0.875,0.125,0.2072890493972125,0.0
ensemble,lora,Example / Application,13,13,1.0,0.7169833111970896,0.6885536823425022,0.6578947368421053,0.5192307692307693,1.346291201783626,-0.09615384615384616,0.719585361746777,0.7131373043214152,0.8461538461538461,0.8461538461538461,0.12980769230769232,0.3365728004459065,0.0
ensemble,lora,KDD Process Steps,8,8,1.0,0.9031339031339032,0.7565217391304347,0.5,0.4375,0.7288689868556626,0.1875,0.9089664121050052,0.8945302703857816,0.625,0.875,0.109375,0.18221724671391565,0.0
ensemble,lora,Understanding of Concept,10,10,1.0,0.11764705882352944,0.09999999999999998,0.07692307692307687,0.45,0.6123724356957945,0.35,0.21821789023599242,0.2182178902359924,0.4,1.0,0.1125,0.15309310892394862,0.0
ensemble,lora,Step-by-Step Procedure,10,10,1.0,0.2666666666666667,0.2222222222222222,0.16666666666666663,0.35,0.5244044240850758,-0.15,0.3042903097250923,0.24397501823713327,0.5,1.0,0.0875,0.13110110602126895,0.0
ensemble,lora,Accuracy of Final Answer,10,10,1.0,0.0,0.0,0.0,0.4,0.6324555320336759,0.0,,,0.6,1.0,0.1,0.15811388300841897,0.0
ensemble,lora,Clarity & Presentation,10,10,1.0,0.19753086419753085,0.16666666666666663,0.13043478260869557,0.35,0.570087712549569,-0.15,0.4444444444444445,0.46481112585226414,0.6,1.0,0.0875,0.14252192813739226,0.0
ensemble,lora,Supervised Learning,9,9,1.0,-0.3076923076923077,-0.2857142857142858,-0.25,0.25,0.3435921354681384,0.08333333333333333,-0.35355339059327384,-0.375,0.4444444444444444,1.0,0.09999999999999998,0.13743685418725532,0.0
ensemble,lora,Unsupervised Learning,9,9,1.0,0.0,0.0,0.0,0.16666666666666666,0.28867513459481287,0.16666666666666666,,,0.6666666666666666,1.0,0.06666666666666665,0.11547005383792512,0.0
ensemble,lora,Reinforcement Learning,9,9,1.0,0.8652246256239601,0.6043956043956045,0.21739130434782605,0.2222222222222222,0.3535533905932738,0.2222222222222222,0.9651632363281055,0.7144345083117604,0.5555555555555556,1.0,0.08888888888888886,0.14142135623730948,0.0
ensemble,lora,"Example, Overall Clarity & Structure",9,9,1.0,0.051118210862619806,-0.10000000000000009,-0.265625,0.6111111111111112,0.67700320038633,0.2222222222222222,0.05988184990466963,0.05286394907921325,0.0,1.0,0.24444444444444446,0.27080128015453203,0.0
ensemble,lora,Definition of Method Overloading,5,5,1.0,0.14141414141414144,0.10256410256410253,0.11764705882352944,1.4,1.8439088914585775,1.4,0.51604684654214,0.5590169943749475,0.4,0.4,0.35,0.4609772228646444,0.0
ensemble,lora,Definition of Method Overriding,5,5,1.0,0.07339449541284404,0.0,-0.19047619047619047,2.1,2.247220505424423,2.1,1.0,1.0,0.0,0.2,0.525,0.5618051263561058,0.0
ensemble,lora,Comparision,5,5,1.0,0.05540166204986152,0.07407407407407407,0.09090909090909094,2.5,2.9197602641312868,-2.5,0.2635231383473649,0.0,0.2,0.2,0.625,0.7299400660328217,0.0
ensemble,zero_shot,Concept of Histogram Equalization,4,4,1.0,0.0,0.0,0.0,0.75,1.118033988749895,0.75,,,0.5,0.75,0.1875,0.2795084971874737,0.0
ensemble,zero_shot,Necessity of Histogram Equalization,4,4,1.0,0.0,0.0,0.0,1.5,1.5811388300841898,1.5,,,0.0,0.5,0.375,0.39528470752104744,0.0
ensemble,zero_shot,Concept of Histogram Matching,4,4,1.0,0.2777777777777778,0.16666666666666663,0.19999999999999996,0.625,0.9013878188659973,0.625,0.870388279778489,0.8164965809277261,0.5,0.75,0.15625,0.22534695471649932,0.0
ensemble,zero_shot,Necessity of Histogram Matching,4,4,1.0,0.05714285714285716,0.0,0.0,1.375,1.4361406616345072,1.375,0.5773502691896256,0.5773502691896257,0.0,0.5,0.34375,0.3590351654086268,0.0
ensemble,zero_shot,Defintion of climate and weather,6,6,1.0,0.0,0.0,0.0,0.5416666666666666,0.5496210815947049,-0.5416666666666666,,,0.0,1.0,0.2708333333333333,0.27481054079735245,0.0
ensemble,zero_shot,Name of the climate variables,6,6,1.0,0.0,0.0,0.0,0.6666666666666666,0.7637626158259734,-0.16666666666666666,,,0.0,0.8333333333333334,0.3333333333333333,0.3818813079129867,0.0
ensemble,zero_shot,Hemato-biochemical changes in rohu due to an increase of temparature,6,6,1.0,-0.125,-0.09090909090909083,-0.05882352941176472,0.3333333333333333,0.3535533905932738,-0.25,-0.316227766016838,-0.316227766016838,0.0,1.0,0.16666666666666666,0.1767766952966369,0.0
ensemble,zero_shot,Importance of R² and Variability (eg. 0.85 or 85%) explained by the model,2,2,1.0,0.0,0.0,0.0,0.75,0.7905694150420949,-0.75,,,0.0,1.0,0.24999999999999997,0.2635231383473649,0.0
ensemble,zero_shot,"Mathematical Expression & Interpretation and Evaluate model performance by               R² ≈ 1 → very good fit 
R² ≈ 0 → poor fit 
R²<0 → model is worse than just using the mean",2,2,1.0,,,,1.5,1.5,1.5,,,0.0,0.0,0.5,0.5,0.0
ensemble,zero_shot,Critical Insight (Limitations / Adjusted R²) and higher R² strengthens confidence,2,2,1.0,0.11111111111111116,0.0,0.0,1.0,1.0,1.0,1.0,0.9999999999999999,0.0,1.0,0.33333333333333337,0.33333333333333337,0.0
ensemble,zero_shot,Enables comparison between models and overfitting issues,2,2,1.0,0.0,0.0,0.0,0.75,0.7905694150420949,0.75,,,0.0,1.0,0.25,0.26352313834736496,0.0
ensemble,zero_shot,Understanding of normalization and related problems(3),10,10,1.0,0.19417475728155342,0.0625,-0.046511627906976605,0.9,1.0185774393731681,-0.9,0.7099522928088311,0.7095748751868992,0.1,0.6,0.3,0.33952581312438934,0.0
ensemble,zero_shot,Explanation of normal forms(3),10,10,1.0,0.6713852376137512,0.4101123595505618,0.010989010989011172,0.525,0.6373774391990981,-0.475,0.8394873490604253,0.8915967995350681,0.1,0.9,0.175,0.21245914639969934,0.0
ensemble,zero_shot,Use of example(2),10,10,1.0,0.3843843843843844,0.1823899371069182,0.021739130434782483,0.65,0.7158910531638176,-0.25,0.5280247682426917,0.687304199232634,0.1,0.9,0.325,0.3579455265819088,0.0
ensemble,zero_shot,Clear and organized writing(2),10,10,1.0,-0.15304347826086961,0.050000000000000044,0.25,0.3799999952316284,0.575760366405298,0.3700000047683716,-0.4878060966671741,-0.46126560401444255,0.4,0.9,0.1899999976158142,0.287880183202649,0.0
ensemble,zero_shot,Understanding of schema and instance (2),6,6,1.0,0.09302325581395343,0.05263157894736836,0.0,0.5,0.5204164998665332,0.25,0.25,0.25000000000000006,0.0,1.0,0.25,0.2602082499332666,0.0
ensemble,zero_shot,Explanation of different types of keys with examples (4),6,6,1.0,0.34782608695652184,0.21052631578947378,0.11764705882352944,0.4166666666666667,0.45643546458763845,0.25,0.6324555320336759,0.632455532033676,0.16666666666666666,1.0,0.10416666666666667,0.11410886614690961,0.0
ensemble,zero_shot,Correct identification of keys in given relation (2),6,6,1.0,0.3168316831683168,0.15999999999999992,0.0,0.5833333333333334,0.6922186552431729,0.4166666666666667,0.6859943405700352,0.6708203932499369,0.0,0.8333333333333334,0.2916666666666667,0.34610932762158647,0.0
ensemble,zero_shot,Clear and organized writing (2),6,6,1.0,-0.10526315789473695,-0.05882352941176472,0.0,0.5,0.5400617248673217,0.08333333333333333,-0.15811388300841897,-0.11180339887498951,0.0,1.0,0.25,0.27003086243366087,0.0
ensemble,zero_shot,Identification of Layers (2 Marks),9,9,1.0,,,,0.0,0.0,0.0,,,1.0,1.0,0.0,0.0,0.0
ensemble,zero_shot,Explanation of Layers with diagram (4 Marks),9,9,1.0,0.5161290322580645,0.31932773109243706,0.11267605633802824,0.5,0.6454972243679028,0.16666666666666666,0.6666666666666665,0.7005166394541487,0.2222222222222222,0.8888888888888888,0.125,0.1613743060919757,0.0
ensemble,zero_shot,Technical Accuracy (2 Marks),9,9,1.0,0.047477744807121525,0.0,0.0,0.75,0.8620067027323833,0.4722222222222222,0.21320071635561047,0.19518001458970663,0.0,0.7777777777777778,0.375,0.43100335136619167,0.0
ensemble,zero_shot,Examples/Protocols(1 Mark),9,9,1.0,0.0,0.0,0.0,0.5,0.5,-0.16666666666666666,,,0.0,1.0,0.5,0.5,0.0
ensemble,zero_shot,Clarity & Organization (1 Mark),9,9,1.0,0.055944055944055826,0.03389830508474556,0.0,0.5277777777777778,0.5590169943749475,0.3055555555555556,0.15811388300841897,0.15811388300841897,0.0,1.0,0.5277777777777778,0.5590169943749475,0.0
ensemble,zero_shot,Definition of Quantization,3,3,1.0,0.0,0.0,0.0,0.25,0.25,-0.08333333333333333,,,0.0,1.0,0.09999999999999998,0.09999999999999998,0.0
ensemble,zero_shot,Purpose of Quantization,3,3,1.0,0.0,0.0,0.0,0.3333333333333333,0.3535533905932738,-0.3333333333333333,,,0.0,1.0,0.1333333333333333,0.14142135623730948,0.0
ensemble,zero_shot,Max-Lloyd Algorithm Explanation,3,3,1.0,0.0,0.0,0.0,0.5,0.5,-0.16666666666666666,,,0.0,1.0,0.19999999999999998,0.2,0.0
ensemble,zero_shot,Boundary & Centroid Conditions,3,3,1.0,-0.23529411764705888,-0.125,0.0,0.5,0.5400617248673217,0.0,-0.49999999999999994,-0.5000000000000001,0.0,1.0,0.20000000000000004,0.21602468994692872,0.0
ensemble,zero_shot,Importance of Data Mining Marks=(4),8,8,1.0,0.3626373626373627,0.22580645161290325,0.1578947368421053,1.125,1.346291201783626,0.75,0.4958623105488097,0.6800604525048979,0.25,0.5,0.28125,0.3365728004459065,0.0
ensemble,zero_shot,Definition of Data Mining,8,8,1.0,0.8793103448275862,0.6825396825396826,0.34693877551020413,0.3125,0.46770717334674267,-0.1875,0.8980599244521363,0.7436978013636227,0.5,1.0,0.078125,0.11692679333668567,0.0
ensemble,zero_shot,Example / Application,13,13,1.0,0.4946578767901796,0.30066322770817977,0.02499999999999991,1.4038461538461537,1.5704604910172537,0.7884615384615384,0.7089490077940541,0.8370178029141373,0.07692307692307693,0.46153846153846156,0.35096153846153844,0.39261512275431343,0.0
ensemble,zero_shot,KDD Process Steps,8,8,1.0,0.808,0.5384615384615384,0.09433962264150941,0.75,0.8660254037844386,-0.25,0.9060938341128382,0.9144087208387989,0.25,1.0,0.1875,0.21650635094610965,0.0
ensemble,zero_shot,Understanding of Concept,10,10,1.0,0.24,0.15384615384615385,0.05882352941176472,0.55,0.689202437604511,-0.35,0.29851115706299675,0.29211869733608864,0.2,0.9,0.1375,0.17230060940112776,0.0
ensemble,zero_shot,Step-by-Step Procedure,10,10,1.0,0.08026755852842804,-0.06060606060606055,-0.1428571428571428,0.7,0.82915619758885,-0.6,0.1594482010358202,0.19084525517264356,0.2,0.9,0.175,0.2072890493972125,0.0
ensemble,zero_shot,Accuracy of Final Answer,10,10,1.0,0.12182741116751272,0.05405405405405406,0.04761904761904745,0.875,1.039831717154271,0.875,0.46291004988627565,0.4321208107251124,0.2,0.8,0.21875,0.25995792928856776,0.0
ensemble,zero_shot,Clarity & Presentation,10,10,1.0,-0.15999999999999992,-0.08333333333333326,0.0,0.65,0.85146931829632,-0.45,-0.33333333333333337,-0.3187276291558383,0.3,0.8,0.1625,0.21286732957408,0.0
ensemble,zero_shot,Supervised Learning,9,9,1.0,-0.06451612903225801,-0.05882352941176472,-0.050000000000000044,0.3333333333333333,0.39086797998528583,-0.2777777777777778,-0.18898223650461365,-0.1889822365046136,0.2222222222222222,1.0,0.1333333333333333,0.1563471919941143,0.0
ensemble,zero_shot,Unsupervised Learning,9,9,1.0,0.0,0.0,0.0,0.3333333333333333,0.408248290463863,-0.3333333333333333,,,0.3333333333333333,1.0,0.1333333333333333,0.16329931618554516,0.0
ensemble,zero_shot,Reinforcement Learning,9,9,1.0,0.5229681978798586,0.2622950819672131,0.05263157894736836,0.4166666666666667,0.5590169943749475,-0.1388888888888889,0.9540646527893837,0.6123724356957946,0.3333333333333333,0.8888888888888888,0.16666666666666663,0.22360679774997894,0.0
ensemble,zero_shot,"Example, Overall Clarity & Structure",9,9,1.0,-0.1178947368421055,-0.036363636363636376,0.08695652173913038,0.5277777777777778,0.6400954789890507,0.25,-0.2862512870383358,-0.2514706009195581,0.2222222222222222,0.8888888888888888,0.21111111111111114,0.2560381915956203,0.0
ensemble,zero_shot,Definition of Method Overloading,5,5,1.0,0.0,0.0,0.0,1.6,2.0976176963403033,1.6,,,0.4,0.4,0.4,0.5244044240850758,0.0
ensemble,zero_shot,Definition of Method Overriding,5,5,1.0,0.0,0.0,0.0,2.5,2.692582403567252,2.5,,,0.0,0.2,0.625,0.673145600891813,0.0
ensemble,zero_shot,Comparision,5,5,1.0,-0.08163265306122458,-0.031746031746031855,0.04761904761904767,1.3,1.6278820596099706,-0.1,-0.32274861218395123,-0.3952847075210474,0.2,0.6,0.325,0.40697051490249264,0.0
internvl3,few_shot,Supervised Learning,9,9,1.0,0.0,0.0,0.0,0.3333333333333333,0.408248290463863,-0.3333333333333333,,,0.3333333333333333,1.0,0.1333333333333333,0.16329931618554516,0.0
internvl3,few_shot,Unsupervised Learning,9,9,1.0,0.0,0.0,0.0,0.3333333333333333,0.408248290463863,-0.3333333333333333,,,0.3333333333333333,1.0,0.1333333333333333,0.16329931618554516,0.0
internvl3,few_shot,Reinforcement Learning,9,9,1.0,0.8465909090909091,0.5344827586206895,0.0847457627118644,0.3333333333333333,0.408248290463863,-0.3333333333333333,0.9605110355785013,0.7144345083117604,0.3333333333333333,1.0,0.1333333333333333,0.1632993161855452,0.0
internvl3,few_shot,"Example, Overall Clarity & Structure",9,9,1.0,0.22413793103448265,0.09999999999999998,-0.016129032258064502,0.4444444444444444,0.5270462766947299,0.2222222222222222,0.47918635750341576,0.4938784559013885,0.2222222222222222,1.0,0.17777777777777778,0.21081851067789198,0.0
internvl3,few_shot,Defintion of climate and weather,6,6,1.0,0.0,0.0,0.0,1.1666666666666667,1.224744871391589,-1.1666666666666667,,,0.0,0.8333333333333334,0.5833333333333334,0.6123724356957945,0.0
internvl3,few_shot,Name of the climate variables,6,6,1.0,-0.07999999999999985,-0.04999999999999982,-0.028571428571428692,1.1666666666666667,1.224744871391589,-0.8333333333333334,-0.2,-0.20000000000000007,0.0,0.8333333333333334,0.5833333333333334,0.6123724356957945,0.0
internvl3,few_shot,Hemato-biochemical changes in rohu due to an increase of temparature,6,6,1.0,-0.03200000000000003,0.0,0.0,0.8333333333333334,0.9464847243000456,-0.8333333333333334,-0.20000000000000012,-0.20000000000000007,0.0,0.8333333333333334,0.4166666666666667,0.4732423621500228,0.0
internvl3,few_shot,Understanding of Concept,10,10,1.0,0.043165467625899234,0.0357142857142857,0.0,1.35,1.823458252881047,-1.15,0.10874991503916212,0.14231361339296403,0.2,0.7,0.3375,0.45586456322026175,0.0
internvl3,few_shot,Step-by-Step Procedure,10,10,1.0,0.17391304347826086,0.21052631578947367,0.32432432432432434,0.9,1.378404875209022,-0.9,0.3651483716701108,0.29814239699997197,0.5,0.7,0.225,0.3446012188022555,0.0
internvl3,few_shot,Accuracy of Final Answer,10,10,1.0,0.2666666666666667,0.1428571428571429,0.04761904761904767,1.2,1.4832396974191326,0.2,0.39528470752104733,0.3952847075210474,0.2,0.7,0.3,0.37080992435478316,0.0
internvl3,few_shot,Clarity & Presentation,10,10,1.0,-0.12456747404844282,-0.14130434782608692,-0.11111111111111116,1.05,1.2747548783981961,-0.75,-0.20751433915982245,-0.23674493952985348,0.2,0.7,0.2625,0.31868871959954903,0.0
internvl3,few_shot,Concept of Histogram Equalization,4,4,1.0,0.35,0.0,-0.33333333333333326,0.875,0.9013878188659973,0.375,0.4061811972299617,0.38888888888888895,0.0,1.0,0.21875,0.22534695471649932,0.0
internvl3,few_shot,Necessity of Histogram Equalization,4,4,1.0,0.1132075471698113,0.0,-0.1428571428571428,1.625,1.713913650100261,1.625,0.5773502691896257,0.5773502691896257,0.0,0.25,0.40625,0.42847841252506524,0.0
internvl3,few_shot,Concept of Histogram Matching,4,4,1.0,0.25,0.06666666666666665,-0.06666666666666665,0.875,0.9682458365518543,0.125,0.25482359571881275,0.316227766016838,0.0,0.75,0.21875,0.24206145913796356,0.0
internvl3,few_shot,Necessity of Histogram Matching,4,4,1.0,0.1132075471698113,0.0,-0.1428571428571428,1.625,1.713913650100261,1.625,0.5773502691896257,0.5773502691896257,0.0,0.25,0.40625,0.42847841252506524,0.0
internvl3,few_shot,Understanding of schema and instance (2),6,6,1.0,0.12903225806451624,0.0,-0.12499999999999978,1.1666666666666667,1.224744871391589,-1.1666666666666667,0.6324555320336758,0.632455532033676,0.0,0.8333333333333334,0.5833333333333334,0.6123724356957945,0.0
internvl3,few_shot,Explanation of different types of keys with examples (4),6,6,1.0,0.07692307692307676,-2.220446049250313e-16,-0.07142857142857162,1.0,1.1547005383792515,-1.0,0.2499999999999999,0.25000000000000006,0.16666666666666666,0.8333333333333334,0.25,0.28867513459481287,0.0
internvl3,few_shot,Correct identification of keys in given relation (2),6,6,1.0,0.23529411764705876,0.16666666666666663,0.06250000000000011,0.8333333333333334,1.0408329997330663,-0.6666666666666666,0.34299717028501775,0.33541019662496846,0.16666666666666666,0.8333333333333334,0.4166666666666667,0.5204164998665332,0.0
internvl3,few_shot,Clear and organized writing (2),6,6,1.0,0.3265306122448979,0.08695652173913038,-0.07142857142857162,0.5833333333333334,0.67700320038633,-0.4166666666666667,0.4417261042993862,0.4264014327112209,0.16666666666666666,1.0,0.2916666666666667,0.338501600193165,0.0
internvl3,few_shot,Definition of Method Overloading,5,5,1.0,-0.06060606060606055,-0.11111111111111116,-0.0869565217391306,1.6,1.6733200530681511,0.8,-0.14744195615489708,0.0,0.0,0.4,0.4,0.4183300132670378,0.0
internvl3,few_shot,Definition of Method Overriding,5,5,1.0,-0.24489795918367352,-0.1643835616438356,0.0,1.7,1.746424919657298,1.1,-0.6123724356957945,-0.6123724356957945,0.0,0.2,0.425,0.4366062299143245,0.0
internvl3,few_shot,Comparision,5,5,1.0,0.5833333333333333,0.375,0.13043478260869557,1.2,1.4142135623730951,-1.2,0.922330984215777,0.7499999999999999,0.2,0.6,0.3,0.3535533905932738,0.0
internvl3,few_shot,Example / Application,13,13,1.0,0.5275908479138627,0.33447098976109224,0.12030075187969913,1.1538461538461537,1.4411533842457842,0.07692307692307693,0.6338562626601718,0.6433623351888286,0.3076923076923077,0.5384615384615384,0.28846153846153844,0.36028834606144605,0.0
internvl3,few_shot,Definition of Data Mining,8,8,1.0,0.4736842105263158,0.23809523809523814,-0.03703703703703698,1.0,1.118033988749895,-1.0,0.8783100656536798,0.8499999999999999,0.125,0.875,0.25,0.2795084971874737,0.0
internvl3,few_shot,KDD Process Steps,8,8,1.0,0.620253164556962,0.4098360655737705,0.1724137931034483,1.125,1.3693063937629153,-1.125,0.9563820714895626,0.8770580193070292,0.25,0.625,0.28125,0.3423265984407288,0.0
internvl3,few_shot,Importance of Data Mining Marks=(4),8,8,1.0,0.2615384615384615,0.25,0.23809523809523814,0.75,1.224744871391589,-0.25,0.34927410705250356,0.5491696473652761,0.5,0.875,0.1875,0.30618621784789724,0.0
internvl3,few_shot,Understanding of normalization and related problems(3),10,10,1.0,0.026905829596412523,0.0,0.0,2.25,2.329162939770423,-2.25,0.35355339059327373,0.3464674335917916,0.0,0.0,0.7500000000000001,0.7763876465901411,0.0
internvl3,few_shot,Explanation of normal forms(3),10,10,1.0,0.0,0.0,0.0,1.8,1.9621416870348585,-1.8,,,0.0,0.3,0.6,0.6540472290116194,0.0
internvl3,few_shot,Use of example(2),10,10,1.0,-0.05566218809980805,-0.05633802816901401,-0.09756097560975618,1.5,1.6583123951777,-1.4,-0.6126001088403286,-0.5249994873054386,0.1,0.3,0.75,0.82915619758885,0.0
internvl3,few_shot,Clear and organized writing(2),10,10,1.0,0.02826267664172899,0.05102040816326525,0.01098901098901095,0.9299999952316285,1.0812030279287208,-0.9299999952316285,0.1025903596939132,-0.04348853820356281,0.1,0.5,0.46499999761581423,0.5406015139643604,0.0
internvl3,few_shot,Definition of Quantization,3,3,1.0,0.0,0.0,0.0,0.3333333333333333,0.408248290463863,-0.3333333333333333,,,0.3333333333333333,1.0,0.1333333333333333,0.16329931618554516,0.0
internvl3,few_shot,Purpose of Quantization,3,3,1.0,,,,0.5,0.5,-0.5,,,0.0,1.0,0.19999999999999996,0.19999999999999996,0.0
internvl3,few_shot,Max-Lloyd Algorithm Explanation,3,3,1.0,-0.2857142857142858,-0.20000000000000018,-0.125,0.6666666666666666,0.7071067811865476,-0.3333333333333333,-0.49999999999999994,-0.5000000000000001,0.0,1.0,0.26666666666666666,0.28284271247461906,0.0
internvl3,few_shot,Boundary & Centroid Conditions,3,3,1.0,0.0,0.0,0.0,0.8333333333333334,0.9574271077563381,-0.8333333333333334,,,0.0,0.6666666666666666,0.3333333333333333,0.3829708431025352,0.0
internvl3,few_shot,Importance of R² and Variability (eg. 0.85 or 85%) explained by the model,2,2,1.0,0.0,0.0,0.0,1.75,1.7677669529663689,-1.75,,,0.0,0.0,0.5833333333333333,0.5892556509887896,0.0
internvl3,few_shot,"Mathematical Expression & Interpretation and Evaluate model performance by               R² ≈ 1 → very good fit 
R² ≈ 0 → poor fit 
R²<0 → model is worse than just using the mean",2,2,1.0,,,,0.0,0.0,0.0,,,1.0,1.0,0.0,0.0,0.0
internvl3,few_shot,Critical Insight (Limitations / Adjusted R²) and higher R² strengthens confidence,2,2,1.0,0.0,0.0,0.0,0.25,0.3535533905932738,-0.25,,,0.5,1.0,0.08333333333333333,0.11785113019775792,0.0
internvl3,few_shot,Enables comparison between models and overfitting issues,2,2,1.0,0.0,0.0,0.0,0.25,0.3535533905932738,-0.25,,,0.5,1.0,0.08333333333333333,0.11785113019775792,0.0
internvl3,few_shot,Identification of Layers (2 Marks),9,9,1.0,0.0,0.0,0.0,0.3888888888888889,0.6009252125773316,-0.3888888888888889,,,0.5555555555555556,1.0,0.19444444444444445,0.3004626062886658,0.0
internvl3,few_shot,Explanation of Layers with diagram (4 Marks),9,9,1.0,0.3529411764705882,0.12903225806451613,-0.09090909090909105,1.0,1.1055415967851334,-1.0,0.8660254037844385,0.9045340337332909,0.1111111111111111,0.8888888888888888,0.25,0.27638539919628335,0.0
internvl3,few_shot,Technical Accuracy (2 Marks),9,9,1.0,0.1686746987951807,0.1325301204819278,0.059701492537313494,0.8888888888888888,1.130388330520878,-0.7777777777777778,0.2820380374088831,0.2766416675862441,0.2222222222222222,0.7777777777777778,0.4444444444444444,0.565194165260439,0.0
internvl3,few_shot,Examples/Protocols(1 Mark),9,9,1.0,0.12903225806451601,0.11764705882352944,0.10000000000000009,0.5555555555555556,0.7071067811865476,-0.5555555555555556,0.3779644730092272,0.3779644730092272,0.3333333333333333,1.0,0.5555555555555556,0.7071067811865476,0.0
internvl3,few_shot,Clarity & Organization (1 Mark),9,9,1.0,0.2499999999999999,0.14285714285714268,0.07692307692307687,0.4444444444444444,0.4714045207910317,0.2222222222222222,0.5,0.5,0.1111111111111111,1.0,0.4444444444444444,0.4714045207910317,0.0
internvl3,full,Supervised Learning,9,9,1.0,0.0,0.0,0.0,0.16666666666666666,0.28867513459481287,0.16666666666666666,,,0.6666666666666666,1.0,0.06666666666666665,0.11547005383792512,0.0
internvl3,full,Unsupervised Learning,9,9,1.0,0.0,0.0,0.0,0.16666666666666666,0.28867513459481287,0.16666666666666666,,,0.6666666666666666,1.0,0.06666666666666665,0.11547005383792512,0.0
internvl3,full,Reinforcement Learning,9,9,1.0,0.9319899244332494,0.7326732673267327,0.32500000000000007,0.16666666666666666,0.28867513459481287,0.16666666666666666,0.9540646527893837,0.6123724356957946,0.6666666666666666,1.0,0.06666666666666665,0.11547005383792512,0.0
internvl3,full,"Example, Overall Clarity & Structure",9,9,1.0,0.368421052631579,0.16666666666666652,-0.050000000000000044,0.5555555555555556,0.6666666666666666,0.4444444444444444,0.5160468465421401,0.5173964776109785,0.2222222222222222,1.0,0.2222222222222222,0.2666666666666667,0.0
internvl3,full,Defintion of climate and weather,6,6,1.0,,,,0.0,0.0,0.0,,,1.0,1.0,0.0,0.0,0.0
internvl3,full,Name of the climate variables,6,6,1.0,0.0,0.0,0.0,0.3333333333333333,0.816496580927726,0.3333333333333333,,,0.8333333333333334,0.8333333333333334,0.16666666666666666,0.408248290463863,0.0
internvl3,full,Hemato-biochemical changes in rohu due to an increase of temparature,6,6,1.0,0.0,0.0,0.0,0.08333333333333333,0.2041241452319315,0.08333333333333333,,,0.8333333333333334,1.0,0.041666666666666664,0.10206207261596575,0.0
internvl3,full,Understanding of Concept,10,10,1.0,0.6,0.6,0.6,0.2,0.4472135954999579,0.2,0.6546536707079771,0.6546536707079771,0.8,1.0,0.05,0.11180339887498948,0.0
internvl3,full,Step-by-Step Procedure,10,10,1.0,0.2857142857142857,0.2857142857142857,0.2857142857142857,0.4,0.6324555320336759,0.4,0.4082482904638631,0.408248290463863,0.6,1.0,0.1,0.15811388300841897,0.0
internvl3,full,Accuracy of Final Answer,10,10,1.0,0.0,0.0,0.0,0.4,0.6324555320336759,0.0,,,0.6,1.0,0.1,0.15811388300841897,0.0
internvl3,full,Clarity & Presentation,10,10,1.0,0.34782608695652173,0.31818181818181823,0.30232558139534893,0.3,0.5477225575051661,-0.1,0.4444444444444445,0.46481112585226414,0.7,1.0,0.075,0.13693063937629152,0.0
internvl3,full,Concept of Histogram Equalization,4,4,1.0,0.5555555555555556,0.33333333333333337,0.11111111111111116,0.5,0.7071067811865476,0.5,0.8703882797784892,0.8164965809277261,0.5,1.0,0.125,0.1767766952966369,0.0
internvl3,full,Necessity of Histogram Equalization,4,4,1.0,0.0,0.0,0.0,0.5,0.7071067811865476,0.5,,,0.5,1.0,0.125,0.1767766952966369,0.0
internvl3,full,Concept of Histogram Matching,4,4,1.0,0.5555555555555556,0.33333333333333337,0.11111111111111116,0.5,0.7071067811865476,0.5,0.8703882797784892,0.8164965809277261,0.5,1.0,0.125,0.1767766952966369,0.0
internvl3,full,Necessity of Histogram Matching,4,4,1.0,0.5,0.5,0.5,0.25,0.5,0.25,0.5773502691896258,0.5773502691896257,0.75,1.0,0.0625,0.125,0.0
internvl3,full,Understanding of schema and instance (2),6,6,1.0,0.2499999999999999,0.2499999999999999,0.25,0.3333333333333333,0.5773502691896257,0.0,0.24999999999999997,0.25000000000000006,0.6666666666666666,1.0,0.16666666666666666,0.28867513459481287,0.0
internvl3,full,Explanation of different types of keys with examples (4),6,6,1.0,0.0,0.0,0.0,0.3333333333333333,0.5773502691896257,-0.3333333333333333,,,0.6666666666666666,1.0,0.08333333333333333,0.14433756729740643,0.0
internvl3,full,Correct identification of keys in given relation (2),6,6,1.0,0.47058823529411753,0.3076923076923076,0.18181818181818177,0.5,0.7071067811865476,0.5,0.6859943405700353,0.6708203932499369,0.5,1.0,0.25,0.3535533905932738,0.0
internvl3,full,Clear and organized writing (2),6,6,1.0,0.0,0.0,0.0,0.3333333333333333,0.5773502691896257,-0.3333333333333333,,,0.6666666666666666,1.0,0.16666666666666666,0.28867513459481287,0.0
internvl3,full,Definition of Method Overloading,5,5,1.0,0.161849710982659,0.0,-0.19047619047619047,2.2,2.4083189157584592,2.2,0.8427009716003843,0.9128709291752769,0.0,0.4,0.55,0.6020797289396148,0.0
internvl3,full,Definition of Method Overriding,5,5,1.0,-0.041450777202072464,0.0,0.0,2.9,3.170173496829472,2.9,-0.40824829046386296,-0.408248290463863,0.0,0.2,0.725,0.792543374207368,0.0
internvl3,full,Comparision,5,5,1.0,0.0,0.0,0.0,3.0,3.3763886032268267,-3.0,,,0.2,0.2,0.75,0.8440971508067067,0.0
internvl3,full,Example / Application,13,13,1.0,0.6032315978456014,0.563758389261745,0.5411764705882353,0.7692307692307693,1.6172150801252798,0.15384615384615385,0.6058392513710817,0.6405884289881729,0.7692307692307693,0.7692307692307693,0.19230769230769232,0.40430377003131995,0.0
internvl3,full,Definition of Data Mining,8,8,1.0,0.8285714285714285,0.6363636363636364,0.3846153846153846,0.375,0.6123724356957945,0.125,0.8424396959724838,0.7171371656006362,0.625,1.0,0.09375,0.15309310892394862,0.0
internvl3,full,KDD Process Steps,8,8,1.0,0.7634408602150538,0.6551724137931034,0.4666666666666667,0.625,1.1726039399558574,0.375,0.7828713419163591,0.7703288865196434,0.625,0.875,0.15625,0.29315098498896436,0.0
internvl3,full,Importance of Data Mining Marks=(4),8,8,1.0,0.3555555555555555,0.2666666666666667,0.020408163265306145,1.375,1.9039432764659772,0.875,0.4372498751553574,0.26315789473684215,0.25,0.75,0.34375,0.4759858191164943,0.0
internvl3,full,Understanding of normalization and related problems(3),10,10,1.0,0.6060606060606061,0.4155844155844156,0.2222222222222222,0.45,0.570087712549569,-0.45,0.8380019039424889,0.8221083073205848,0.3,1.0,0.15,0.190029237516523,0.0
internvl3,full,Explanation of normal forms(3),10,10,1.0,0.7727272727272727,0.625,0.45945945945945954,0.3,0.5,-0.3,0.8603873508150983,0.8957816137226321,0.6,1.0,0.1,0.16666666666666669,0.0
internvl3,full,Use of example(2),10,10,1.0,0.3939393939393939,0.20454545454545459,0.03614457831325313,0.7,0.8366600265340756,-0.4,0.47244209270135834,0.4385199443606496,0.2,0.9,0.35,0.4183300132670378,0.0
internvl3,full,Clear and organized writing(2),10,10,1.0,0.2947368421052632,0.06666666666666665,-0.11111111111111094,0.27999999523162844,0.36606010044660325,0.12000000476837158,0.38018781309297256,0.282466341433016,0.4,1.0,0.13999999761581422,0.18303005022330163,0.0
internvl3,full,Definition of Quantization,3,3,1.0,0.0,0.0,0.0,0.16666666666666666,0.28867513459481287,0.16666666666666666,,,0.6666666666666666,1.0,0.06666666666666665,0.11547005383792512,0.0
internvl3,full,Purpose of Quantization,3,3,1.0,,,,0.0,0.0,0.0,,,1.0,1.0,0.0,0.0,0.0
internvl3,full,Max-Lloyd Algorithm Explanation,3,3,1.0,0.0,0.0,0.0,0.3333333333333333,0.5773502691896257,0.3333333333333333,,,0.6666666666666666,1.0,0.13333333333333333,0.23094010767585033,0.0
internvl3,full,Boundary & Centroid Conditions,3,3,1.0,0.0,0.0,0.0,0.6666666666666666,0.816496580927726,0.6666666666666666,,,0.3333333333333333,1.0,0.26666666666666666,0.32659863237109044,0.0
internvl3,full,Importance of R² and Variability (eg. 0.85 or 85%) explained by the model,2,2,1.0,0.0,0.0,0.0,0.5,0.7071067811865476,-0.5,,,0.5,1.0,0.16666666666666666,0.23570226039551584,0.0
internvl3,full,"Mathematical Expression & Interpretation and Evaluate model performance by               R² ≈ 1 → very good fit 
R² ≈ 0 → poor fit 
R²<0 → model is worse than just using the mean",2,2,1.0,,,,0.0,0.0,0.0,,,1.0,1.0,0.0,0.0,0.0
internvl3,full,Critical Insight (Limitations / Adjusted R²) and higher R² strengthens confidence,2,2,1.0,0.0,0.0,0.0,0.25,0.3535533905932738,0.25,,,0.5,1.0,0.08333333333333333,0.11785113019775792,0.0
internvl3,full,Enables comparison between models and overfitting issues,2,2,1.0,0.0,0.0,0.0,0.25,0.3535533905932738,0.25,,,0.5,1.0,0.08333333333333333,0.11785113019775792,0.0
internvl3,full,Identification of Layers (2 Marks),9,9,1.0,,,,0.0,0.0,0.0,,,1.0,1.0,0.0,0.0,0.0
internvl3,full,Explanation of Layers with diagram (4 Marks),9,9,1.0,0.27586206896551724,0.08695652173913038,-0.050000000000000044,0.7777777777777778,0.8819171036881969,-0.5555555555555556,0.5773502691896258,0.6030226891555273,0.2222222222222222,1.0,0.19444444444444445,0.22047927592204922,0.0
internvl3,full,Technical Accuracy (2 Marks),9,9,1.0,0.4545454545454545,0.3571428571428571,0.2499999999999999,0.6666666666666666,0.9428090415820634,-0.4444444444444444,0.5330017908890261,0.5367450401216932,0.4444444444444444,0.8888888888888888,0.3333333333333333,0.4714045207910317,0.0
internvl3,full,Examples/Protocols(1 Mark),9,9,1.0,0.7692307692307692,0.7692307692307692,0.7692307692307692,0.1111111111111111,0.3333333333333333,-0.1111111111111111,0.7905694150420949,0.7905694150420948,0.8888888888888888,1.0,0.1111111111111111,0.3333333333333333,0.0
internvl3,full,Clarity & Organization (1 Mark),9,9,1.0,0.7692307692307692,0.7692307692307692,0.7692307692307692,0.1111111111111111,0.3333333333333333,0.1111111111111111,0.7905694150420948,0.7905694150420948,0.8888888888888888,1.0,0.1111111111111111,0.3333333333333333,0.0
internvl3,lora,Supervised Learning,9,9,1.0,-0.20000000000000018,-0.20000000000000018,-0.20000000000000018,0.2222222222222222,0.3333333333333333,0.1111111111111111,-0.25000000000000006,-0.25,0.5555555555555556,1.0,0.08888888888888886,0.1333333333333333,0.0
internvl3,lora,Unsupervised Learning,9,9,1.0,0.0,0.0,0.0,0.16666666666666666,0.28867513459481287,0.16666666666666666,,,0.6666666666666666,1.0,0.06666666666666665,0.11547005383792512,0.0
internvl3,lora,Reinforcement Learning,9,9,1.0,0.9538461538461539,0.8235294117647058,0.5714285714285714,0.1111111111111111,0.23570226039551584,0.1111111111111111,0.9640541410352403,0.7144345083117604,0.7777777777777778,1.0,0.04444444444444443,0.09428090415820631,0.0
internvl3,lora,"Example, Overall Clarity & Structure",9,9,1.0,0.10526315789473673,-0.06451612903225801,-0.20000000000000018,0.6111111111111112,0.6871842709362768,0.2777777777777778,0.1276884796138123,0.13578136164839208,0.1111111111111111,1.0,0.24444444444444446,0.27487370837451075,0.0
internvl3,lora,Defintion of climate and weather,6,6,1.0,,,,0.0,0.0,0.0,,,1.0,1.0,0.0,0.0,0.0
internvl3,lora,Name of the climate variables,6,6,1.0,0.17582417582417575,0.1428571428571428,0.2500000000000001,0.3333333333333333,0.7216878364870323,0.25,0.6324555320336759,0.632455532033676,0.6666666666666666,0.8333333333333334,0.16666666666666666,0.36084391824351614,0.0
internvl3,lora,Hemato-biochemical changes in rohu due to an increase of temparature,6,6,1.0,0.0,0.0,0.0,0.08333333333333333,0.2041241452319315,0.08333333333333333,,,0.8333333333333334,1.0,0.041666666666666664,0.10206207261596575,0.0
internvl3,lora,Understanding of Concept,10,10,1.0,0.19999999999999996,0.19999999999999996,0.19999999999999996,0.4,0.6324555320336759,0.4,0.33333333333333337,0.3333333333333333,0.6,1.0,0.1,0.15811388300841897,0.0
internvl3,lora,Step-by-Step Procedure,10,10,1.0,0.2857142857142857,0.2857142857142857,0.2857142857142857,0.3,0.5477225575051661,-0.3,0.40824829046386313,0.40824829046386296,0.7,1.0,0.075,0.13693063937629152,0.0
internvl3,lora,Accuracy of Final Answer,10,10,1.0,0.0,0.0,0.0,0.4,0.6324555320336759,0.0,,,0.6,1.0,0.1,0.15811388300841897,0.0
internvl3,lora,Clarity & Presentation,10,10,1.0,0.0,0.0,0.0,0.4,0.6324555320336759,-0.2,,,0.6,1.0,0.1,0.15811388300841897,0.0
internvl3,lora,Concept of Histogram Equalization,4,4,1.0,0.0,0.0,0.0,0.75,1.118033988749895,0.75,,,0.5,0.75,0.1875,0.2795084971874737,0.0
internvl3,lora,Necessity of Histogram Equalization,4,4,1.0,0.5,0.5,0.5,0.25,0.5,-0.25,0.5773502691896256,0.5773502691896257,0.75,1.0,0.0625,0.125,0.0
internvl3,lora,Concept of Histogram Matching,4,4,1.0,0.4285714285714286,0.33333333333333337,0.2727272727272727,0.5,0.7071067811865476,0.0,0.5222329678670934,0.5443310539518174,0.5,1.0,0.125,0.1767766952966369,0.0
internvl3,lora,Necessity of Histogram Matching,4,4,1.0,1.0,1.0,1.0,0.0,0.0,0.0,1.0,1.0,1.0,1.0,0.0,0.0,0.0
internvl3,lora,Understanding of schema and instance (2),6,6,1.0,-0.2857142857142856,-0.2857142857142856,-0.2857142857142856,0.5,0.7071067811865476,-0.16666666666666666,-0.31622776601683794,-0.316227766016838,0.5,1.0,0.25,0.3535533905932738,0.0
internvl3,lora,Explanation of different types of keys with examples (4),6,6,1.0,0.18181818181818177,0.0,-0.125,0.5,0.7071067811865476,-0.5,0.3162277660168378,0.316227766016838,0.5,1.0,0.125,0.1767766952966369,0.0
internvl3,lora,Correct identification of keys in given relation (2),6,6,1.0,0.7142857142857143,0.6,0.5,0.3333333333333333,0.5773502691896257,0.3333333333333333,0.7938841860374446,0.7302967433402215,0.6666666666666666,1.0,0.16666666666666666,0.28867513459481287,0.0
internvl3,lora,Clear and organized writing (2),6,6,1.0,0.0,0.0,0.0,0.3333333333333333,0.5773502691896257,-0.3333333333333333,,,0.6666666666666666,1.0,0.16666666666666666,0.28867513459481287,0.0
internvl3,lora,Definition of Method Overloading,5,5,1.0,0.0,0.0,0.0,1.6,2.0976176963403033,1.6,,,0.4,0.4,0.4,0.5244044240850758,0.0
internvl3,lora,Definition of Method Overriding,5,5,1.0,0.19753086419753085,0.08602150537634412,0.0,1.7,1.8027756377319946,1.7,1.0,1.0,0.0,0.2,0.425,0.45069390943299864,0.0
internvl3,lora,Comparision,5,5,1.0,0.0,0.0,-0.11111111111111094,2.6,3.1304951684997055,-2.2,2.7755575615628914e-17,-0.3952847075210474,0.2,0.4,0.65,0.7826237921249264,0.0
internvl3,lora,Example / Application,13,13,1.0,0.6388888888888888,0.6388888888888888,0.6388888888888888,0.6153846153846154,1.5689290811054724,0.0,0.6388888888888888,0.6388888888888887,0.8461538461538461,0.8461538461538461,0.15384615384615385,0.3922322702763681,0.0
internvl3,lora,Definition of Data Mining,8,8,1.0,0.7,0.5555555555555556,0.4,0.5,0.8660254037844386,-0.25,0.7378647873726218,0.6620374995373379,0.625,0.875,0.125,0.21650635094610965,0.0
internvl3,lora,KDD Process Steps,8,8,1.0,0.9318181818181819,0.7931034482758621,0.5,0.375,0.6123724356957945,0.125,0.9344767269690312,0.9207368843792509,0.625,1.0,0.09375,0.15309310892394862,0.0
internvl3,lora,Importance of Data Mining Marks=(4),8,8,1.0,0.539568345323741,0.37254901960784315,0.16666666666666663,1.0,1.4142135623730951,0.5,0.5860627098770302,0.4415956834462115,0.375,0.75,0.25,0.3535533905932738,0.0
internvl3,lora,Understanding of normalization and related problems(3),10,10,1.0,0.6666666666666667,0.4285714285714286,0.14634146341463428,0.4,0.5,-0.2,0.7099522928088309,0.6928203230275509,0.3,1.0,0.13333333333333336,0.16666666666666669,0.0
internvl3,lora,Explanation of normal forms(3),10,10,1.0,0.8837209302325582,0.7701149425287357,0.5833333333333334,0.2,0.3872983346207417,-0.2,0.9122627695218835,0.939558475736517,0.7,1.0,0.06666666666666667,0.12909944487358058,0.0
internvl3,lora,Use of example(2),10,10,1.0,0.6585365853658536,0.5,0.32432432432432434,0.4,0.5916079783099616,-0.2,0.7104771154767192,0.7118144852802065,0.5,1.0,0.2,0.2958039891549808,0.0
internvl3,lora,Clear and organized writing(2),10,10,1.0,0.5841584158415842,0.47058823529411764,0.3548387096774194,0.1799999952316284,0.2898275299880556,-0.07999999523162842,0.6541035995852102,0.6918984060216639,0.6,1.0,0.0899999976158142,0.1449137649940278,0.0
internvl3,lora,Definition of Quantization,3,3,1.0,0.0,0.0,0.0,0.16666666666666666,0.28867513459481287,0.16666666666666666,,,0.6666666666666666,1.0,0.06666666666666665,0.11547005383792512,0.0
internvl3,lora,Purpose of Quantization,3,3,1.0,,,,0.0,0.0,0.0,,,1.0,1.0,0.0,0.0,0.0
internvl3,lora,Max-Lloyd Algorithm Explanation,3,3,1.0,0.0,0.0,0.0,0.3333333333333333,0.5773502691896257,0.3333333333333333,,,0.6666666666666666,1.0,0.13333333333333333,0.23094010767585033,0.0
internvl3,lora,Boundary & Centroid Conditions,3,3,1.0,0.0,0.0,0.0,0.6666666666666666,0.816496580927726,0.6666666666666666,,,0.3333333333333333,1.0,0.26666666666666666,0.32659863237109044,0.0
internvl3,lora,Importance of R² and Variability (eg. 0.85 or 85%) explained by the model,2,2,1.0,,,,1.0,1.0,-1.0,,,0.0,1.0,0.3333333333333333,0.3333333333333333,0.0
internvl3,lora,"Mathematical Expression & Interpretation and Evaluate model performance by               R² ≈ 1 → very good fit 
R² ≈ 0 → poor fit 
R²<0 → model is worse than just using the mean",2,2,1.0,,,,0.0,0.0,0.0,,,1.0,1.0,0.0,0.0,0.0
internvl3,lora,Critical Insight (Limitations / Adjusted R²) and higher R² strengthens confidence,2,2,1.0,1.0,1.0,1.0,0.0,0.0,0.0,1.0,0.9999999999999999,1.0,1.0,0.0,0.0,0.0
internvl3,lora,Enables comparison between models and overfitting issues,2,2,1.0,,,,0.0,0.0,0.0,,,1.0,1.0,0.0,0.0,0.0
internvl3,lora,Identification of Layers (2 Marks),9,9,1.0,,,,0.0,0.0,0.0,,,1.0,1.0,0.0,0.0,0.0
internvl3,lora,Explanation of Layers with diagram (4 Marks),9,9,1.0,0.6341463414634146,0.4155844155844155,0.1964285714285715,0.5555555555555556,0.7453559924999299,-0.5555555555555556,0.8000946913656626,0.7944613465542746,0.4444444444444444,1.0,0.1388888888888889,0.18633899812498247,0.0
internvl3,lora,Technical Accuracy (2 Marks),9,9,1.0,0.4545454545454545,0.3571428571428571,0.2499999999999999,0.6666666666666666,0.9428090415820634,-0.4444444444444444,0.5330017908890261,0.5367450401216932,0.4444444444444444,0.8888888888888888,0.3333333333333333,0.4714045207910317,0.0
internvl3,lora,Examples/Protocols(1 Mark),9,9,1.0,0.3076923076923077,0.3076923076923076,0.3076923076923076,0.3333333333333333,0.5773502691896257,-0.1111111111111111,0.316227766016838,0.31622776601683794,0.6666666666666666,1.0,0.3333333333333333,0.5773502691896257,0.0
internvl3,lora,Clarity & Organization (1 Mark),9,9,1.0,0.3076923076923077,0.3076923076923076,0.3076923076923076,0.3333333333333333,0.5773502691896257,0.1111111111111111,0.3162277660168379,0.31622776601683794,0.6666666666666666,1.0,0.3333333333333333,0.5773502691896257,0.0
internvl3,zero_shot,Supervised Learning,9,9,1.0,0.0,0.0,0.0,0.3333333333333333,0.408248290463863,-0.3333333333333333,,,0.3333333333333333,1.0,0.1333333333333333,0.16329931618554516,0.0
internvl3,zero_shot,Unsupervised Learning,9,9,1.0,0.0,0.0,0.0,0.3333333333333333,0.408248290463863,-0.3333333333333333,,,0.3333333333333333,1.0,0.1333333333333333,0.16329931618554516,0.0
internvl3,zero_shot,Reinforcement Learning,9,9,1.0,0.6462882096069869,0.33684210526315794,0.05263157894736836,0.3888888888888889,0.5,-0.16666666666666666,0.9540646527893839,0.6123724356957946,0.3333333333333333,1.0,0.15555555555555553,0.19999999999999998,0.0
internvl3,zero_shot,"Example, Overall Clarity & Structure",9,9,1.0,0.22413793103448265,0.09999999999999998,-0.016129032258064502,0.4444444444444444,0.5270462766947299,0.2222222222222222,0.47918635750341576,0.4938784559013885,0.2222222222222222,1.0,0.17777777777777778,0.21081851067789198,0.0
internvl3,zero_shot,Defintion of climate and weather,6,6,1.0,0.0,0.0,0.0,0.5833333333333334,0.6123724356957945,-0.5833333333333334,,,0.0,1.0,0.2916666666666667,0.30618621784789724,0.0
internvl3,zero_shot,Name of the climate variables,6,6,1.0,0.0,0.0,0.0,0.6666666666666666,0.7637626158259734,-0.16666666666666666,,,0.0,0.8333333333333334,0.3333333333333333,0.3818813079129867,0.0
internvl3,zero_shot,Hemato-biochemical changes in rohu due to an increase of temparature,6,6,1.0,-0.15384615384615374,-0.125,-0.09090909090909083,0.375,0.39528470752104744,-0.2916666666666667,-0.44721359549995815,-0.447213595499958,0.0,1.0,0.1875,0.19764235376052372,0.0
internvl3,zero_shot,Understanding of Concept,10,10,1.0,0.18181818181818177,0.125,0.07692307692307687,0.7,0.9486832980505138,-0.7,0.33333333333333337,0.3187276291558383,0.4,0.9,0.175,0.23717082451262844,0.0
internvl3,zero_shot,Step-by-Step Procedure,10,10,1.0,0.1747572815533981,0.0,-0.1428571428571428,1.1,1.3038404810405297,-1.1,0.47043753614038514,0.4629100498862757,0.2,0.7,0.275,0.32596012026013244,0.0
internvl3,zero_shot,Accuracy of Final Answer,10,10,1.0,0.2857142857142857,0.19999999999999996,0.125,0.8,1.0,0.8,0.5270462766947299,0.5270462766947299,0.3,0.9,0.2,0.25,0.0
internvl3,zero_shot,Clarity & Presentation,10,10,1.0,-0.18181818181818188,-0.125,-0.07692307692307687,0.9,1.140175425099138,-0.7,-0.33333333333333337,-0.3187276291558383,0.3,0.8,0.225,0.2850438562747845,0.0
internvl3,zero_shot,Concept of Histogram Equalization,4,4,1.0,0.0,0.0,0.0,0.75,1.118033988749895,0.75,,,0.5,0.75,0.1875,0.2795084971874737,0.0
internvl3,zero_shot,Necessity of Histogram Equalization,4,4,1.0,0.0,0.0,0.0,1.5,1.5811388300841898,1.5,,,0.0,0.5,0.375,0.39528470752104744,0.0
internvl3,zero_shot,Concept of Histogram Matching,4,4,1.0,0.0,0.0,0.0,0.75,1.118033988749895,0.75,,,0.5,0.75,0.1875,0.2795084971874737,0.0
internvl3,zero_shot,Necessity of Histogram Matching,4,4,1.0,0.0,0.0,0.0,1.5,1.5811388300841898,1.5,,,0.0,0.5,0.375,0.39528470752104744,0.0
internvl3,zero_shot,Understanding of schema and instance (2),6,6,1.0,0.1428571428571428,0.09999999999999987,0.0625,0.5,0.5773502691896257,0.3333333333333333,0.24999999999999994,0.25000000000000006,0.16666666666666666,1.0,0.25,0.28867513459481287,0.0
internvl3,zero_shot,Explanation of different types of keys with examples (4),6,6,1.0,0.5714285714285714,0.5714285714285714,0.5714285714285714,0.16666666666666666,0.408248290463863,-0.16666666666666666,0.6324555320336759,0.632455532033676,0.8333333333333334,1.0,0.041666666666666664,0.10206207261596575,0.0
internvl3,zero_shot,Correct identification of keys in given relation (2),6,6,1.0,0.47058823529411753,0.3076923076923076,0.18181818181818177,0.5,0.7071067811865476,0.5,0.6859943405700353,0.6708203932499369,0.5,1.0,0.25,0.3535533905932738,0.0
internvl3,zero_shot,Clear and organized writing (2),6,6,1.0,-0.15384615384615397,-0.125,-0.09090909090909105,0.5,0.6454972243679028,0.0,-0.15811388300841897,-0.11180339887498951,0.3333333333333333,1.0,0.25,0.3227486121839514,0.0
internvl3,zero_shot,Definition of Method Overloading,5,5,1.0,0.0,0.0,0.0,1.6,2.0976176963403033,1.6,,,0.4,0.4,0.4,0.5244044240850758,0.0
internvl3,zero_shot,Definition of Method Overriding,5,5,1.0,0.0,0.0,0.0,2.5,2.692582403567252,2.5,,,0.0,0.2,0.625,0.673145600891813,0.0
internvl3,zero_shot,Comparision,5,5,1.0,0.0,0.0,0.0,1.2,1.5491933384829668,0.0,,,0.2,0.8,0.3,0.3872983346207417,0.0
internvl3,zero_shot,Example / Application,13,13,1.0,0.5687203791469194,0.36585365853658536,0.08450704225352113,1.2307692307692308,1.4675987714106855,0.6153846153846154,0.7001400420140047,0.8618916073713346,0.23076923076923078,0.5384615384615384,0.3076923076923077,0.3668996928526714,0.0
internvl3,zero_shot,Definition of Data Mining,8,8,1.0,0.8666666666666667,0.7333333333333334,0.5789473684210527,0.25,0.5,0.0,0.8666666666666665,0.6499999999999999,0.75,1.0,0.0625,0.125,0.0
internvl3,zero_shot,KDD Process Steps,8,8,1.0,0.808,0.5384615384615384,0.09433962264150941,0.75,0.8660254037844386,-0.25,0.9060938341128382,0.9144087208387989,0.25,1.0,0.1875,0.21650635094610965,0.0
internvl3,zero_shot,Importance of Data Mining Marks=(4),8,8,1.0,0.1910112359550562,0.13043478260869568,0.12727272727272732,1.25,1.5,0.75,0.2682242289443305,0.3441236008058427,0.25,0.5,0.3125,0.375,0.0
internvl3,zero_shot,Understanding of normalization and related problems(3),10,10,1.0,0.1839080459770115,0.03100775193798455,-0.0869565217391306,1.25,1.3322912594474228,-1.25,0.6859943405700353,0.7095748751868992,0.0,0.6,0.4166666666666667,0.4440970864824743,0.0
internvl3,zero_shot,Explanation of normal forms(3),10,10,1.0,0.5312310491206793,0.22115384615384615,-0.17647058823529416,0.8099999999999999,0.8792041856133307,-0.61,0.686718637516936,0.843104631890299,0.0,0.9,0.27,0.2930680618711102,0.0
internvl3,zero_shot,Use of example(2),10,10,1.0,0.4268774703557312,0.21052631578947367,0.04761904761904767,0.75,0.85146931829632,-0.55,0.5868871866114016,0.7006921796174755,0.2,1.0,0.375,0.42573465914816,0.0
internvl3,zero_shot,Clear and organized writing(2),10,10,1.0,-0.18884120171673824,0.044117647058823484,0.25,0.5200000047683716,0.7443117639184194,0.5200000047683716,-0.48780609666717417,-0.46126560401444255,0.4,0.9,0.2600000023841858,0.3721558819592097,0.0
internvl3,zero_shot,Definition of Quantization,3,3,1.0,0.0,0.0,0.0,0.3333333333333333,0.408248290463863,-0.3333333333333333,,,0.3333333333333333,1.0,0.1333333333333333,0.16329931618554516,0.0
internvl3,zero_shot,Purpose of Quantization,3,3,1.0,,,,0.5,0.5,-0.5,,,0.0,1.0,0.19999999999999996,0.19999999999999996,0.0
internvl3,zero_shot,Max-Lloyd Algorithm Explanation,3,3,1.0,0.0,0.0,0.0,0.5,0.5,-0.16666666666666666,,,0.0,1.0,0.19999999999999998,0.2,0.0
internvl3,zero_shot,Boundary & Centroid Conditions,3,3,1.0,-0.36363636363636376,-0.28571428571428603,-0.20000000000000018,0.5,0.6454972243679028,-0.16666666666666666,-0.5,-0.5000000000000001,0.3333333333333333,1.0,0.20000000000000004,0.25819888974716115,0.0
internvl3,zero_shot,Importance of R² and Variability (eg. 0.85 or 85%) explained by the model,2,2,1.0,0.0,0.0,0.0,0.5,0.7071067811865476,-0.5,,,0.5,1.0,0.16666666666666666,0.23570226039551584,0.0
internvl3,zero_shot,"Mathematical Expression & Interpretation and Evaluate model performance by               R² ≈ 1 → very good fit 
R² ≈ 0 → poor fit 
R²<0 → model is worse than just using the mean",2,2,1.0,,,,2.0,2.0,2.0,,,0.0,0.0,0.6666666666666666,0.6666666666666666,0.0
internvl3,zero_shot,Critical Insight (Limitations / Adjusted R²) and higher R² strengthens confidence,2,2,1.0,0.1333333333333333,0.0,0.0,1.25,1.2747548783981961,1.25,1.0,0.9999999999999999,0.0,0.5,0.41666666666666663,0.42491829279939874,0.0
internvl3,zero_shot,Enables comparison between models and overfitting issues,2,2,1.0,0.0,0.0,0.0,1.0,1.118033988749895,1.0,,,0.0,0.5,0.3333333333333333,0.37267799624996495,0.0
internvl3,zero_shot,Identification of Layers (2 Marks),9,9,1.0,,,,0.0,0.0,0.0,,,1.0,1.0,0.0,0.0,0.0
internvl3,zero_shot,Explanation of Layers with diagram (4 Marks),9,9,1.0,0.4444444444444444,0.2857142857142857,0.16666666666666663,0.5555555555555556,0.7453559924999299,-0.3333333333333333,0.5773502691896257,0.6030226891555273,0.4444444444444444,1.0,0.1388888888888889,0.18633899812498247,0.0
internvl3,zero_shot,Technical Accuracy (2 Marks),9,9,1.0,0.0,0.0,0.0,0.7222222222222222,0.8333333333333334,0.3888888888888889,,,0.0,0.7777777777777778,0.3611111111111111,0.4166666666666667,0.0
internvl3,zero_shot,Examples/Protocols(1 Mark),9,9,1.0,0.0,0.0,0.0,0.5,0.5,-0.16666666666666666,,,0.0,1.0,0.5,0.5,0.0
internvl3,zero_shot,Clarity & Organization (1 Mark),9,9,1.0,0.030674846625766916,0.019607843137254943,0.0,0.5555555555555556,0.5925462944877059,0.36666666666666664,0.15811388300841883,-0.05,0.0,1.0,0.5555555555555556,0.5925462944877059,0.0
pixtral,few_shot,Supervised Learning,9,9,1.0,-0.08000000000000007,-2.220446049250313e-16,0.05263157894736836,0.3888888888888889,0.5,-0.3888888888888889,-0.2500000000000001,-0.25,0.3333333333333333,1.0,0.15555555555555553,0.19999999999999998,0.0
pixtral,few_shot,Unsupervised Learning,9,9,1.0,0.0,0.0,0.0,0.3333333333333333,0.408248290463863,-0.3333333333333333,,,0.3333333333333333,1.0,0.1333333333333333,0.16329931618554516,0.0
pixtral,few_shot,Reinforcement Learning,9,9,1.0,0.6961038961038961,0.4087591240875913,0.07352941176470584,0.5,0.6009252125773316,-0.5,0.9073960389672098,0.530722777603022,0.2222222222222222,1.0,0.19999999999999998,0.24037008503093263,0.0
pixtral,few_shot,"Example, Overall Clarity & Structure",9,9,1.0,-0.03539823008849541,-0.051948051948051965,-0.06779661016949157,0.5,0.6009252125773316,0.05555555555555555,-0.046625240412015684,-0.044622308798154715,0.2222222222222222,1.0,0.20000000000000004,0.24037008503093266,0.0
pixtral,few_shot,Defintion of climate and weather,6,6,1.0,0.0,0.0,0.0,0.375,0.39528470752104744,-0.375,,,0.0,1.0,0.1875,0.19764235376052372,0.0
pixtral,few_shot,Name of the climate variables,6,6,1.0,0.0,0.0,0.0,0.6666666666666666,0.7637626158259734,-0.16666666666666666,,,0.0,0.8333333333333334,0.3333333333333333,0.3818813079129867,0.0
pixtral,few_shot,Hemato-biochemical changes in rohu due to an increase of temparature,6,6,1.0,0.0,0.0,0.0,0.25,0.25,-0.16666666666666666,,,0.0,1.0,0.125,0.125,0.0
pixtral,few_shot,Understanding of Concept,10,10,1.0,0.0,0.0,0.0,0.5,0.7071067811865476,-0.5,,,0.5,1.0,0.125,0.1767766952966369,0.0
pixtral,few_shot,Step-by-Step Procedure,10,10,1.0,0.0,0.0,0.0,0.4,0.6324555320336759,-0.4,,,0.6,1.0,0.1,0.15811388300841897,0.0
pixtral,few_shot,Accuracy of Final Answer,10,10,1.0,0.0,0.0,0.0,0.4,0.6324555320336759,0.0,,,0.6,1.0,0.1,0.15811388300841897,0.0
pixtral,few_shot,Clarity & Presentation,10,10,1.0,0.2857142857142857,0.16666666666666663,0.03846153846153855,0.4,0.5916079783099616,-0.3,0.5833333333333334,0.547813112611597,0.5,1.0,0.1,0.1479019945774904,0.0
pixtral,few_shot,Concept of Histogram Equalization,4,4,1.0,0.0714285714285714,0.0,0.0,1.0,1.2747548783981961,1.0,0.30151134457776363,0.23570226039551587,0.25,0.5,0.25,0.31868871959954903,0.0
pixtral,few_shot,Necessity of Histogram Equalization,4,4,1.0,0.032786885245901676,0.0,0.0,1.875,1.920286436967152,1.875,0.5773502691896258,0.5773502691896257,0.0,0.0,0.46875,0.480071609241788,0.0
pixtral,few_shot,Concept of Histogram Matching,4,4,1.0,-0.04166666666666674,0.0,0.19999999999999996,0.875,1.25,0.875,-0.1740776559556978,-0.2721655269759087,0.5,0.5,0.21875,0.3125,0.0
pixtral,few_shot,Necessity of Histogram Matching,4,4,1.0,0.032786885245901676,0.0,0.0,1.875,1.920286436967152,1.875,0.5773502691896258,0.5773502691896257,0.0,0.0,0.46875,0.480071609241788,0.0
pixtral,few_shot,Understanding of schema and instance (2),6,6,1.0,0.0,0.0,0.0,0.3333333333333333,0.5773502691896257,-0.3333333333333333,,,0.6666666666666666,1.0,0.16666666666666666,0.28867513459481287,0.0
pixtral,few_shot,Explanation of different types of keys with examples (4),6,6,1.0,0.0,0.0,0.0,0.3333333333333333,0.5773502691896257,-0.3333333333333333,,,0.6666666666666666,1.0,0.08333333333333333,0.14433756729740643,0.0
pixtral,few_shot,Correct identification of keys in given relation (2),6,6,1.0,-0.3783783783783783,-0.10526315789473673,0.1428571428571429,0.5833333333333334,0.8416254115301732,-0.08333333333333333,-0.7592566023652967,-0.7071067811865477,0.5,0.8333333333333334,0.2916666666666667,0.4208127057650866,0.0
pixtral,few_shot,Clear and organized writing (2),6,6,1.0,0.0,0.0,0.0,0.3333333333333333,0.5773502691896257,-0.3333333333333333,,,0.6666666666666666,1.0,0.16666666666666666,0.28867513459481287,0.0
pixtral,few_shot,Definition of Method Overloading,5,5,1.0,0.14141414141414144,0.10256410256410253,0.11764705882352944,1.4,1.8439088914585775,1.4,0.51604684654214,0.5590169943749475,0.4,0.4,0.35,0.4609772228646444,0.0
pixtral,few_shot,Definition of Method Overriding,5,5,1.0,0.03100775193798455,0.017094017094017144,0.0,2.3,2.5,2.3,0.25,0.25,0.0,0.2,0.575,0.625,0.0
pixtral,few_shot,Comparision,5,5,1.0,0.2857142857142857,0.16666666666666663,0.09090909090909094,1.2,1.4142135623730951,-0.4,0.5270462766947296,0.3227486121839514,0.2,0.6,0.3,0.3535533905932738,0.0
pixtral,few_shot,Example / Application,13,13,1.0,0.21168687982359424,0.12868632707774796,0.0,1.9230769230769231,2.0568833780186058,1.3076923076923077,0.6172133998483678,0.6172133998483676,0.0,0.3076923076923077,0.4807692307692308,0.5142208445046514,0.0
pixtral,few_shot,Definition of Data Mining,8,8,1.0,0.7777777777777778,0.6,0.41463414634146345,0.375,0.6123724356957945,-0.375,0.8682431421244591,0.6573757351339165,0.625,1.0,0.09375,0.15309310892394862,0.0
pixtral,few_shot,KDD Process Steps,8,8,1.0,0.5737704918032787,0.34545454545454546,0.05084745762711862,1.125,1.2747548783981961,-0.625,0.7977240352174655,0.8067473868280244,0.125,0.75,0.28125,0.31868871959954903,0.0
pixtral,few_shot,Importance of Data Mining Marks=(4),8,8,1.0,-0.011494252873563315,-0.02127659574468077,0.01754385964912286,1.5,1.6583123951777,1.0,-0.03724194613619293,0.08671099695241201,0.125,0.375,0.375,0.414578098794425,0.0
pixtral,few_shot,Understanding of normalization and related problems(3),10,10,1.0,0.11940298507462688,0.024390243902439046,-0.06382978723404276,1.6,1.7175564037317668,-1.6,0.5063696835418333,0.5103103630798288,0.0,0.4,0.5333333333333333,0.5725188012439223,0.0
pixtral,few_shot,Explanation of normal forms(3),10,10,1.0,0.0,0.0,0.0,1.3,1.51657508881031,-1.3,,,0.1,0.4,0.4333333333333334,0.5055250296034367,0.0
pixtral,few_shot,Use of example(2),10,10,1.0,-0.10389610389610393,-0.0714285714285714,-0.05263157894736836,1.05,1.1291589790636214,-0.65,-0.229290061040605,-0.2993197378787078,0.0,0.6,0.525,0.5645794895318107,0.0
pixtral,few_shot,Clear and organized writing(2),10,10,1.0,0.30519480519480524,0.09523809523809523,-0.06060606060606055,0.3799999952316284,0.46260133200262804,-0.1799999952316284,0.34111750591986845,0.1824662495644124,0.3,1.0,0.1899999976158142,0.23130066600131402,0.0
pixtral,few_shot,Definition of Quantization,3,3,1.0,-2.220446049250313e-16,0.2499999999999999,0.4999999999999999,0.3333333333333333,0.5773502691896257,-0.3333333333333333,0.0,0.0,0.6666666666666666,1.0,0.13333333333333333,0.23094010767585033,0.0
pixtral,few_shot,Purpose of Quantization,3,3,1.0,0.0,0.0,0.0,0.8333333333333334,0.8660254037844386,-0.8333333333333334,,,0.0,1.0,0.3333333333333333,0.34641016151377546,0.0
pixtral,few_shot,Max-Lloyd Algorithm Explanation,3,3,1.0,0.21052631578947356,0.18181818181818177,0.1428571428571429,0.5,0.6454972243679028,-0.5,0.49999999999999994,0.5000000000000001,0.3333333333333333,1.0,0.19999999999999998,0.2581988897471611,0.0
pixtral,few_shot,Boundary & Centroid Conditions,3,3,1.0,0.7272727272727273,0.5714285714285714,0.3999999999999999,0.16666666666666666,0.28867513459481287,-0.16666666666666666,1.0,1.0,0.6666666666666666,1.0,0.06666666666666665,0.11547005383792512,0.0
pixtral,few_shot,Importance of R² and Variability (eg. 0.85 or 85%) explained by the model,2,2,1.0,0.0,0.0,0.0,0.5,0.7071067811865476,-0.5,,,0.5,1.0,0.16666666666666666,0.23570226039551584,0.0
pixtral,few_shot,"Mathematical Expression & Interpretation and Evaluate model performance by               R² ≈ 1 → very good fit 
R² ≈ 0 → poor fit 
R²<0 → model is worse than just using the mean",2,2,1.0,,,,2.0,2.0,2.0,,,0.0,0.0,0.6666666666666666,0.6666666666666666,0.0
pixtral,few_shot,Critical Insight (Limitations / Adjusted R²) and higher R² strengthens confidence,2,2,1.0,0.1333333333333333,0.0,0.0,1.25,1.2747548783981961,1.25,1.0,0.9999999999999999,0.0,0.5,0.41666666666666663,0.42491829279939874,0.0
pixtral,few_shot,Enables comparison between models and overfitting issues,2,2,1.0,,,,1.5,1.5,1.5,,,0.0,0.0,0.5,0.5,0.0
pixtral,few_shot,Identification of Layers (2 Marks),9,9,1.0,0.0,0.0,0.0,0.3888888888888889,0.44095855184409843,-0.3888888888888889,,,0.2222222222222222,1.0,0.19444444444444445,0.22047927592204922,0.0
pixtral,few_shot,Explanation of Layers with diagram (4 Marks),9,9,1.0,0.06896551724137923,0.08695652173913038,0.10000000000000009,0.7777777777777778,1.0,-0.5555555555555556,0.14433756729740643,0.15075567228888181,0.3333333333333333,0.8888888888888888,0.19444444444444445,0.25,0.0
pixtral,few_shot,Technical Accuracy (2 Marks),9,9,1.0,0.0,0.0,0.0,0.7222222222222222,0.8333333333333334,0.3888888888888889,,,0.0,0.7777777777777778,0.3611111111111111,0.4166666666666667,0.0
pixtral,few_shot,Examples/Protocols(1 Mark),9,9,1.0,0.07476635514018681,0.037735849056603765,0.0,0.4722222222222222,0.47871355387816905,-0.1388888888888889,0.2500000000000001,0.25,0.0,1.0,0.4722222222222222,0.47871355387816905,0.0
pixtral,few_shot,Clarity & Organization (1 Mark),9,9,1.0,-0.1118881118881121,-0.06779661016949179,0.0,0.5833333333333334,0.6066758241067098,0.3055555555555556,-0.3162277660168379,-0.31622776601683794,0.0,1.0,0.5833333333333334,0.6066758241067098,0.0
pixtral,full,Supervised Learning,9,9,1.0,0.0,0.0,0.0,0.16666666666666666,0.28867513459481287,0.16666666666666666,,,0.6666666666666666,1.0,0.06666666666666665,0.11547005383792512,0.0
pixtral,full,Unsupervised Learning,9,9,1.0,0.3999999999999999,0.3999999999999999,0.3999999999999999,0.1111111111111111,0.23570226039551584,0.1111111111111111,0.5000000000000001,0.5,0.7777777777777778,1.0,0.04444444444444443,0.09428090415820631,0.0
pixtral,full,Reinforcement Learning,9,9,1.0,0.9319899244332494,0.7326732673267327,0.32500000000000007,0.16666666666666666,0.28867513459481287,0.16666666666666666,0.9540646527893837,0.6123724356957946,0.6666666666666666,1.0,0.06666666666666665,0.11547005383792512,0.0
pixtral,full,"Example, Overall Clarity & Structure",9,9,1.0,0.19402985074626855,0.09999999999999987,-0.016129032258064502,0.6666666666666666,0.816496580927726,0.6666666666666666,0.47918635750341576,0.4938784559013885,0.2222222222222222,0.8888888888888888,0.26666666666666666,0.3265986323710904,0.0
pixtral,full,Defintion of climate and weather,6,6,1.0,0.0,0.0,0.0,0.041666666666666664,0.10206207261596575,-0.041666666666666664,,,0.8333333333333334,1.0,0.020833333333333332,0.05103103630798288,0.0
pixtral,full,Name of the climate variables,6,6,1.0,0.0,0.0,0.0,0.5,0.75,0.08333333333333333,,,0.0,0.8333333333333334,0.25,0.375,0.0
pixtral,full,Hemato-biochemical changes in rohu due to an increase of temparature,6,6,1.0,0.0,0.0,0.0,0.08333333333333333,0.2041241452319315,0.08333333333333333,,,0.8333333333333334,1.0,0.041666666666666664,0.10206207261596575,0.0
pixtral,full,Understanding of Concept,10,10,1.0,0.0,0.0,0.0,0.5,0.7071067811865476,-0.5,,,0.5,1.0,0.125,0.1767766952966369,0.0
pixtral,full,Step-by-Step Procedure,10,10,1.0,0.0,0.0,0.0,0.4,0.6324555320336759,-0.4,,,0.6,1.0,0.1,0.15811388300841897,0.0
pixtral,full,Accuracy of Final Answer,10,10,1.0,0.0,0.0,0.0,0.4,0.6324555320336759,0.0,,,0.6,1.0,0.1,0.15811388300841897,0.0
pixtral,full,Clarity & Presentation,10,10,1.0,0.0,0.0,0.0,0.4,0.6324555320336759,-0.2,,,0.6,1.0,0.1,0.15811388300841897,0.0
pixtral,full,Concept of Histogram Equalization,4,4,1.0,0.25,0.0,-0.19999999999999996,0.75,0.8660254037844386,0.25,0.30151134457776363,0.23570226039551587,0.25,1.0,0.1875,0.21650635094610965,0.0
pixtral,full,Necessity of Histogram Equalization,4,4,1.0,-0.25,0.0,0.19999999999999996,0.75,1.118033988749895,0.75,-0.5773502691896256,-0.5773502691896257,0.5,0.75,0.1875,0.2795084971874737,0.0
pixtral,full,Concept of Histogram Matching,4,4,1.0,-0.1428571428571428,-0.33333333333333326,-0.4545454545454546,1.0,1.0,0.0,-0.1740776559556978,-0.2721655269759087,0.0,1.0,0.25,0.25,0.0
pixtral,full,Necessity of Histogram Matching,4,4,1.0,-0.25,0.0,0.19999999999999996,0.75,1.118033988749895,0.75,-0.5773502691896256,-0.5773502691896257,0.5,0.75,0.1875,0.2795084971874737,0.0
pixtral,full,Understanding of schema and instance (2),6,6,1.0,0.0,0.0,0.0,0.3333333333333333,0.5773502691896257,-0.3333333333333333,,,0.6666666666666666,1.0,0.16666666666666666,0.28867513459481287,0.0
pixtral,full,Explanation of different types of keys with examples (4),6,6,1.0,0.0,0.0,0.0,0.3333333333333333,0.5773502691896257,-0.3333333333333333,,,0.6666666666666666,1.0,0.08333333333333333,0.14433756729740643,0.0
pixtral,full,Correct identification of keys in given relation (2),6,6,1.0,0.0,0.0,0.0,0.5,0.7071067811865476,-0.16666666666666666,,,0.5,1.0,0.25,0.3535533905932738,0.0
pixtral,full,Clear and organized writing (2),6,6,1.0,0.0,0.0,0.0,0.3333333333333333,0.5773502691896257,-0.3333333333333333,,,0.6666666666666666,1.0,0.16666666666666666,0.28867513459481287,0.0
pixtral,full,Definition of Method Overloading,5,5,1.0,0.23529411764705888,0.2592592592592593,0.2857142857142857,1.6,2.280350850198276,1.6,0.38069349381344036,0.17677669529663687,0.4,0.6,0.4,0.570087712549569,0.0
pixtral,full,Definition of Method Overriding,5,5,1.0,0.18934911242603547,0.17391304347826086,0.11764705882352944,1.9,2.6172504656604803,1.9,0.408248290463863,0.408248290463863,0.4,0.4,0.475,0.6543126164151201,0.0
pixtral,full,Comparision,5,5,1.0,0.19512195121951215,0.18181818181818177,0.0625,1.8,2.569046515733026,-1.4,0.2635231383473649,0.0,0.4,0.6,0.45,0.6422616289332564,0.0
pixtral,full,Example / Application,13,13,1.0,0.3157894736842105,0.3157894736842106,0.3157894736842106,0.9230769230769231,1.9215378456610457,-0.9230769230769231,0.4330127018922193,0.43301270189221935,0.7692307692307693,0.7692307692307693,0.23076923076923078,0.4803844614152614,0.0
pixtral,full,Definition of Data Mining,8,8,1.0,0.35593220338983056,0.25,0.11111111111111116,1.125,1.541103500742244,-0.875,0.4811403776364294,0.4642857142857142,0.375,0.625,0.28125,0.385275875185561,0.0
pixtral,full,KDD Process Steps,8,8,1.0,0.4130434782608695,0.34545454545454546,0.2195121951219512,1.125,1.8371173070873836,1.125,0.5428571428571427,0.5135525910130955,0.5,0.75,0.28125,0.4592793267718459,0.0
pixtral,full,Importance of Data Mining Marks=(4),8,8,1.0,0.11926605504587151,0.11111111111111116,0.0,1.25,1.7320508075688772,0.25,0.12158031116642799,0.15789473684210528,0.25,0.75,0.3125,0.4330127018922193,0.0
pixtral,full,Understanding of normalization and related problems(3),10,10,1.0,0.15189873417721522,0.017094017094017144,-0.0714285714285714,1.15,1.2942179105544784,-1.15,0.47198758164566434,0.33864273073929824,0.1,0.4,0.3833333333333333,0.4314059701848262,0.0
pixtral,full,Explanation of normal forms(3),10,10,1.0,0.09252669039145911,0.02777777777777779,-0.0869565217391306,1.4,1.5968719422671311,-1.4,0.3397604427680557,0.3321055820775357,0.0,0.6,0.4666666666666666,0.5322906474223771,0.0
pixtral,full,Use of example(2),10,10,1.0,0.04339250493096647,0.02877697841726623,0.012345679012345623,1.35,1.5572411502397436,-1.35,0.23236555852564186,0.2624997436527193,0.2,0.4,0.675,0.7786205751198718,0.0
pixtral,full,Clear and organized writing(2),10,10,1.0,0.0,0.0,0.0,0.3799999952316284,0.46260133200262804,-0.27999999523162844,,,0.3,1.0,0.1899999976158142,0.23130066600131402,0.0
pixtral,full,Definition of Quantization,3,3,1.0,0.0,0.0,0.0,0.16666666666666666,0.28867513459481287,0.16666666666666666,,,0.6666666666666666,1.0,0.06666666666666665,0.11547005383792512,0.0
pixtral,full,Purpose of Quantization,3,3,1.0,,,,0.0,0.0,0.0,,,1.0,1.0,0.0,0.0,0.0
pixtral,full,Max-Lloyd Algorithm Explanation,3,3,1.0,0.0,0.0,0.0,0.3333333333333333,0.5773502691896257,0.3333333333333333,,,0.6666666666666666,1.0,0.13333333333333333,0.23094010767585033,0.0
pixtral,full,Boundary & Centroid Conditions,3,3,1.0,0.0,0.0,0.0,0.6666666666666666,0.816496580927726,0.6666666666666666,,,0.3333333333333333,1.0,0.26666666666666666,0.32659863237109044,0.0
pixtral,full,Importance of R² and Variability (eg. 0.85 or 85%) explained by the model,2,2,1.0,0.0,0.0,0.0,0.5,0.7071067811865476,-0.5,,,0.5,1.0,0.16666666666666666,0.23570226039551584,0.0
pixtral,full,"Mathematical Expression & Interpretation and Evaluate model performance by               R² ≈ 1 → very good fit 
R² ≈ 0 → poor fit 
R²<0 → model is worse than just using the mean",2,2,1.0,,,,0.0,0.0,0.0,,,1.0,1.0,0.0,0.0,0.0
pixtral,full,Critical Insight (Limitations / Adjusted R²) and higher R² strengthens confidence,2,2,1.0,1.0,1.0,1.0,0.0,0.0,0.0,1.0,0.9999999999999999,1.0,1.0,0.0,0.0,0.0
pixtral,full,Enables comparison between models and overfitting issues,2,2,1.0,0.0,0.0,0.0,0.25,0.3535533905932738,-0.25,,,0.5,1.0,0.08333333333333333,0.11785113019775792,0.0
pixtral,full,Identification of Layers (2 Marks),9,9,1.0,,,,0.0,0.0,0.0,,,1.0,1.0,0.0,0.0,0.0
pixtral,full,Explanation of Layers with diagram (4 Marks),9,9,1.0,0.0,0.0,0.0,0.8888888888888888,1.0540925533894598,-0.6666666666666666,,,0.2222222222222222,0.8888888888888888,0.2222222222222222,0.26352313834736496,0.0
pixtral,full,Technical Accuracy (2 Marks),9,9,1.0,0.0,0.0,0.0,1.1111111111111112,1.3333333333333333,-1.1111111111111112,,,0.2222222222222222,0.6666666666666666,0.5555555555555556,0.6666666666666666,0.0
pixtral,full,Examples/Protocols(1 Mark),9,9,1.0,0.4,0.4,0.4,0.3333333333333333,0.5773502691896257,-0.3333333333333333,0.5,0.5,0.6666666666666666,1.0,0.3333333333333333,0.5773502691896257,0.0
pixtral,full,Clarity & Organization (1 Mark),9,9,1.0,0.0,0.0,0.0,0.3333333333333333,0.5773502691896257,-0.3333333333333333,,,0.6666666666666666,1.0,0.3333333333333333,0.5773502691896257,0.0
pixtral,lora,Supervised Learning,9,9,1.0,-0.20000000000000018,-0.20000000000000018,-0.20000000000000018,0.2222222222222222,0.3333333333333333,0.1111111111111111,-0.25000000000000006,-0.25,0.5555555555555556,1.0,0.08888888888888886,0.1333333333333333,0.0
pixtral,lora,Unsupervised Learning,9,9,1.0,0.0,0.0,0.0,0.2222222222222222,0.3333333333333333,0.0,4.163336342344337e-17,0.0,0.5555555555555556,1.0,0.08888888888888886,0.1333333333333333,0.0
pixtral,lora,Reinforcement Learning,9,9,1.0,0.9076923076923077,0.6470588235294118,0.1428571428571429,0.2222222222222222,0.3333333333333333,0.1111111111111111,0.9174063600174062,0.3061862178478973,0.5555555555555556,1.0,0.08888888888888886,0.1333333333333333,0.0
pixtral,lora,"Example, Overall Clarity & Structure",9,9,1.0,0.09523809523809523,-0.020618556701031077,-0.06779661016949157,0.6111111111111112,0.7264831572567789,0.2777777777777778,0.11058146711617284,0.11759010854794964,0.2222222222222222,1.0,0.24444444444444446,0.2905932629027116,0.0
pixtral,lora,Defintion of climate and weather,6,6,1.0,,,,0.0,0.0,0.0,,,1.0,1.0,0.0,0.0,0.0
pixtral,lora,Name of the climate variables,6,6,1.0,0.17582417582417575,0.1428571428571428,0.2500000000000001,0.3333333333333333,0.7216878364870323,0.25,0.6324555320336759,0.632455532033676,0.6666666666666666,0.8333333333333334,0.16666666666666666,0.36084391824351614,0.0
pixtral,lora,Hemato-biochemical changes in rohu due to an increase of temparature,6,6,1.0,0.0,0.0,0.0,0.08333333333333333,0.2041241452319315,0.08333333333333333,,,0.8333333333333334,1.0,0.041666666666666664,0.10206207261596575,0.0
pixtral,lora,Understanding of Concept,10,10,1.0,0.19999999999999996,0.19999999999999996,0.19999999999999996,0.4,0.6324555320336759,0.4,0.33333333333333337,0.3333333333333333,0.6,1.0,0.1,0.15811388300841897,0.0
pixtral,lora,Step-by-Step Procedure,10,10,1.0,-0.08695652173913038,-0.08695652173913038,-0.0869565217391306,0.5,0.7071067811865476,-0.1,-0.08908708063747486,-0.0890870806374748,0.5,1.0,0.125,0.1767766952966369,0.0
pixtral,lora,Accuracy of Final Answer,10,10,1.0,0.0,0.0,0.0,0.4,0.6324555320336759,0.0,,,0.6,1.0,0.1,0.15811388300841897,0.0
pixtral,lora,Clarity & Presentation,10,10,1.0,0.0,0.0,0.0,0.4,0.6324555320336759,-0.2,,,0.6,1.0,0.1,0.15811388300841897,0.0
pixtral,lora,Concept of Histogram Equalization,4,4,1.0,0.0,0.0,0.0,0.75,1.118033988749895,0.75,,,0.5,0.75,0.1875,0.2795084971874737,0.0
pixtral,lora,Necessity of Histogram Equalization,4,4,1.0,0.5,0.5,0.5,0.25,0.5,0.25,0.5773502691896258,0.5773502691896257,0.75,1.0,0.0625,0.125,0.0
pixtral,lora,Concept of Histogram Matching,4,4,1.0,-0.25,0.0,0.19999999999999996,0.75,1.118033988749895,0.25,-0.30151134457776363,-0.23570226039551587,0.5,0.75,0.1875,0.2795084971874737,0.0
pixtral,lora,Necessity of Histogram Matching,4,4,1.0,0.5,0.5,0.5,0.25,0.5,0.25,0.5773502691896258,0.5773502691896257,0.75,1.0,0.0625,0.125,0.0
pixtral,lora,Understanding of schema and instance (2),6,6,1.0,0.0,0.0,0.0,0.3333333333333333,0.5773502691896257,-0.3333333333333333,,,0.6666666666666666,1.0,0.16666666666666666,0.28867513459481287,0.0
pixtral,lora,Explanation of different types of keys with examples (4),6,6,1.0,0.4999999999999999,0.3999999999999999,0.33333333333333326,0.3333333333333333,0.5773502691896257,-0.3333333333333333,0.6123724356957944,0.6123724356957945,0.6666666666666666,1.0,0.08333333333333333,0.14433756729740643,0.0
pixtral,lora,Correct identification of keys in given relation (2),6,6,1.0,0.3999999999999999,0.25,0.1428571428571429,0.5,0.7071067811865476,-0.16666666666666666,0.4200840252084029,0.36514837167011077,0.5,1.0,0.25,0.3535533905932738,0.0
pixtral,lora,Clear and organized writing (2),6,6,1.0,0.0,0.0,0.0,0.3333333333333333,0.5773502691896257,-0.3333333333333333,,,0.6666666666666666,1.0,0.16666666666666666,0.28867513459481287,0.0
pixtral,lora,Definition of Method Overloading,5,5,1.0,0.11214953271028039,0.10256410256410253,0.0,1.4,1.9493588689617927,1.0,0.14744195615489714,0.0,0.4,0.6,0.35,0.48733971724044817,0.0
pixtral,lora,Definition of Method Overriding,5,5,1.0,0.1649484536082474,0.12371134020618557,0.0,1.7,2.0124611797498106,1.7,0.4082482904638629,0.408248290463863,0.0,0.6,0.425,0.5031152949374527,0.0
pixtral,lora,Comparision,5,5,1.0,0.0,0.0,0.0,3.0,3.3763886032268267,-3.0,,,0.2,0.2,0.75,0.8440971508067067,0.0
pixtral,lora,Example / Application,13,13,1.0,0.6388888888888888,0.6388888888888888,0.6388888888888888,0.6153846153846154,1.5689290811054724,0.0,0.6388888888888888,0.6388888888888887,0.8461538461538461,0.8461538461538461,0.15384615384615385,0.3922322702763681,0.0
pixtral,lora,Definition of Data Mining,8,8,1.0,0.6842105263157895,0.5555555555555556,0.4285714285714286,0.5,0.8660254037844386,-0.5,0.7700535410868201,0.7606388292556648,0.625,0.875,0.125,0.21650635094610965,0.0
pixtral,lora,KDD Process Steps,8,8,1.0,0.3783783783783784,0.2941176470588235,0.11111111111111116,1.125,1.695582495781317,0.625,0.4320493798938572,0.15563293906372044,0.375,0.75,0.28125,0.42389562394532926,0.0
pixtral,lora,Importance of Data Mining Marks=(4),8,8,1.0,0.7922077922077921,0.5789473684210527,0.3191489361702128,0.5,0.7071067811865476,0.25,0.8767227853705732,0.8323835009886348,0.5,1.0,0.125,0.1767766952966369,0.0
pixtral,lora,Understanding of normalization and related problems(3),10,10,1.0,0.15384615384615385,0.11764705882352944,0.07894736842105265,0.6,0.7416198487095663,-0.4,0.26352313834736496,0.26352313834736496,0.3,1.0,0.2,0.2472066162365221,0.0
pixtral,lora,Explanation of normal forms(3),10,10,1.0,0.41624365482233505,0.1228070175438597,-0.1904761904761907,1.0,1.0723805294763609,-1.0,0.8749186795414556,0.8822772903904459,0.0,0.9,0.3333333333333333,0.35746017649212025,0.0
pixtral,lora,Use of example(2),10,10,1.0,0.3902439024390244,0.26136363636363635,0.16666666666666652,0.65,0.7905694150420949,-0.45,0.5668202012651357,0.5282705437953743,0.3,1.0,0.325,0.39528470752104744,0.0
pixtral,lora,Clear and organized writing(2),10,10,1.0,0.07804878048780484,0.05714285714285716,0.0625,0.32999999523162843,0.43474129361104596,-0.12999999523162842,0.0948157614822736,0.04109280606012816,0.4,1.0,0.16499999761581421,0.21737064680552298,0.0
pixtral,lora,Definition of Quantization,3,3,1.0,0.0,0.0,0.0,0.16666666666666666,0.28867513459481287,0.16666666666666666,,,0.6666666666666666,1.0,0.06666666666666665,0.11547005383792512,0.0
pixtral,lora,Purpose of Quantization,3,3,1.0,,,,0.0,0.0,0.0,,,1.0,1.0,0.0,0.0,0.0
pixtral,lora,Max-Lloyd Algorithm Explanation,3,3,1.0,0.7272727272727273,0.5714285714285714,0.3999999999999999,0.16666666666666666,0.28867513459481287,0.16666666666666666,0.9999999999999999,1.0,0.6666666666666666,1.0,0.0666666666666667,0.11547005383792519,0.0
pixtral,lora,Boundary & Centroid Conditions,3,3,1.0,0.3389830508474576,0.21052631578947367,0.1428571428571429,0.8333333333333334,1.0408329997330663,-0.16666666666666666,0.5,0.5000000000000001,0.3333333333333333,0.6666666666666666,0.3333333333333333,0.41633319989322654,0.0
pixtral,lora,Importance of R² and Variability (eg. 0.85 or 85%) explained by the model,2,2,1.0,0.0,0.0,0.0,0.5,0.7071067811865476,-0.5,,,0.5,1.0,0.16666666666666666,0.23570226039551584,0.0
pixtral,lora,"Mathematical Expression & Interpretation and Evaluate model performance by               R² ≈ 1 → very good fit 
R² ≈ 0 → poor fit 
R²<0 → model is worse than just using the mean",2,2,1.0,,,,0.0,0.0,0.0,,,1.0,1.0,0.0,0.0,0.0
pixtral,lora,Critical Insight (Limitations / Adjusted R²) and higher R² strengthens confidence,2,2,1.0,1.0,1.0,1.0,0.0,0.0,0.0,1.0,0.9999999999999999,1.0,1.0,0.0,0.0,0.0
pixtral,lora,Enables comparison between models and overfitting issues,2,2,1.0,,,,0.5,0.5,-0.5,,,0.0,1.0,0.16666666666666666,0.16666666666666666,0.0
pixtral,lora,Identification of Layers (2 Marks),9,9,1.0,,,,0.0,0.0,0.0,,,1.0,1.0,0.0,0.0,0.0
pixtral,lora,Explanation of Layers with diagram (4 Marks),9,9,1.0,0.5,0.3571428571428571,0.21052631578947378,0.6666666666666666,0.9428090415820634,-0.6666666666666666,0.6666666666666666,0.6672976811635084,0.4444444444444444,0.8888888888888888,0.16666666666666666,0.23570226039551584,0.0
pixtral,lora,Technical Accuracy (2 Marks),9,9,1.0,0.4112149532710281,0.3835616438356164,0.3571428571428572,0.5555555555555556,0.8819171036881969,-0.5555555555555556,0.5380275868489702,0.5179323973782373,0.5555555555555556,0.8888888888888888,0.2777777777777778,0.44095855184409843,0.0
pixtral,lora,Examples/Protocols(1 Mark),9,9,1.0,1.0,1.0,1.0,0.0,0.0,0.0,1.0,1.0,1.0,1.0,0.0,0.0,0.0
pixtral,lora,Clarity & Organization (1 Mark),9,9,1.0,0.3076923076923077,0.3076923076923076,0.3076923076923076,0.3333333333333333,0.5773502691896257,0.1111111111111111,0.3162277660168379,0.31622776601683794,0.6666666666666666,1.0,0.3333333333333333,0.5773502691896257,0.0
pixtral,zero_shot,Supervised Learning,9,9,1.0,0.1428571428571429,0.1428571428571429,0.1428571428571429,0.2222222222222222,0.3333333333333333,-0.1111111111111111,0.158113883008419,0.15811388300841897,0.5555555555555556,1.0,0.08888888888888886,0.1333333333333333,0.0
pixtral,zero_shot,Unsupervised Learning,9,9,1.0,0.25,0.25,0.2500000000000001,0.2222222222222222,0.3333333333333333,-0.2222222222222222,0.3779644730092272,0.3779644730092272,0.5555555555555556,1.0,0.08888888888888886,0.1333333333333333,0.0
pixtral,zero_shot,Reinforcement Learning,9,9,1.0,0.896551724137931,0.6666666666666665,0.33333333333333337,0.2222222222222222,0.3333333333333333,-0.2222222222222222,0.9481224447363147,0.6123724356957946,0.5555555555555556,1.0,0.08888888888888886,0.1333333333333333,0.0
pixtral,zero_shot,"Example, Overall Clarity & Structure",9,9,1.0,0.1333333333333333,0.04705882352941171,-0.016129032258064502,0.5,0.6009252125773316,0.2777777777777778,0.22116293423234568,0.2351802170958993,0.2222222222222222,1.0,0.2,0.24037008503093263,0.0
pixtral,zero_shot,Defintion of climate and weather,6,6,1.0,,,,0.25,0.25,-0.25,,,0.0,1.0,0.125,0.125,0.0
pixtral,zero_shot,Name of the climate variables,6,6,1.0,0.22857142857142865,0.10000000000000009,0.0,0.625,0.6846531968814576,-0.20833333333333334,0.9999999999999996,1.0,0.0,0.8333333333333334,0.3125,0.3423265984407288,0.0
pixtral,zero_shot,Hemato-biochemical changes in rohu due to an increase of temparature,6,6,1.0,0.0,0.0,0.0,0.08333333333333333,0.2041241452319315,0.08333333333333333,,,0.8333333333333334,1.0,0.041666666666666664,0.10206207261596575,0.0
pixtral,zero_shot,Understanding of Concept,10,10,1.0,0.0,0.0,0.0,0.5,0.7071067811865476,-0.5,,,0.5,1.0,0.125,0.1767766952966369,0.0
pixtral,zero_shot,Step-by-Step Procedure,10,10,1.0,0.0,0.0,0.0,0.4,0.6324555320336759,-0.4,,,0.6,1.0,0.1,0.15811388300841897,0.0
pixtral,zero_shot,Accuracy of Final Answer,10,10,1.0,0.0,0.04255319148936165,0.07894736842105265,0.9,1.140175425099138,0.9,0.0,0.0,0.3,0.8,0.225,0.2850438562747845,0.0
pixtral,zero_shot,Clarity & Presentation,10,10,1.0,0.0,0.0,0.0,0.4,0.6324555320336759,-0.2,,,0.6,1.0,0.1,0.15811388300841897,0.0
pixtral,zero_shot,Concept of Histogram Equalization,4,4,1.0,0.0,0.0,0.0,0.75,1.118033988749895,0.75,,,0.5,0.75,0.1875,0.2795084971874737,0.0
pixtral,zero_shot,Necessity of Histogram Equalization,4,4,1.0,0.0,0.0,0.0,1.5,1.5811388300841898,1.5,,,0.0,0.5,0.375,0.39528470752104744,0.0
pixtral,zero_shot,Concept of Histogram Matching,4,4,1.0,0.0,0.0,0.0,0.75,1.118033988749895,0.75,,,0.5,0.75,0.1875,0.2795084971874737,0.0
pixtral,zero_shot,Necessity of Histogram Matching,4,4,1.0,0.0,0.0,0.0,1.5,1.5811388300841898,1.5,,,0.0,0.5,0.375,0.39528470752104744,0.0
pixtral,zero_shot,Understanding of schema and instance (2),6,6,1.0,0.0,0.0,0.0,0.4166666666666667,0.5400617248673217,-0.08333333333333333,0.0,0.0,0.3333333333333333,1.0,0.20833333333333334,0.27003086243366087,0.0
pixtral,zero_shot,Explanation of different types of keys with examples (4),6,6,1.0,0.0,0.0,0.0,0.6666666666666666,0.816496580927726,0.6666666666666666,,,0.3333333333333333,1.0,0.16666666666666666,0.2041241452319315,0.0
pixtral,zero_shot,Correct identification of keys in given relation (2),6,6,1.0,-0.24390243902439046,-0.17391304347826075,-0.09090909090909083,0.75,0.8416254115301732,0.25,-0.5423261445466406,-0.5656854249492381,0.0,0.8333333333333334,0.375,0.4208127057650866,0.0
pixtral,zero_shot,Clear and organized writing (2),6,6,1.0,0.0,0.0,0.0,0.3333333333333333,0.5773502691896257,-0.3333333333333333,,,0.6666666666666666,1.0,0.16666666666666666,0.28867513459481287,0.0
pixtral,zero_shot,Definition of Method Overloading,5,5,1.0,0.0,0.0,0.0,1.6,2.0976176963403033,1.6,,,0.4,0.4,0.4,0.5244044240850758,0.0
pixtral,zero_shot,Definition of Method Overriding,5,5,1.0,0.0,0.0,0.0,2.5,2.692582403567252,2.5,,,0.0,0.2,0.625,0.673145600891813,0.0
pixtral,zero_shot,Comparision,5,5,1.0,0.0,0.0,0.0,1.2,1.5491933384829668,0.0,,,0.2,0.8,0.3,0.3872983346207417,0.0
pixtral,zero_shot,Example / Application,13,13,1.0,0.12812812812812802,0.08355091383812019,-0.024242424242424176,2.076923076923077,2.2702083943651856,1.4615384615384615,0.33866700533384136,0.40061680838488767,0.0,0.3076923076923077,0.5192307692307693,0.5675520985912964,0.0
pixtral,zero_shot,Definition of Data Mining,8,8,1.0,-0.04761904761904767,0.16666666666666663,0.3142857142857143,0.625,1.1726039399558574,0.375,-0.06666666666666665,0.12344267996967351,0.625,0.875,0.15625,0.29315098498896436,0.0
pixtral,zero_shot,KDD Process Steps,8,8,1.0,0.4666666666666667,0.3191489361702128,0.05882352941176472,1.0,1.3228756555322954,0.25,0.6652673486360878,0.6065769825774621,0.25,0.875,0.25,0.33071891388307384,0.0
pixtral,zero_shot,Importance of Data Mining Marks=(4),8,8,1.0,0.11926605504587151,0.09433962264150941,0.05084745762711862,1.5,1.7320508075688772,1.25,0.33073420335460985,0.17770466332772772,0.125,0.5,0.375,0.4330127018922193,0.0
pixtral,zero_shot,Understanding of normalization and related problems(3),10,10,1.0,0.3783783783783784,0.1071428571428571,-0.04651162790697683,1.0,1.0723805294763609,-1.0,0.8249579113843055,0.7559289460184544,0.1,0.8,0.33333333333333337,0.35746017649212036,0.0
pixtral,zero_shot,Explanation of normal forms(3),10,10,1.0,0.6387832699619772,0.4943820224719101,0.33333333333333337,0.45,0.689202437604511,-0.45,0.7586061162026079,0.7897384115351608,0.5,0.9,0.15,0.2297341458681704,0.0
pixtral,zero_shot,Use of example(2),10,10,1.0,0.26294820717131473,0.15000000000000002,-0.030927835051546504,0.85,0.9617692030835673,-0.65,0.45635689750476227,0.515539262226467,0.0,0.7,0.425,0.48088460154178364,0.0
pixtral,zero_shot,Clear and organized writing(2),10,10,1.0,0.6354515050167224,0.41025641025641024,0.16666666666666663,0.22999999523162842,0.33015147605148953,-0.02999999523162842,0.6399809995322016,0.7374285681282449,0.5,1.0,0.11499999761581421,0.16507573802574477,0.0
pixtral,zero_shot,Definition of Quantization,3,3,1.0,-0.5000000000000002,-0.5000000000000002,-0.5,0.3333333333333333,0.408248290463863,0.0,-0.49999999999999994,-0.5000000000000001,0.3333333333333333,1.0,0.1333333333333333,0.16329931618554516,0.0
pixtral,zero_shot,Purpose of Quantization,3,3,1.0,0.0,0.0,0.0,0.6666666666666666,0.7071067811865476,-0.6666666666666666,,,0.0,1.0,0.26666666666666666,0.282842712474619,0.0
pixtral,zero_shot,Max-Lloyd Algorithm Explanation,3,3,1.0,-0.2857142857142858,-0.20000000000000018,-0.125,0.6666666666666666,0.7071067811865476,-0.3333333333333333,-0.49999999999999994,-0.5000000000000001,0.0,1.0,0.26666666666666666,0.28284271247461906,0.0
pixtral,zero_shot,Boundary & Centroid Conditions,3,3,1.0,0.3999999999999999,0.2499999999999999,0.1428571428571428,0.3333333333333333,0.408248290463863,0.0,0.5,0.5000000000000001,0.3333333333333333,1.0,0.13333333333333333,0.16329931618554522,0.0
pixtral,zero_shot,Importance of R² and Variability (eg. 0.85 or 85%) explained by the model,2,2,1.0,0.0,0.0,0.0,0.5,0.7071067811865476,-0.5,,,0.5,1.0,0.16666666666666666,0.23570226039551584,0.0
pixtral,zero_shot,"Mathematical Expression & Interpretation and Evaluate model performance by               R² ≈ 1 → very good fit 
R² ≈ 0 → poor fit 
R²<0 → model is worse than just using the mean",2,2,1.0,,,,2.0,2.0,2.0,,,0.0,0.0,0.6666666666666666,0.6666666666666666,0.0
pixtral,zero_shot,Critical Insight (Limitations / Adjusted R²) and higher R² strengthens confidence,2,2,1.0,0.1333333333333333,0.0,0.0,1.25,1.2747548783981961,1.25,1.0,0.9999999999999999,0.0,0.5,0.41666666666666663,0.42491829279939874,0.0
pixtral,zero_shot,Enables comparison between models and overfitting issues,2,2,1.0,0.0,0.0,0.0,1.0,1.118033988749895,1.0,,,0.0,0.5,0.3333333333333333,0.37267799624996495,0.0
pixtral,zero_shot,Identification of Layers (2 Marks),9,9,1.0,,,,0.0,0.0,0.0,,,1.0,1.0,0.0,0.0,0.0
pixtral,zero_shot,Explanation of Layers with diagram (4 Marks),9,9,1.0,0.5384615384615384,0.4,0.2941176470588235,0.4444444444444444,0.6666666666666666,-0.2222222222222222,0.6390096504226936,0.6674238124719146,0.5555555555555556,1.0,0.1111111111111111,0.16666666666666666,0.0
pixtral,zero_shot,Technical Accuracy (2 Marks),9,9,1.0,0.0,0.0,0.0,0.7222222222222222,0.8333333333333334,0.3888888888888889,,,0.0,0.7777777777777778,0.3611111111111111,0.4166666666666667,0.0
pixtral,zero_shot,Examples/Protocols(1 Mark),9,9,1.0,0.11764705882352955,0.06896551724137945,0.0,0.5,0.5270462766947299,-0.2777777777777778,0.316227766016838,0.31622776601683794,0.0,1.0,0.5,0.5270462766947299,0.0
pixtral,zero_shot,Clarity & Organization (1 Mark),9,9,1.0,0.0,0.0,0.0,0.5833333333333334,0.6291528696058958,0.4166666666666667,,,0.0,1.0,0.5833333333333334,0.6291528696058958,0.0
qwen25vl,few_shot,Supervised Learning,9,9,1.0,0.0,0.0,0.0,0.3333333333333333,0.408248290463863,-0.3333333333333333,,,0.3333333333333333,1.0,0.1333333333333333,0.16329931618554516,0.0
qwen25vl,few_shot,Unsupervised Learning,9,9,1.0,0.0,0.0,0.0,0.3333333333333333,0.408248290463863,-0.3333333333333333,,,0.3333333333333333,1.0,0.1333333333333333,0.16329931618554516,0.0
qwen25vl,few_shot,Reinforcement Learning,9,9,1.0,0.0,0.0,0.0,0.5,0.7637626158259734,-0.05555555555555555,,,0.3333333333333333,0.8888888888888888,0.19999999999999998,0.30550504633038933,0.0
qwen25vl,few_shot,"Example, Overall Clarity & Structure",9,9,1.0,0.0,0.0,0.0,0.5,0.6009252125773316,0.2777777777777778,,,0.2222222222222222,1.0,0.2,0.24037008503093266,0.0
qwen25vl,few_shot,Defintion of climate and weather,6,6,1.0,0.0,0.0,0.0,0.8333333333333334,0.8660254037844386,-0.8333333333333334,,,0.0,1.0,0.4166666666666667,0.4330127018922193,0.0
qwen25vl,few_shot,Name of the climate variables,6,6,1.0,0.0,0.0,0.0,0.6666666666666666,0.7637626158259734,-0.16666666666666666,,,0.0,0.8333333333333334,0.3333333333333333,0.3818813079129867,0.0
qwen25vl,few_shot,Hemato-biochemical changes in rohu due to an increase of temparature,6,6,1.0,0.0,0.0,0.0,0.25,0.25,-0.16666666666666666,,,0.0,1.0,0.125,0.125,0.0
qwen25vl,few_shot,Understanding of Concept,10,10,1.0,0.0,0.0,0.0,0.5,0.7071067811865476,-0.5,,,0.5,1.0,0.125,0.1767766952966369,0.0
qwen25vl,few_shot,Step-by-Step Procedure,10,10,1.0,0.0,0.0,0.0,0.4,0.6324555320336759,-0.4,,,0.6,1.0,0.1,0.15811388300841897,0.0
qwen25vl,few_shot,Accuracy of Final Answer,10,10,1.0,-0.33333333333333326,-0.15384615384615374,-0.04166666666666674,0.6,0.8944271909999159,0.2,-0.3952847075210474,-0.3952847075210474,0.5,0.9,0.15,0.22360679774997896,0.0
qwen25vl,few_shot,Clarity & Presentation,10,10,1.0,0.032258064516129004,0.09090909090909094,0.1428571428571429,0.8,1.0954451150103321,-0.8,0.06804138174397721,0.040662503039522215,0.4,0.8,0.2,0.27386127875258304,0.0
qwen25vl,few_shot,Concept of Histogram Equalization,4,4,1.0,0.5555555555555556,0.33333333333333337,0.11111111111111116,0.5,0.7071067811865476,0.5,0.8703882797784892,0.8164965809277261,0.5,1.0,0.125,0.1767766952966369,0.0
qwen25vl,few_shot,Necessity of Histogram Equalization,4,4,1.0,0.0,0.0,0.0,1.5,1.5811388300841898,1.5,,,0.0,0.5,0.375,0.39528470752104744,0.0
qwen25vl,few_shot,Concept of Histogram Matching,4,4,1.0,0.5555555555555556,0.33333333333333337,0.11111111111111116,0.5,0.7071067811865476,0.5,0.8703882797784892,0.8164965809277261,0.5,1.0,0.125,0.1767766952966369,0.0
qwen25vl,few_shot,Necessity of Histogram Matching,4,4,1.0,0.125,0.0,-0.1428571428571428,1.25,1.3228756555322954,1.25,0.5773502691896258,0.5773502691896257,0.0,0.75,0.3125,0.33071891388307384,0.0
qwen25vl,few_shot,Understanding of schema and instance (2),6,6,1.0,0.0,0.0,0.0,0.3333333333333333,0.5773502691896257,-0.3333333333333333,,,0.6666666666666666,1.0,0.16666666666666666,0.28867513459481287,0.0
qwen25vl,few_shot,Explanation of different types of keys with examples (4),6,6,1.0,0.0,0.0,0.0,0.3333333333333333,0.5773502691896257,-0.3333333333333333,,,0.6666666666666666,1.0,0.08333333333333333,0.14433756729740643,0.0
qwen25vl,few_shot,Correct identification of keys in given relation (2),6,6,1.0,0.0,0.0,0.0,0.8333333333333334,1.0801234497346435,0.8333333333333334,,,0.3333333333333333,0.8333333333333334,0.4166666666666667,0.5400617248673217,0.0
qwen25vl,few_shot,Clear and organized writing (2),6,6,1.0,0.0,0.0,0.0,0.3333333333333333,0.5773502691896257,-0.3333333333333333,,,0.6666666666666666,1.0,0.16666666666666666,0.28867513459481287,0.0
qwen25vl,few_shot,Definition of Method Overloading,5,5,1.0,0.0,0.0,0.0,1.6,2.0976176963403033,1.6,,,0.4,0.4,0.4,0.5244044240850758,0.0
qwen25vl,few_shot,Definition of Method Overriding,5,5,1.0,0.0,0.0,0.0,2.5,2.692582403567252,2.5,,,0.0,0.2,0.625,0.673145600891813,0.0
qwen25vl,few_shot,Comparision,5,5,1.0,-0.15384615384615374,-0.06060606060606055,0.04761904761904767,1.4,1.7320508075688772,-0.2,-0.32274861218395134,-0.3952847075210474,0.2,0.6,0.35,0.4330127018922193,0.0
qwen25vl,few_shot,Example / Application,13,13,1.0,0.5517241379310345,0.36585365853658536,0.052980132450331285,1.2307692307692308,1.5191090506254998,0.6153846153846154,0.6593804733957869,0.6671905698254519,0.15384615384615385,0.7692307692307693,0.3076923076923077,0.37977726265637496,0.0
qwen25vl,few_shot,Definition of Data Mining,8,8,1.0,0.7142857142857143,0.5555555555555556,0.368421052631579,0.5,0.8660254037844386,0.0,0.7453559924999298,0.6900655593423541,0.625,0.875,0.125,0.21650635094610965,0.0
qwen25vl,few_shot,KDD Process Steps,8,8,1.0,0.8028169014084507,0.6153846153846154,0.33333333333333337,0.625,0.9354143466934853,-0.125,0.8292279828967709,0.7844645405527362,0.5,0.875,0.15625,0.23385358667337133,0.0
qwen25vl,few_shot,Importance of Data Mining Marks=(4),8,8,1.0,0.7114427860696517,0.5056179775280899,0.23076923076923073,0.6875,0.9519716382329886,0.4375,0.7607997567822271,0.8421052631578949,0.375,0.875,0.171875,0.23799290955824715,0.0
qwen25vl,few_shot,Understanding of normalization and related problems(3),10,10,1.0,0.29268292682926833,0.09638554216867468,0.024390243902438935,0.75,0.85146931829632,-0.65,0.5270462766947298,0.5270462766947299,0.2,1.0,0.25000000000000006,0.28382310609877337,0.0
qwen25vl,few_shot,Explanation of normal forms(3),10,10,1.0,0.2659279778393352,0.22018348623853212,0.1358024691358024,0.85,1.1510864433221337,-0.85,0.4470390049816901,0.47338106833115084,0.3,0.7,0.2833333333333333,0.38369548110737794,0.0
qwen25vl,few_shot,Use of example(2),10,10,1.0,0.11262798634812288,0.08256880733944949,0.042553191489361764,1.0,1.140175425099138,-0.8,0.23236555852564186,0.2624997436527193,0.1,0.5,0.5,0.570087712549569,0.0
qwen25vl,few_shot,Clear and organized writing(2),10,10,1.0,0.0897959183673469,0.05684754521963831,0.01098901098901095,0.7299999952316284,0.8179241942883424,-0.6299999952316284,0.19914600504222368,0.18831089428867734,0.1,0.9,0.3649999976158142,0.4089620971441712,0.0
qwen25vl,few_shot,Definition of Quantization,3,3,1.0,0.0,0.0,0.0,0.3333333333333333,0.408248290463863,-0.3333333333333333,,,0.3333333333333333,1.0,0.1333333333333333,0.16329931618554516,0.0
qwen25vl,few_shot,Purpose of Quantization,3,3,1.0,,,,0.5,0.5,-0.5,,,0.0,1.0,0.19999999999999996,0.19999999999999996,0.0
qwen25vl,few_shot,Max-Lloyd Algorithm Explanation,3,3,1.0,0.0,0.0,0.0,0.5,0.5,-0.16666666666666666,,,0.0,1.0,0.19999999999999998,0.2,0.0
qwen25vl,few_shot,Boundary & Centroid Conditions,3,3,1.0,0.0,0.0,0.0,0.8333333333333334,0.9574271077563381,-0.8333333333333334,,,0.0,0.6666666666666666,0.3333333333333333,0.3829708431025352,0.0
qwen25vl,few_shot,Importance of R² and Variability (eg. 0.85 or 85%) explained by the model,2,2,1.0,,,,1.0,1.0,-1.0,,,0.0,1.0,0.3333333333333333,0.3333333333333333,0.0
qwen25vl,few_shot,"Mathematical Expression & Interpretation and Evaluate model performance by               R² ≈ 1 → very good fit 
R² ≈ 0 → poor fit 
R²<0 → model is worse than just using the mean",2,2,1.0,,,,1.0,1.0,1.0,,,0.0,1.0,0.3333333333333333,0.3333333333333333,0.0
qwen25vl,few_shot,Critical Insight (Limitations / Adjusted R²) and higher R² strengthens confidence,2,2,1.0,0.6666666666666667,0.5,0.33333333333333337,0.25,0.3535533905932738,0.25,1.0,0.9999999999999999,0.5,1.0,0.08333333333333333,0.11785113019775792,0.0
qwen25vl,few_shot,Enables comparison between models and overfitting issues,2,2,1.0,0.0,0.0,0.0,0.5,0.5,0.0,,,0.0,1.0,0.16666666666666666,0.16666666666666666,0.0
qwen25vl,few_shot,Identification of Layers (2 Marks),9,9,1.0,0.0,0.0,0.0,0.3333333333333333,0.5773502691896257,-0.3333333333333333,,,0.6666666666666666,1.0,0.16666666666666666,0.28867513459481287,0.0
qwen25vl,few_shot,Explanation of Layers with diagram (4 Marks),9,9,1.0,0.4545454545454545,0.25,0.07692307692307687,0.4444444444444444,0.6666666666666666,0.2222222222222222,0.7216878364870323,0.6030226891555273,0.5555555555555556,1.0,0.1111111111111111,0.16666666666666666,0.0
qwen25vl,few_shot,Technical Accuracy (2 Marks),9,9,1.0,0.2568807339449539,0.11764705882352933,0.0,0.5555555555555556,0.7071067811865476,0.1111111111111111,0.342381191631163,0.4525375668749575,0.3333333333333333,1.0,0.2777777777777778,0.3535533905932738,0.0
qwen25vl,few_shot,Examples/Protocols(1 Mark),9,9,1.0,0.43243243243243235,0.27586206896551735,0.16000000000000003,0.3888888888888889,0.44095855184409843,-0.2777777777777778,0.7559289460184545,0.7559289460184544,0.2222222222222222,1.0,0.3888888888888889,0.44095855184409843,0.0
qwen25vl,few_shot,Clarity & Organization (1 Mark),9,9,1.0,0.13289036544850497,0.08163265306122447,0.0,0.5,0.5385164807134505,0.30000000000000004,0.3162277660168379,0.31622776601683794,0.0,1.0,0.5,0.5385164807134505,0.0
qwen25vl,full,Supervised Learning,9,9,1.0,0.0,0.0,0.0,0.16666666666666666,0.28867513459481287,0.16666666666666666,,,0.6666666666666666,1.0,0.06666666666666665,0.11547005383792512,0.0
qwen25vl,full,Unsupervised Learning,9,9,1.0,0.0,0.0,0.0,0.16666666666666666,0.28867513459481287,0.16666666666666666,,,0.6666666666666666,1.0,0.06666666666666665,0.11547005383792512,0.0
qwen25vl,full,Reinforcement Learning,9,9,1.0,0.0,0.0,0.0,0.4444444444444444,0.8819171036881969,0.4444444444444444,,,0.5555555555555556,0.8888888888888888,0.17777777777777776,0.35276684147527876,0.0
qwen25vl,full,"Example, Overall Clarity & Structure",9,9,1.0,-0.3764705882352939,-0.3695652173913042,-0.3728813559322035,0.7777777777777778,0.8498365855987975,0.2222222222222222,-0.4237017130659009,-0.4177125516562908,0.0,0.8888888888888888,0.3111111111111111,0.33993463423951903,0.0
qwen25vl,full,Defintion of climate and weather,6,6,1.0,,,,0.0,0.0,0.0,,,1.0,1.0,0.0,0.0,0.0
qwen25vl,full,Name of the climate variables,6,6,1.0,0.0,0.0,0.0,0.3333333333333333,0.816496580927726,0.3333333333333333,,,0.8333333333333334,0.8333333333333334,0.16666666666666666,0.408248290463863,0.0
qwen25vl,full,Hemato-biochemical changes in rohu due to an increase of temparature,6,6,1.0,0.0,0.0,0.0,0.08333333333333333,0.2041241452319315,0.08333333333333333,,,0.8333333333333334,1.0,0.041666666666666664,0.10206207261596575,0.0
qwen25vl,full,Understanding of Concept,10,10,1.0,0.0,0.0,0.0,0.5,0.7071067811865476,0.5,,,0.5,1.0,0.125,0.1767766952966369,0.0
qwen25vl,full,Step-by-Step Procedure,10,10,1.0,0.0,0.0,0.0,0.6,0.7745966692414834,0.6,,,0.4,1.0,0.15,0.19364916731037085,0.0
qwen25vl,full,Accuracy of Final Answer,10,10,1.0,0.0,0.0,0.0,0.4,0.6324555320336759,0.0,,,0.6,1.0,0.1,0.15811388300841897,0.0
qwen25vl,full,Clarity & Presentation,10,10,1.0,0.0,0.0,0.0,0.4,0.6324555320336759,-0.2,,,0.6,1.0,0.1,0.15811388300841897,0.0
qwen25vl,full,Concept of Histogram Equalization,4,4,1.0,0.0,0.0,0.0,0.75,0.8660254037844386,-0.25,,,0.25,1.0,0.1875,0.21650635094610965,0.0
qwen25vl,full,Necessity of Histogram Equalization,4,4,1.0,0.0,0.0,0.0,0.5,0.7071067811865476,0.5,,,0.5,1.0,0.125,0.1767766952966369,0.0
qwen25vl,full,Concept of Histogram Matching,4,4,1.0,0.0,0.0,0.0,0.75,0.8660254037844386,-0.25,,,0.25,1.0,0.1875,0.21650635094610965,0.0
qwen25vl,full,Necessity of Histogram Matching,4,4,1.0,0.0,0.0,0.0,0.5,0.7071067811865476,0.5,,,0.5,1.0,0.125,0.1767766952966369,0.0
qwen25vl,full,Understanding of schema and instance (2),6,6,1.0,0.0,0.0,0.0,0.3333333333333333,0.5773502691896257,-0.3333333333333333,,,0.6666666666666666,1.0,0.16666666666666666,0.28867513459481287,0.0
qwen25vl,full,Explanation of different types of keys with examples (4),6,6,1.0,0.0,0.0,0.0,0.3333333333333333,0.5773502691896257,-0.3333333333333333,,,0.6666666666666666,1.0,0.08333333333333333,0.14433756729740643,0.0
qwen25vl,full,Correct identification of keys in given relation (2),6,6,1.0,0.0,0.0,0.0,0.5,0.7071067811865476,-0.16666666666666666,,,0.5,1.0,0.25,0.3535533905932738,0.0
qwen25vl,full,Clear and organized writing (2),6,6,1.0,0.0,0.0,0.0,0.3333333333333333,0.5773502691896257,-0.3333333333333333,,,0.6666666666666666,1.0,0.16666666666666666,0.28867513459481287,0.0
qwen25vl,full,Definition of Method Overloading,5,5,1.0,0.161849710982659,0.0,-0.19047619047619047,2.2,2.4083189157584592,2.2,0.8427009716003843,0.9128709291752769,0.0,0.4,0.55,0.6020797289396148,0.0
qwen25vl,full,Definition of Method Overriding,5,5,1.0,0.03686635944700456,0.0,0.0,3.1,3.2326459750489227,3.1,0.408248290463863,0.408248290463863,0.0,0.0,0.775,0.8081614937622307,0.0
qwen25vl,full,Comparision,5,5,1.0,0.0,0.0,0.0,1.0,1.8439088914585775,1.0,,,0.6,0.8,0.25,0.4609772228646444,0.0
qwen25vl,full,Example / Application,13,13,1.0,0.7474560592044404,0.689419795221843,0.5411764705882353,0.5384615384615384,1.270977818604485,0.07692307692307693,0.7498162620320795,0.7673122675560641,0.7692307692307693,0.8461538461538461,0.1346153846153846,0.3177444546511213,0.0
qwen25vl,full,Definition of Data Mining,8,8,1.0,0.6842105263157895,0.5555555555555556,0.4285714285714286,0.5,0.8660254037844386,-0.5,0.7700535410868201,0.7606388292556648,0.625,0.875,0.125,0.21650635094610965,0.0
qwen25vl,full,KDD Process Steps,8,8,1.0,0.9318181818181819,0.7931034482758621,0.5,0.375,0.6123724356957945,0.125,0.9344767269690312,0.9207368843792509,0.625,1.0,0.09375,0.15309310892394862,0.0
qwen25vl,full,Importance of Data Mining Marks=(4),8,8,1.0,0.689922480620155,0.4893617021276596,0.28888888888888886,0.75,1.118033988749895,-0.25,0.713646139246883,0.5735393346764045,0.5,0.75,0.1875,0.2795084971874737,0.0
qwen25vl,full,Understanding of normalization and related problems(3),10,10,1.0,0.47619047619047616,0.2857142857142857,0.13043478260869557,0.45,0.5244044240850758,-0.05,0.5646924393157821,0.5303300858899107,0.2,1.0,0.15,0.17480147469502527,0.0
qwen25vl,full,Explanation of normal forms(3),10,10,1.0,0.691358024691358,0.45945945945945943,0.1954022988505747,0.4,0.5,0.1,0.8224628936244653,0.833585396052301,0.3,1.0,0.13333333333333336,0.16666666666666669,0.0
qwen25vl,full,Use of example(2),10,10,1.0,0.5454545454545454,0.3571428571428571,0.17647058823529416,0.45,0.570087712549569,-0.05,0.8238415256818213,0.8510392896474794,0.3,1.0,0.225,0.2850438562747845,0.0
qwen25vl,full,Clear and organized writing(2),10,10,1.0,0.5578947368421052,0.4,0.2592592592592593,0.1799999952316284,0.2898275299880556,0.12000000476837158,0.7196412234211267,0.6590881300103707,0.6,1.0,0.0899999976158142,0.1449137649940278,0.0
qwen25vl,full,Definition of Quantization,3,3,1.0,0.0,0.0,0.0,0.16666666666666666,0.28867513459481287,0.16666666666666666,,,0.6666666666666666,1.0,0.06666666666666665,0.11547005383792512,0.0
qwen25vl,full,Purpose of Quantization,3,3,1.0,,,,0.0,0.0,0.0,,,1.0,1.0,0.0,0.0,0.0
qwen25vl,full,Max-Lloyd Algorithm Explanation,3,3,1.0,0.0,0.0,0.0,0.3333333333333333,0.5773502691896257,0.3333333333333333,,,0.6666666666666666,1.0,0.13333333333333333,0.23094010767585033,0.0
qwen25vl,full,Boundary & Centroid Conditions,3,3,1.0,0.0,0.0,0.0,0.6666666666666666,0.816496580927726,0.6666666666666666,,,0.3333333333333333,1.0,0.26666666666666666,0.32659863237109044,0.0
qwen25vl,full,Importance of R² and Variability (eg. 0.85 or 85%) explained by the model,2,2,1.0,,,,1.0,1.0,-1.0,,,0.0,1.0,0.3333333333333333,0.3333333333333333,0.0
qwen25vl,full,"Mathematical Expression & Interpretation and Evaluate model performance by               R² ≈ 1 → very good fit 
R² ≈ 0 → poor fit 
R²<0 → model is worse than just using the mean",2,2,1.0,,,,0.5,0.5,0.5,,,0.0,1.0,0.16666666666666666,0.16666666666666666,0.0
qwen25vl,full,Critical Insight (Limitations / Adjusted R²) and higher R² strengthens confidence,2,2,1.0,0.0,0.0,0.0,0.25,0.3535533905932738,0.25,,,0.5,1.0,0.08333333333333333,0.11785113019775792,0.0
qwen25vl,full,Enables comparison between models and overfitting issues,2,2,1.0,,,,0.0,0.0,0.0,,,1.0,1.0,0.0,0.0,0.0
qwen25vl,full,Identification of Layers (2 Marks),9,9,1.0,,,,0.0,0.0,0.0,,,1.0,1.0,0.0,0.0,0.0
qwen25vl,full,Explanation of Layers with diagram (4 Marks),9,9,1.0,0.3571428571428571,0.18181818181818177,0.052631578947368474,0.6666666666666666,0.816496580927726,-0.4444444444444444,0.5455447255899807,0.5698028822981898,0.3333333333333333,1.0,0.16666666666666666,0.2041241452319315,0.0
qwen25vl,full,Technical Accuracy (2 Marks),9,9,1.0,0.320754716981132,0.25,0.18181818181818177,0.6666666666666666,0.9428090415820634,0.0,0.3254818219536804,0.33333333333333337,0.4444444444444444,0.8888888888888888,0.3333333333333333,0.4714045207910317,0.0
qwen25vl,full,Examples/Protocols(1 Mark),9,9,1.0,0.7272727272727273,0.7272727272727273,0.7272727272727273,0.1111111111111111,0.3333333333333333,0.1111111111111111,0.7559289460184545,0.7559289460184544,0.8888888888888888,1.0,0.1111111111111111,0.3333333333333333,0.0
qwen25vl,full,Clarity & Organization (1 Mark),9,9,1.0,0.7272727272727273,0.7272727272727273,0.7272727272727273,0.1111111111111111,0.3333333333333333,-0.1111111111111111,0.7559289460184544,0.7559289460184544,0.8888888888888888,1.0,0.1111111111111111,0.3333333333333333,0.0
qwen25vl,lora,Supervised Learning,9,9,1.0,-0.36363636363636376,-0.36363636363636354,-0.36363636363636354,0.2777777777777778,0.37267799624996495,0.05555555555555555,-0.3779644730092272,-0.3779644730092272,0.4444444444444444,1.0,0.11111111111111109,0.14907119849998596,0.0
qwen25vl,lora,Unsupervised Learning,9,9,1.0,0.0,0.0,0.0,0.16666666666666666,0.28867513459481287,0.16666666666666666,,,0.6666666666666666,1.0,0.06666666666666665,0.11547005383792512,0.0
qwen25vl,lora,Reinforcement Learning,9,9,1.0,0.0,0.0,0.0,0.4444444444444444,0.8819171036881969,0.4444444444444444,,,0.5555555555555556,0.8888888888888888,0.17777777777777776,0.35276684147527876,0.0
qwen25vl,lora,"Example, Overall Clarity & Structure",9,9,1.0,-0.013245033112582849,-0.13793103448275867,-0.22033898305084754,0.6111111111111112,0.6871842709362768,0.16666666666666666,-0.014744195615489702,-0.009180495640797601,0.1111111111111111,1.0,0.24444444444444446,0.27487370837451075,0.0
qwen25vl,lora,Defintion of climate and weather,6,6,1.0,,,,0.0,0.0,0.0,,,1.0,1.0,0.0,0.0,0.0
qwen25vl,lora,Name of the climate variables,6,6,1.0,0.2139037433155081,0.1923076923076924,0.4545454545454546,0.2916666666666667,0.7144345083117603,0.2916666666666667,0.9999999999999996,1.0,0.8333333333333334,0.8333333333333334,0.14583333333333334,0.3572172541558801,0.0
qwen25vl,lora,Hemato-biochemical changes in rohu due to an increase of temparature,6,6,1.0,0.0,0.0,0.0,0.08333333333333333,0.2041241452319315,0.08333333333333333,,,0.8333333333333334,1.0,0.041666666666666664,0.10206207261596575,0.0
qwen25vl,lora,Understanding of Concept,10,10,1.0,0.0,0.0,0.0,0.5,0.7071067811865476,0.3,0.0,0.0,0.5,1.0,0.125,0.1767766952966369,0.0
qwen25vl,lora,Step-by-Step Procedure,10,10,1.0,0.16666666666666663,0.16666666666666663,0.16666666666666663,0.4,0.6324555320336759,0.0,0.16666666666666674,0.16666666666666669,0.6,1.0,0.1,0.15811388300841897,0.0
qwen25vl,lora,Accuracy of Final Answer,10,10,1.0,0.0,0.0,0.0,0.4,0.6324555320336759,0.0,,,0.6,1.0,0.1,0.15811388300841897,0.0
qwen25vl,lora,Clarity & Presentation,10,10,1.0,0.34782608695652173,0.31818181818181823,0.30232558139534893,0.3,0.5477225575051661,-0.1,0.4444444444444445,0.46481112585226414,0.7,1.0,0.075,0.13693063937629152,0.0
qwen25vl,lora,Concept of Histogram Equalization,4,4,1.0,-0.33333333333333326,-0.33333333333333326,-0.33333333333333326,1.0,1.224744871391589,0.5,-0.5222329678670934,-0.5443310539518174,0.25,0.75,0.25,0.30618621784789724,0.0
qwen25vl,lora,Necessity of Histogram Equalization,4,4,1.0,1.0,1.0,1.0,0.0,0.0,0.0,1.0,1.0,1.0,1.0,0.0,0.0,0.0
qwen25vl,lora,Concept of Histogram Matching,4,4,1.0,0.4285714285714286,0.33333333333333337,0.2727272727272727,0.5,0.7071067811865476,0.0,0.5222329678670934,0.5443310539518174,0.5,1.0,0.125,0.1767766952966369,0.0
qwen25vl,lora,Necessity of Histogram Matching,4,4,1.0,0.5,0.5,0.5,0.25,0.5,-0.25,0.5773502691896256,0.5773502691896257,0.75,1.0,0.0625,0.125,0.0
qwen25vl,lora,Understanding of schema and instance (2),6,6,1.0,0.5714285714285714,0.5714285714285714,0.5714285714285714,0.16666666666666666,0.408248290463863,-0.16666666666666666,0.6324555320336759,0.632455532033676,0.8333333333333334,1.0,0.08333333333333333,0.2041241452319315,0.0
qwen25vl,lora,Explanation of different types of keys with examples (4),6,6,1.0,0.4999999999999999,0.3999999999999999,0.33333333333333326,0.3333333333333333,0.5773502691896257,-0.3333333333333333,0.6123724356957944,0.6123724356957945,0.6666666666666666,1.0,0.08333333333333333,0.14433756729740643,0.0
qwen25vl,lora,Correct identification of keys in given relation (2),6,6,1.0,0.47058823529411753,0.3076923076923076,0.18181818181818177,0.5,0.7071067811865476,0.5,0.6859943405700353,0.6708203932499369,0.5,1.0,0.25,0.3535533905932738,0.0
qwen25vl,lora,Clear and organized writing (2),6,6,1.0,0.0,0.0,0.0,0.3333333333333333,0.5773502691896257,-0.3333333333333333,,,0.6666666666666666,1.0,0.16666666666666666,0.28867513459481287,0.0
qwen25vl,lora,Definition of Method Overloading,5,5,1.0,0.39252336448598135,0.3589743589743589,0.33333333333333337,1.0,1.61245154965971,1.0,0.51604684654214,0.5590169943749475,0.6,0.6,0.25,0.4031128874149275,0.0
qwen25vl,lora,Definition of Method Overriding,5,5,1.0,0.0,0.0,0.0,2.5,2.692582403567252,2.5,,,0.0,0.2,0.625,0.673145600891813,0.0
qwen25vl,lora,Comparision,5,5,1.0,0.16326530612244894,0.15384615384615385,0.16666666666666674,2.2,2.8635642126552705,-2.2,0.32274861218395134,0.3952847075210474,0.4,0.4,0.55,0.7158910531638176,0.0
qwen25vl,lora,Example / Application,13,13,1.0,0.8059701492537313,0.8059701492537313,0.8059701492537313,0.3076923076923077,1.1094003924504583,-0.3076923076923077,0.8215838362577492,0.8215838362577491,0.9230769230769231,0.9230769230769231,0.07692307692307693,0.2773500981126146,0.0
qwen25vl,lora,Definition of Data Mining,8,8,1.0,0.7,0.5555555555555556,0.4,0.5,0.8660254037844386,-0.25,0.7378647873726218,0.6620374995373379,0.625,0.875,0.125,0.21650635094610965,0.0
qwen25vl,lora,KDD Process Steps,8,8,1.0,0.864406779661017,0.7192982456140351,0.4782608695652174,0.5,0.8660254037844386,0.25,0.8742857142857143,0.8945302703857816,0.625,0.875,0.125,0.21650635094610965,0.0
qwen25vl,lora,Importance of Data Mining Marks=(4),8,8,1.0,0.8195488721804511,0.6799999999999999,0.5,0.5,0.8660254037844386,0.25,0.8517444716879506,0.872660122004214,0.625,0.875,0.125,0.21650635094610965,0.0
qwen25vl,lora,Understanding of normalization and related problems(3),10,10,1.0,0.6086956521739131,0.4444444444444444,0.2857142857142857,0.35,0.4743416490252569,-0.05,0.6662136141735209,0.6381371265238076,0.4,1.0,0.11666666666666665,0.15811388300841897,0.0
qwen25vl,lora,Explanation of normal forms(3),10,10,1.0,0.7933884297520661,0.5754716981132075,0.2405063291139241,0.45,0.6123724356957945,-0.45,0.9207153597283315,0.9276516547284609,0.4,1.0,0.15,0.2041241452319315,0.0
qwen25vl,lora,Use of example(2),10,10,1.0,0.9595141700404858,0.875,0.6825396825396826,0.1,0.22360679774997896,-0.1,0.9674758904283951,0.9424256455914298,0.8,1.0,0.05,0.11180339887498948,0.0
qwen25vl,lora,Clear and organized writing(2),10,10,1.0,0.10426540284360186,0.10810810810810811,0.11764705882352944,0.32999999523162843,0.43474129361104596,-0.22999999523162842,0.19914600504222374,0.18831089428867734,0.4,1.0,0.16499999761581421,0.21737064680552298,0.0
qwen25vl,lora,Definition of Quantization,3,3,1.0,0.0,0.0,0.0,0.16666666666666666,0.28867513459481287,0.16666666666666666,,,0.6666666666666666,1.0,0.06666666666666665,0.11547005383792512,0.0
qwen25vl,lora,Purpose of Quantization,3,3,1.0,,,,0.0,0.0,0.0,,,1.0,1.0,0.0,0.0,0.0
qwen25vl,lora,Max-Lloyd Algorithm Explanation,3,3,1.0,0.0,0.0,0.0,0.3333333333333333,0.5773502691896257,0.3333333333333333,,,0.6666666666666666,1.0,0.13333333333333333,0.23094010767585033,0.0
qwen25vl,lora,Boundary & Centroid Conditions,3,3,1.0,0.0,0.0,0.0,0.6666666666666666,0.816496580927726,0.6666666666666666,,,0.3333333333333333,1.0,0.26666666666666666,0.32659863237109044,0.0
qwen25vl,lora,Importance of R² and Variability (eg. 0.85 or 85%) explained by the model,2,2,1.0,,,,1.0,1.0,-1.0,,,0.0,1.0,0.3333333333333333,0.3333333333333333,0.0
qwen25vl,lora,"Mathematical Expression & Interpretation and Evaluate model performance by               R² ≈ 1 → very good fit 
R² ≈ 0 → poor fit 
R²<0 → model is worse than just using the mean",2,2,1.0,0.0,0.0,0.0,0.5,0.7071067811865476,0.5,,,0.5,1.0,0.16666666666666666,0.23570226039551584,0.0
qwen25vl,lora,Critical Insight (Limitations / Adjusted R²) and higher R² strengthens confidence,2,2,1.0,0.0,0.0,0.0,0.25,0.3535533905932738,0.25,,,0.5,1.0,0.08333333333333333,0.11785113019775792,0.0
qwen25vl,lora,Enables comparison between models and overfitting issues,2,2,1.0,,,,0.0,0.0,0.0,,,1.0,1.0,0.0,0.0,0.0
qwen25vl,lora,Identification of Layers (2 Marks),9,9,1.0,,,,0.0,0.0,0.0,,,1.0,1.0,0.0,0.0,0.0
qwen25vl,lora,Explanation of Layers with diagram (4 Marks),9,9,1.0,0.55,0.5135135135135136,0.49056603773584906,0.4444444444444444,0.816496580927726,-0.4444444444444444,0.6350852961085883,0.6277225454255997,0.6666666666666666,0.8888888888888888,0.1111111111111111,0.2041241452319315,0.0
qwen25vl,lora,Technical Accuracy (2 Marks),9,9,1.0,0.3305785123966942,0.20253164556962022,0.06896551724137934,0.7777777777777778,1.0,-0.3333333333333333,0.36563621206356534,0.378489059622558,0.3333333333333333,0.8888888888888888,0.3888888888888889,0.5,0.0
qwen25vl,lora,Examples/Protocols(1 Mark),9,9,1.0,0.5,0.5,0.5,0.2222222222222222,0.4714045207910317,0.0,0.5,0.5,0.7777777777777778,1.0,0.2222222222222222,0.4714045207910317,0.0
qwen25vl,lora,Clarity & Organization (1 Mark),9,9,1.0,0.3076923076923077,0.3076923076923076,0.3076923076923076,0.3333333333333333,0.5773502691896257,0.1111111111111111,0.3162277660168379,0.31622776601683794,0.6666666666666666,1.0,0.3333333333333333,0.5773502691896257,0.0
qwen25vl,zero_shot,Supervised Learning,9,9,1.0,-0.125,-0.125,-0.12499999999999978,0.3333333333333333,0.408248290463863,-0.2222222222222222,-0.18898223650461365,-0.1889822365046136,0.3333333333333333,1.0,0.1333333333333333,0.16329931618554516,0.0
qwen25vl,zero_shot,Unsupervised Learning,9,9,1.0,0.0,0.0,0.0,0.3333333333333333,0.408248290463863,-0.3333333333333333,,,0.3333333333333333,1.0,0.1333333333333333,0.16329931618554516,0.0
qwen25vl,zero_shot,Reinforcement Learning,9,9,1.0,0.37,0.18181818181818188,0.05263157894736836,0.4444444444444444,0.6236095644623235,-0.1111111111111111,0.9540646527893839,0.6123724356957946,0.3333333333333333,0.8888888888888888,0.17777777777777776,0.2494438257849294,0.0
qwen25vl,zero_shot,"Example, Overall Clarity & Structure",9,9,1.0,-0.3999999999999999,-0.16470588235294126,-0.016129032258064502,0.6111111111111112,0.7637626158259734,0.2777777777777778,-0.663488802697037,-0.658504607868518,0.2222222222222222,0.8888888888888888,0.24444444444444446,0.30550504633038933,0.0
qwen25vl,zero_shot,Defintion of climate and weather,6,6,1.0,,,,0.5,0.5,-0.5,,,0.0,1.0,0.25,0.25,0.0
qwen25vl,zero_shot,Name of the climate variables,6,6,1.0,0.0,0.0,0.0,0.6666666666666666,0.7637626158259734,-0.16666666666666666,,,0.0,0.8333333333333334,0.3333333333333333,0.3818813079129867,0.0
qwen25vl,zero_shot,Hemato-biochemical changes in rohu due to an increase of temparature,6,6,1.0,0.037735849056603765,0.03571428571428581,0.032258064516129115,0.375,0.4208127057650866,-0.375,0.20000000000000004,0.20000000000000007,0.16666666666666666,1.0,0.1875,0.2104063528825433,0.0
qwen25vl,zero_shot,Understanding of Concept,10,10,1.0,0.19999999999999996,0.19999999999999996,0.19999999999999996,0.4,0.6324555320336759,0.0,0.2,0.2,0.6,1.0,0.1,0.15811388300841897,0.0
qwen25vl,zero_shot,Step-by-Step Procedure,10,10,1.0,-0.36363636363636354,-0.36363636363636354,-0.36363636363636354,0.6,0.7745966692414834,-0.2,-0.40824829046386313,-0.408248290463863,0.4,1.0,0.15,0.19364916731037085,0.0
qwen25vl,zero_shot,Accuracy of Final Answer,10,10,1.0,0.0,0.04255319148936165,0.07894736842105265,0.9,1.140175425099138,0.9,0.0,0.0,0.3,0.8,0.225,0.2850438562747845,0.0
qwen25vl,zero_shot,Clarity & Presentation,10,10,1.0,0.0,0.0,0.0,0.4,0.6324555320336759,-0.2,,,0.6,1.0,0.1,0.15811388300841897,0.0
qwen25vl,zero_shot,Concept of Histogram Equalization,4,4,1.0,0.0,0.0,0.0,0.75,1.118033988749895,0.75,,,0.5,0.75,0.1875,0.2795084971874737,0.0
qwen25vl,zero_shot,Necessity of Histogram Equalization,4,4,1.0,0.0,0.0,0.0,1.5,1.5811388300841898,1.5,,,0.0,0.5,0.375,0.39528470752104744,0.0
qwen25vl,zero_shot,Concept of Histogram Matching,4,4,1.0,0.5555555555555556,0.33333333333333337,0.11111111111111116,0.5,0.7071067811865476,0.5,0.8703882797784892,0.8164965809277261,0.5,1.0,0.125,0.1767766952966369,0.0
qwen25vl,zero_shot,Necessity of Histogram Matching,4,4,1.0,0.125,0.0,-0.1428571428571428,1.25,1.3228756555322954,1.25,0.5773502691896258,0.5773502691896257,0.0,0.75,0.3125,0.33071891388307384,0.0
qwen25vl,zero_shot,Understanding of schema and instance (2),6,6,1.0,0.0,0.0,0.0,0.5,0.5,0.16666666666666666,,,0.0,1.0,0.25,0.25,0.0
qwen25vl,zero_shot,Explanation of different types of keys with examples (4),6,6,1.0,0.0,0.0,0.0,0.6666666666666666,0.816496580927726,0.6666666666666666,,,0.3333333333333333,1.0,0.16666666666666666,0.2041241452319315,0.0
qwen25vl,zero_shot,Correct identification of keys in given relation (2),6,6,1.0,0.0,0.0,0.0,0.6666666666666666,0.7637626158259734,0.3333333333333333,,,0.0,0.8333333333333334,0.3333333333333333,0.3818813079129867,0.0
qwen25vl,zero_shot,Clear and organized writing (2),6,6,1.0,0.0,0.0,0.0,0.5,0.5,0.16666666666666666,,,0.0,1.0,0.25,0.25,0.0
qwen25vl,zero_shot,Definition of Method Overloading,5,5,1.0,0.0,0.0,0.0,1.6,2.0976176963403033,1.6,,,0.4,0.4,0.4,0.5244044240850758,0.0
qwen25vl,zero_shot,Definition of Method Overriding,5,5,1.0,0.0,0.0,0.0,2.5,2.692582403567252,2.5,,,0.0,0.2,0.625,0.673145600891813,0.0
qwen25vl,zero_shot,Comparision,5,5,1.0,-0.15384615384615374,-0.06060606060606055,0.04761904761904767,1.4,1.7320508075688772,-0.2,-0.32274861218395134,-0.3952847075210474,0.2,0.6,0.35,0.4330127018922193,0.0
qwen25vl,zero_shot,Example / Application,13,13,1.0,0.41607565011820336,0.25287356321839094,0.025000000000000022,1.5384615384615385,1.7097008285302207,0.9230769230769231,0.6533052580081484,0.7735282274967528,0.07692307692307693,0.46153846153846156,0.38461538461538464,0.42742520713255516,0.0
qwen25vl,zero_shot,Definition of Data Mining,8,8,1.0,0.8064516129032258,0.6363636363636364,0.4418604651162791,0.375,0.6123724356957945,-0.375,0.8703882797784892,0.7833891945495459,0.625,1.0,0.09375,0.15309310892394862,0.0
qwen25vl,zero_shot,KDD Process Steps,8,8,1.0,0.808,0.5384615384615384,0.09433962264150941,0.75,0.8660254037844386,-0.25,0.9060938341128382,0.9144087208387989,0.25,1.0,0.1875,0.21650635094610965,0.0
qwen25vl,zero_shot,Importance of Data Mining Marks=(4),8,8,1.0,0.5051546391752577,0.3191489361702128,0.11111111111111116,1.0,1.224744871391589,0.75,0.6510226865429845,0.7249791782804239,0.25,0.75,0.25,0.30618621784789724,0.0
qwen25vl,zero_shot,Understanding of normalization and related problems(3),10,10,1.0,0.13793103448275867,0.1095890410958904,0.125,0.65,0.7905694150420949,-0.55,0.5270462766947299,0.5270462766947299,0.3,1.0,0.2166666666666667,0.26352313834736496,0.0
qwen25vl,zero_shot,Explanation of normal forms(3),10,10,1.0,0.7,0.4871794871794872,0.23076923076923084,0.4,0.5477225575051661,-0.3,0.8181680188713227,0.8421375869317116,0.4,1.0,0.13333333333333333,0.18257418583505539,0.0
qwen25vl,zero_shot,Use of example(2),10,10,1.0,0.14814814814814814,0.16666666666666663,0.17647058823529416,0.55,0.758287544405155,0.05,0.2834101006325679,0.3962029078465307,0.3,0.8,0.275,0.3791437722025775,0.0
qwen25vl,zero_shot,Clear and organized writing(2),10,10,1.0,0.0,0.0,0.0,0.27999999523162844,0.4289522084556475,0.2200000047683716,,,0.5,1.0,0.13999999761581422,0.21447610422782376,0.0
qwen25vl,zero_shot,Definition of Quantization,3,3,1.0,0.0,0.0,0.0,0.16666666666666666,0.28867513459481287,0.16666666666666666,,,0.6666666666666666,1.0,0.06666666666666665,0.11547005383792512,0.0
qwen25vl,zero_shot,Purpose of Quantization,3,3,1.0,0.0,0.0,0.0,0.16666666666666666,0.28867513459481287,-0.16666666666666666,,,0.6666666666666666,1.0,0.06666666666666665,0.11547005383792512,0.0
qwen25vl,zero_shot,Max-Lloyd Algorithm Explanation,3,3,1.0,0.0,0.0,0.0,0.5,0.5,-0.16666666666666666,,,0.0,1.0,0.19999999999999998,0.2,0.0
qwen25vl,zero_shot,Boundary & Centroid Conditions,3,3,1.0,0.0,0.0,0.0,0.5,0.5,0.16666666666666666,,,0.0,1.0,0.20000000000000004,0.20000000000000004,0.0
qwen25vl,zero_shot,Importance of R² and Variability (eg. 0.85 or 85%) explained by the model,2,2,1.0,,,,1.0,1.0,-1.0,,,0.0,1.0,0.3333333333333333,0.3333333333333333,0.0
qwen25vl,zero_shot,"Mathematical Expression & Interpretation and Evaluate model performance by               R² ≈ 1 → very good fit 
R² ≈ 0 → poor fit 
R²<0 → model is worse than just using the mean",2,2,1.0,,,,1.0,1.0,1.0,,,0.0,1.0,0.3333333333333333,0.3333333333333333,0.0
qwen25vl,zero_shot,Critical Insight (Limitations / Adjusted R²) and higher R² strengthens confidence,2,2,1.0,0.0,0.0,0.0,0.75,0.7905694150420949,0.75,,,0.0,1.0,0.25,0.26352313834736496,0.0
qwen25vl,zero_shot,Enables comparison between models and overfitting issues,2,2,1.0,,,,0.5,0.5,0.5,,,0.0,1.0,0.16666666666666666,0.16666666666666666,0.0
qwen25vl,zero_shot,Identification of Layers (2 Marks),9,9,1.0,,,,0.0,0.0,0.0,,,1.0,1.0,0.0,0.0,0.0
qwen25vl,zero_shot,Explanation of Layers with diagram (4 Marks),9,9,1.0,0.33333333333333326,0.18181818181818188,0.06250000000000011,0.6666666666666666,0.9428090415820634,0.6666666666666666,0.5773502691896258,0.6030226891555273,0.4444444444444444,0.8888888888888888,0.16666666666666666,0.23570226039551584,0.0
qwen25vl,zero_shot,Technical Accuracy (2 Marks),9,9,1.0,0.08163265306122447,0.0,0.0,0.7777777777777778,0.9128709291752769,0.5555555555555556,0.21320071635561044,0.19518001458970663,0.1111111111111111,0.7777777777777778,0.3888888888888889,0.45643546458763845,0.0
qwen25vl,zero_shot,Examples/Protocols(1 Mark),9,9,1.0,0.0,0.0,0.0,0.5,0.5,-0.16666666666666666,,,0.0,1.0,0.5,0.5,0.0
qwen25vl,zero_shot,Clarity & Organization (1 Mark),9,9,1.0,0.16393442622950805,0.08695652173913027,0.0,0.4666666666666667,0.47609522856952335,0.2,0.5,0.5,0.0,1.0,0.4666666666666667,0.47609522856952335,0.0
