model,regime,feature,group,n_total,n_valid,parse_rate,qwk,linear_kappa,cohen_kappa,mae,rmse,bias,pearson,spearman,exact_match,adjacent_match,mae_normalized,rmse_normalized,over_max_rate
donut,few_shot,handwriting_density_grp,high,102,0,0.0,,,,,,,,,,,,,
donut,few_shot,handwriting_density_grp,low,96,0,0.0,,,,,,,,,,,,,
donut,few_shot,handwriting_density_grp,mid,93,0,0.0,,,,,,,,,,,,,
donut,few_shot,answer_length_grp,high,99,0,0.0,,,,,,,,,,,,,
donut,few_shot,answer_length_grp,low,97,0,0.0,,,,,,,,,,,,,
donut,few_shot,answer_length_grp,mid,95,0,0.0,,,,,,,,,,,,,
donut,few_shot,subject,data_mining,32,0,0.0,,,,,,,,,,,,,
donut,few_shot,subject,databases,64,0,0.0,,,,,,,,,,,,,
donut,few_shot,subject,environment,18,0,0.0,,,,,,,,,,,,,
donut,few_shot,subject,image_processing,28,0,0.0,,,,,,,,,,,,,
donut,few_shot,subject,machine_learning,36,0,0.0,,,,,,,,,,,,,
donut,few_shot,subject,networking,45,0,0.0,,,,,,,,,,,,,
donut,few_shot,subject,other,40,0,0.0,,,,,,,,,,,,,
donut,few_shot,subject,programming,20,0,0.0,,,,,,,,,,,,,
donut,few_shot,criterion_scale_grp,large_scale,151,0,0.0,,,,,,,,,,,,,
donut,few_shot,criterion_scale_grp,small_scale,140,0,0.0,,,,,,,,,,,,,
donut,few_shot,criterion_type,application,74,0,0.0,,,,,,,,,,,,,
donut,few_shot,criterion_type,definition_theory,126,0,0.0,,,,,,,,,,,,,
donut,few_shot,criterion_type,numerical,48,0,0.0,,,,,,,,,,,,,
donut,few_shot,criterion_type,structure_clarity,34,0,0.0,,,,,,,,,,,,,
donut,full,handwriting_density_grp,high,102,66,0.6470588235294118,0.4509598603839441,0.3000307408545958,0.13684210526315788,0.5227272727272727,0.7359800721939872,0.14393939393939395,0.5541396437081475,0.5477584424844264,0.3787878787878788,0.9545454545454546,0.2102272727272727,0.32759742941234404,0.0
donut,full,handwriting_density_grp,low,96,40,0.4166666666666667,0.1928402566700439,0.15165601394538064,0.09657320872274144,0.9125,1.2221906561580316,-0.0375,0.22619261739284635,0.28736014723834064,0.275,0.775,0.3191666666666667,0.4401270334296174,0.0
donut,full,handwriting_density_grp,mid,93,44,0.4731182795698925,0.23558897243107768,0.17535545023696686,0.09308510638297884,0.9886363636363636,1.3164173143249618,0.125,0.33985771724922803,0.29911111932613565,0.29545454545454547,0.6590909090909091,0.3212121212121212,0.4325641483343741,0.0
donut,full,answer_length_grp,high,99,63,0.6363636363636364,0.14548311076197962,0.1012163988586875,0.051522248243559665,0.753968253968254,1.0137937550497031,0.24603174603174602,0.29462990619877055,0.2624829086883525,0.2857142857142857,0.8095238095238095,0.2464285714285714,0.3352606319835729,0.0
donut,full,answer_length_grp,low,97,42,0.4329896907216495,0.44108761329305135,0.3194444444444444,0.20117044623262625,0.75,1.0493762319542388,-0.27380952380952384,0.5204249772820378,0.5568321726999771,0.38095238095238093,0.8095238095238095,0.2591269841269841,0.3805888642589055,0.0
donut,full,answer_length_grp,mid,95,45,0.47368421052631576,0.2783607206493762,0.25123037262713854,0.1323907455012855,0.7888888888888889,1.161895003862225,0.2111111111111111,0.32700065554629365,0.41423140328402747,0.3333333333333333,0.8444444444444444,0.31925925925925924,0.46903499566716106,0.0
donut,full,subject,data_mining,32,14,0.4375,0.0,0.02777777777777779,0.010869565217391242,1.4285714285714286,1.6583123951777,0.21428571428571427,6.938893903907228e-18,0.026044089034623786,0.07142857142857142,0.5714285714285714,0.35714285714285715,0.414578098794425,0.0
donut,full,subject,databases,64,23,0.359375,-0.02854424357754537,-0.012578616352201477,0.04528301886792441,0.45652173913043476,0.7147514009901564,0.1956521739130435,-0.1038665604058441,-0.19176354140960553,0.5217391304347826,0.9565217391304348,0.1992753623188406,0.32181174921429945,0.0
donut,full,subject,environment,18,1,0.05555555555555555,,,,2.0,2.0,-2.0,,,0.0,0.0,,,0.0
donut,full,subject,image_processing,28,21,0.75,0.010767160161507472,-0.03426124197002145,-0.06886227544910173,0.5476190476190477,0.6454972243679028,0.11904761904761904,0.03385456845327664,0.0,0.19047619047619047,1.0,0.17261904761904762,0.1940330114279772,0.0
donut,full,subject,machine_learning,36,22,0.6111111111111112,0.0,0.0,0.0,0.38636363636363635,0.4646601886422926,-0.20454545454545456,,,0.2727272727272727,1.0,0.15454545454545457,0.18586407545691702,0.0
donut,full,subject,networking,45,39,0.8666666666666667,0.4912081678956324,0.4086193136472466,0.3356713426853707,0.48717948717948717,0.7679476477883045,0.3333333333333333,0.6446422293037338,0.6647527833497452,0.5641025641025641,0.9487179487179487,0.3076923076923077,0.5126602313623643,0.0
donut,full,subject,other,40,12,0.3,0.11267605633802824,0.09302325581395354,0.06896551724137945,1.0833333333333333,1.3228756555322954,-0.9166666666666666,0.23904572186687867,0.23904572186687872,0.25,0.6666666666666666,0.2708333333333333,0.33071891388307384,0.0
donut,full,subject,programming,20,14,0.7,-0.050254916241806225,-0.054216867469879526,0.0,1.7857142857142858,1.917960226013936,0.21428571428571427,-0.08150649263977719,-0.1810847452592239,0.0,0.2857142857142857,0.44642857142857145,0.479490056503484,0.0
donut,full,criterion_scale_grp,large_scale,151,69,0.45695364238410596,0.12063174444365043,0.08769086411328142,0.05551330798479093,1.1231884057971016,1.3922664246118446,0.007246376811594203,0.16600849726028896,0.12999408082767586,0.21739130434782608,0.6666666666666666,0.2916666666666667,0.3604951081878577,0.0
donut,full,criterion_scale_grp,small_scale,140,81,0.5785714285714286,0.4588607594936708,0.33621262458471757,0.17508125677139763,0.4567901234567901,0.6849348892187751,0.16049382716049382,0.5578243527533963,0.5768963627881611,0.41975308641975306,0.9506172839506173,0.25493827160493826,0.4171848629523166,0.0
donut,full,criterion_type,application,74,47,0.6351351351351351,0.14574217435206993,0.21666666666666656,0.272258064516129,0.851063829787234,1.312784923481051,0.3829787234042553,0.1955355704755501,0.30683460624779163,0.48936170212765956,0.7021276595744681,0.2845744680851064,0.4387330647759063,0.0
donut,full,criterion_type,definition_theory,126,64,0.5079365079365079,0.0979563072586328,0.017445917655268706,-0.03392568659127626,0.6875,0.8838834764831844,-0.0625,0.1501914830834359,0.05508812604126888,0.21875,0.90625,0.24192708333333332,0.32729226341978274,0.0
donut,full,criterion_type,numerical,48,16,0.3333333333333333,0.32183908045977017,0.19999999999999996,0.11111111111111116,1.125,1.357847561400027,-0.375,0.37363235887853663,0.3990037344430532,0.25,0.5625,0.30729166666666663,0.3755782578608322,0.0
donut,full,criterion_type,structure_clarity,34,17,0.5,0.5811384876805438,0.3676148796498906,0.1651785714285714,0.5,0.6530471562110152,0.4411764705882353,0.7884287526207956,0.8026602696734237,0.35294117647058826,1.0,0.35294117647058826,0.5232815011174815,0.0
donut,lora,handwriting_density_grp,high,102,61,0.5980392156862745,0.08387821822639963,0.06622930334270527,-0.036140224069389326,0.8032786885245902,1.097687584327565,0.26229508196721313,0.10796387330673425,0.14300237974031416,0.22950819672131148,0.8360655737704918,0.27377049180327867,0.37542629079201506,0.0
donut,lora,handwriting_density_grp,low,96,46,0.4791666666666667,0.24128778739098955,0.16489361702127658,0.09589041095890416,0.8532608695652174,1.1402945843642487,-0.15760869565217392,0.3599659420275117,0.3784084602315525,0.2826086956521739,0.7391304347826086,0.3259057971014493,0.44758645563254085,0.0
donut,lora,handwriting_density_grp,mid,93,45,0.4838709677419355,-0.0454687013391466,-0.05476451259583781,-0.009345794392523477,1.1888888888888889,1.4395215254459457,-0.25555555555555554,-0.0680629086245427,-0.07370973770897189,0.2,0.5555555555555556,0.3527777777777778,0.4280392418839569,0.0
donut,lora,answer_length_grp,high,99,63,0.6363636363636364,0.04022595001711737,0.06692265496434435,0.026863666890530435,0.8571428571428571,1.1885699023189225,0.38095238095238093,0.0574341603818959,0.10350016201669292,0.2698412698412698,0.7777777777777778,0.28849206349206347,0.4065531869597882,0.0
donut,lora,answer_length_grp,low,97,46,0.4742268041237113,0.22838626777284277,0.15357730263157887,0.07619610159480206,0.9728260869565217,1.2774167206753126,-0.47282608695652173,0.3807026682114878,0.39106182063485917,0.2608695652173913,0.6956521739130435,0.33967391304347827,0.44796406051926557,0.0
donut,lora,answer_length_grp,mid,95,43,0.45263157894736844,0.04000714413288087,-0.043453724604966215,-0.07949790794979084,1.0,1.2056070554260303,-0.11627906976744186,0.05410821225799463,0.03102086062937262,0.16279069767441862,0.6744186046511628,0.3201550387596899,0.3862126444309485,0.0
donut,lora,subject,data_mining,32,22,0.6875,-0.02877697841726623,-0.028328611898017053,-0.045248868778280604,1.5,1.7188791273808215,0.5,-0.044267726271644214,0.1249195196058766,0.045454545454545456,0.4090909090909091,0.375,0.4297197818452054,0.0
donut,lora,subject,databases,64,36,0.5625,0.05095541401273884,0.06779661016949157,0.08536585365853655,0.7638888888888888,1.0172129679778086,0.1527777777777778,0.05589563470198056,0.12017868402314563,0.3055555555555556,0.8055555555555556,0.306712962962963,0.4252019309678231,0.0
donut,lora,subject,environment,18,12,0.6666666666666666,0.31683168316831667,0.11267605633802813,-2.220446049250313e-16,0.4375,0.5994789404140899,-0.020833333333333332,0.32094281709596423,0.08367840037188021,0.3333333333333333,1.0,0.21875,0.29973947020704494,0.0
donut,lora,subject,image_processing,28,20,0.7142857142857143,0.1325301204819277,0.09909909909909909,0.10780669144981403,0.5,0.6708203932499369,0.2,0.2880212829407709,0.3159044453203566,0.4,1.0,0.13625,0.1782729648600707,0.0
donut,lora,subject,machine_learning,36,20,0.5555555555555556,-0.03571428571428581,-0.11764705882352944,-0.16731517509727634,0.475,0.6020797289396148,-0.275,-0.04555820475782048,-0.11559974388337285,0.25,0.95,0.19,0.2408318915758459,0.0
donut,lora,subject,networking,45,17,0.37777777777777777,0.3564356435643564,0.2582897033158813,0.15000000000000002,0.7352941176470589,0.9776923610938036,0.2647058823529412,0.46097722286464426,0.4704851488661929,0.35294117647058826,0.8823529411764706,0.4632352941176471,0.633762109757838,0.0
donut,lora,subject,other,40,14,0.35,0.011080332409972304,-2.220446049250313e-16,0.010869565217391242,1.7857142857142858,1.9086270308410553,-1.7857142857142858,0.09556369651349922,0.15967259625664634,0.07142857142857142,0.21428571428571427,0.44642857142857145,0.47715675771026383,0.0
donut,lora,subject,programming,20,9,0.45,0.0,0.0,0.0,1.7777777777777777,1.8257418583505538,0.0,,,0.0,0.2222222222222222,0.4444444444444444,0.45643546458763845,0.0
donut,lora,criterion_scale_grp,large_scale,151,83,0.5496688741721855,-0.09620136160833326,-0.06981190255935843,-0.042568039078855646,1.2590361445783131,1.4959785450429814,-0.13855421686746988,-0.14992333721269957,-0.1318396222928898,0.13253012048192772,0.5542168674698795,0.33182730923694786,0.3930825471690252,0.0
donut,lora,criterion_scale_grp,small_scale,140,69,0.4928571428571429,0.3740431502757672,0.25827862347593966,0.11744186046511618,0.5398550724637681,0.7690809497357068,0.12681159420289856,0.4286655155175459,0.4436986877857866,0.36231884057971014,0.927536231884058,0.2902173913043478,0.4379319813508202,0.0
donut,lora,criterion_type,application,74,38,0.5135135135135135,0.10289389067524124,0.0995800839832035,0.13003663003663013,1.0394736842105263,1.3548159711892511,0.3815789473684211,0.16479688189902267,0.11115068608996993,0.34210526315789475,0.6052631578947368,0.3651315789473684,0.4929603112026896,0.0
donut,lora,criterion_type,definition_theory,126,83,0.6587301587301587,-0.04367674933924226,-0.030333768052939414,-0.06096361848574228,0.7740963855421686,1.0315066767095527,0.009036144578313253,-0.05041996800462273,0.01044112792908666,0.21686746987951808,0.8313253012048193,0.2526104417670683,0.32948582717303376,0.0
donut,lora,criterion_type,numerical,48,16,0.3333333333333333,-0.10311750599520386,-0.0717703349282297,-0.034482758620689724,1.75,1.8957188610128877,-1.375,-0.39044148649165705,-0.4070457892053471,0.0625,0.25,0.453125,0.4943254382376947,0.0
donut,lora,criterion_type,structure_clarity,34,10,0.29411764705882354,0.604810996563574,0.3298969072164949,0.024390243902438935,0.65,0.758287544405155,0.65,0.8942424492462154,0.9073928715621604,0.2,1.0,0.45999999999999996,0.5979130371550699,0.0
donut,zero_shot,handwriting_density_grp,high,102,0,0.0,,,,,,,,,,,,,
donut,zero_shot,handwriting_density_grp,low,96,0,0.0,,,,,,,,,,,,,
donut,zero_shot,handwriting_density_grp,mid,93,0,0.0,,,,,,,,,,,,,
donut,zero_shot,answer_length_grp,high,99,0,0.0,,,,,,,,,,,,,
donut,zero_shot,answer_length_grp,low,97,0,0.0,,,,,,,,,,,,,
donut,zero_shot,answer_length_grp,mid,95,0,0.0,,,,,,,,,,,,,
donut,zero_shot,subject,data_mining,32,0,0.0,,,,,,,,,,,,,
donut,zero_shot,subject,databases,64,0,0.0,,,,,,,,,,,,,
donut,zero_shot,subject,environment,18,0,0.0,,,,,,,,,,,,,
donut,zero_shot,subject,image_processing,28,0,0.0,,,,,,,,,,,,,
donut,zero_shot,subject,machine_learning,36,0,0.0,,,,,,,,,,,,,
donut,zero_shot,subject,networking,45,0,0.0,,,,,,,,,,,,,
donut,zero_shot,subject,other,40,0,0.0,,,,,,,,,,,,,
donut,zero_shot,subject,programming,20,0,0.0,,,,,,,,,,,,,
donut,zero_shot,criterion_scale_grp,large_scale,151,0,0.0,,,,,,,,,,,,,
donut,zero_shot,criterion_scale_grp,small_scale,140,0,0.0,,,,,,,,,,,,,
donut,zero_shot,criterion_type,application,74,0,0.0,,,,,,,,,,,,,
donut,zero_shot,criterion_type,definition_theory,126,0,0.0,,,,,,,,,,,,,
donut,zero_shot,criterion_type,numerical,48,0,0.0,,,,,,,,,,,,,
donut,zero_shot,criterion_type,structure_clarity,34,0,0.0,,,,,,,,,,,,,
ensemble,few_shot,handwriting_density_grp,high,102,102,1.0,0.5675774338408548,0.37488920024018524,0.07080258302583042,0.6303921563952577,0.8449097867844475,-0.12549019561094396,0.5837847891005914,0.5915411956301054,0.22549019607843138,0.8529411764705882,0.25412581675972035,0.33662412526642194,0.0
ensemble,few_shot,handwriting_density_grp,low,96,96,1.0,0.5881731108050101,0.3735498839907193,0.05806302666512764,0.8203125,1.0228508974104356,-0.5182291666666666,0.659163738352329,0.6903247034102977,0.11458333333333333,0.7291666666666666,0.31037326388888886,0.3845878381673083,0.0
ensemble,few_shot,handwriting_density_grp,mid,93,93,1.0,0.5604029445951182,0.34447996065896236,0.041713221601489714,0.9247311827956989,1.1453505825681705,-0.27419354838709675,0.5876398204876736,0.5921739251417526,0.10752688172043011,0.6344086021505376,0.29534050179211474,0.3633227695679138,0.0
ensemble,few_shot,answer_length_grp,high,99,99,1.0,0.517631485150964,0.3473186105831083,0.07509050566390263,0.7479797974981442,0.9924080492022612,0.014646465128118341,0.51982603911946,0.5234302004707335,0.1919191919191919,0.7373737373737373,0.25997474723392067,0.3340614412714952,0.0
ensemble,few_shot,answer_length_grp,low,97,97,1.0,0.6341238737388328,0.396080561591175,0.051317454838338605,0.7680412371134021,0.9443265204999739,-0.4948453608247423,0.7065134815324026,0.7479355872512788,0.12371134020618557,0.7835051546391752,0.28960481099656354,0.355312226570541,0.0
ensemble,few_shot,answer_length_grp,mid,95,95,1.0,0.5290690550189932,0.33355119825708057,0.037677578752316365,0.8473684210526315,1.0821518523658995,-0.4368421052631579,0.59357351057391,0.6031803523233426,0.1368421052631579,0.7052631578947368,0.3089912280701754,0.3938959977170926,0.0
ensemble,few_shot,subject,data_mining,32,32,1.0,0.7369327972429638,0.556415215989684,0.2566371681415929,0.671875,0.9457966219013473,-0.109375,0.8067157956745106,0.8000144773422974,0.34375,0.78125,0.16796875,0.23644915547533682,0.0
ensemble,few_shot,subject,databases,64,64,1.0,0.15984224517991308,0.06576209859791948,0.0,1.008593749254942,1.1957117380718687,-0.9070312492549419,0.3360286183631648,0.3228625564401868,0.0625,0.546875,0.41184895796080434,0.48480491623680855,0.0
ensemble,few_shot,subject,environment,18,18,1.0,-0.06373117033603704,-0.01612903225806428,0.019230769230769162,0.7777777777777778,0.8416254115301732,-0.6388888888888888,-0.23677880069726215,-0.3480926374927951,0.05555555555555555,0.8888888888888888,0.3888888888888889,0.4208127057650866,0.0
ensemble,few_shot,subject,image_processing,28,28,1.0,0.029723366686286057,-0.03664122137404591,-0.13173652694610793,0.8660714285714286,1.025348372853971,0.33035714285714285,0.03312471704742931,0.009765834200568929,0.03571428571428571,0.6785714285714286,0.2526785714285714,0.288681578164296,0.0
ensemble,few_shot,subject,machine_learning,36,36,1.0,0.43375959079283877,0.15744680851063841,-0.003215434083601032,0.3819444444444444,0.462105687767059,-0.1597222222222222,0.6995575853605195,0.42957348171413806,0.2777777777777778,1.0,0.1527777777777778,0.1848422751068236,0.0
ensemble,few_shot,subject,networking,45,45,1.0,0.7889672421579185,0.5367192862045298,0.13043478260869568,0.5,0.6123724356957945,-0.23333333333333334,0.8398220793515259,0.8062756629853318,0.2,0.9555555555555556,0.3194444444444444,0.40697051490249264,0.0
ensemble,few_shot,subject,other,40,40,1.0,0.035785288270377746,0.0363349131121643,0.03750884642604391,0.7625,0.9536115561380326,-0.45,0.04564263340652845,0.06410134550068995,0.15,0.775,0.190625,0.23840288903450815,0.0
ensemble,few_shot,subject,programming,20,20,1.0,0.07196969696969702,0.03179190751445082,-0.04986876640419946,1.675,1.8354154842977652,0.6,0.24668070518103002,0.2672470511692884,0.0,0.25,0.41875,0.4588538710744413,0.0
ensemble,few_shot,criterion_scale_grp,large_scale,151,151,1.0,0.506734584470295,0.3109131682531717,0.08497745208568208,0.9635761589403974,1.207386208697798,-0.22185430463576158,0.5309207974987968,0.5145597400219006,0.1456953642384106,0.6158940397350994,0.25965783664459163,0.33017961753887276,0.0
ensemble,few_shot,criterion_scale_grp,small_scale,140,140,1.0,0.5544275108291588,0.3269850402761796,0.016432483924743946,0.5967857139451164,0.7325469262200512,-0.3896428568022592,0.6392344618790794,0.6682819618395122,0.15714285714285714,0.8785714285714286,0.31410714268684387,0.39253639475491026,0.0
ensemble,few_shot,criterion_type,application,74,74,1.0,0.3738740436437644,0.22854851643945462,0.07242339832869082,0.9662162162162162,1.2316216512760287,-0.12162162162162163,0.3929932138397588,0.3363595607375405,0.14864864864864866,0.6621621621621622,0.36317567567567566,0.4496385560437195,0.0
ensemble,few_shot,criterion_type,definition_theory,126,126,1.0,0.41969390157758424,0.23910244620194954,0.011945767680468955,0.7817460317460317,0.9850066473065525,-0.4007936507936508,0.4650895793917178,0.4755774448180371,0.15079365079365079,0.7380952380952381,0.27447089947089953,0.3389458057850241,0.0
ensemble,few_shot,criterion_type,numerical,48,48,1.0,0.6750061927173644,0.42068965517241386,0.07913669064748197,0.7291666666666666,0.924211375534118,-0.4166666666666667,0.7250261183855491,0.48421785055898925,0.16666666666666666,0.7708333333333334,0.19010416666666666,0.24097572443820667,0.0
ensemble,few_shot,criterion_type,structure_clarity,34,34,1.0,0.5018608632757603,0.2890148679003103,0.05380333951762528,0.5749999985975378,0.6860479291270258,-0.14852941036224365,0.514663037004659,0.4153109733110822,0.11764705882352941,0.8529411764705882,0.33749999929876884,0.40495551567627136,0.0
ensemble,full,handwriting_density_grp,high,102,102,1.0,0.6394570366175418,0.5581816264848527,0.3562084002754189,0.4833333328658459,0.8428767265680646,0.12450980438905604,0.6445327693611514,0.6291150300387292,0.46078431372549017,0.9411764705882353,0.16593137231527588,0.26998547515120513,0.0
ensemble,full,handwriting_density_grp,low,96,96,1.0,0.8737419945105215,0.7287656719053506,0.479738884099027,0.3333333333333333,0.5472468973568207,0.15104166666666666,0.8826650193781531,0.9038891668730835,0.5416666666666666,0.96875,0.11332465277777777,0.19793539750546932,0.0
ensemble,full,handwriting_density_grp,mid,93,93,1.0,0.6269672479795831,0.5703956617794739,0.32477635161415797,0.6182795698924731,1.0857087274495931,0.06989247311827956,0.6319893453958245,0.629026294604683,0.3978494623655914,0.8817204301075269,0.1835125448028674,0.2978780491049822,0.0
ensemble,full,answer_length_grp,high,99,99,1.0,0.5578343560939584,0.508379071590894,0.2849869760833531,0.5661616156799625,0.9641424722424145,0.11565656613821935,0.5626293750645586,0.5913587756121962,0.3838383838383838,0.9191919191919192,0.18657407383324723,0.2940698850448069,0.0
ensemble,full,answer_length_grp,low,97,97,1.0,0.8714599533379382,0.7412289550967337,0.5360020140986907,0.30670103092783507,0.5366707220610472,0.07989690721649484,0.8748977829177618,0.8914198402116971,0.6082474226804123,0.979381443298969,0.10635738831615121,0.2004148046651757,0.0
ensemble,full,answer_length_grp,mid,95,95,1.0,0.656760181894988,0.5854602338218344,0.3476394849785407,0.5578947368421052,0.9780485403948115,0.15263157894736842,0.6630393842448592,0.6574144773611457,0.4105263157894737,0.8947368421052632,0.1692982456140351,0.2712698910700736,0.0
ensemble,full,subject,data_mining,32,32,1.0,0.8723404255319149,0.7456066945606694,0.446229913473424,0.4453125,0.7991694907840263,0.0859375,0.8747558012233578,0.8771649943412207,0.5625,0.875,0.111328125,0.19979237269600658,0.0
ensemble,full,subject,databases,64,64,1.0,0.7137542259102894,0.49786904300658663,0.20158775163028064,0.37968749925494194,0.5091352959213937,-0.13749999925494194,0.7873449936505892,0.7564901803518946,0.3125,0.984375,0.16315104129413763,0.22510366028643872,0.0
ensemble,full,subject,environment,18,18,1.0,0.07272727272727253,0.423076923076923,0.7777777777777778,0.1388888888888889,0.485912657903775,0.1388888888888889,0.16695677422593647,0.7856742013183862,0.8888888888888888,0.9444444444444444,0.06944444444444445,0.2429563289518875,0.0
ensemble,full,subject,image_processing,28,28,1.0,0.418483904465213,0.29263157894736824,0.2195121951219512,0.42857142857142855,0.5976143046671968,0.2857142857142857,0.6843683598942201,0.6889776518499598,0.42857142857142855,1.0,0.12589285714285714,0.18340772300299368,0.0
ensemble,full,subject,machine_learning,36,36,1.0,0.5999226903749517,0.3216476774758984,0.1062068965517241,0.2986111111111111,0.44682522061515034,0.22916666666666666,0.7234293749746016,0.44681615434922484,0.5,1.0,0.11944444444444444,0.17873008824606013,0.0
ensemble,full,subject,networking,45,45,1.0,0.8360236772246863,0.7147631669932004,0.5051746442432082,0.3055555555555556,0.5540256712864887,-0.15,0.8573820384991175,0.8591333372820246,0.6222222222222222,0.9777777777777777,0.1388888888888889,0.25954019170662396,0.0
ensemble,full,subject,other,40,40,1.0,0.385593220338983,0.2857142857142857,0.2025183630640084,0.4,0.6020797289396148,0.175,0.41994831723354586,0.4098765003534579,0.525,1.0,0.1,0.1505199322349037,0.0
ensemble,full,subject,programming,20,20,1.0,-0.10746606334841635,-0.11183780248528441,-0.08262108262108248,2.125,2.473610721192807,1.05,-0.14942105744270295,-0.13498333672203625,0.05,0.35,0.53125,0.6184026802982018,0.0
ensemble,full,criterion_scale_grp,large_scale,151,151,1.0,0.6445594877493221,0.5441380093065487,0.2640877246420956,0.6605960264900662,1.085157235227026,0.16390728476821192,0.6529211814748432,0.6286433123708463,0.36423841059602646,0.8874172185430463,0.17066777041942607,0.2745332265094509,0.0
ensemble,full,criterion_scale_grp,small_scale,140,140,1.0,0.8007746944631751,0.6722815010190624,0.4899660389008953,0.2789285710879735,0.48570640728876074,0.0639285717691694,0.803548807952174,0.797110605723284,0.5785714285714286,0.9785714285714285,0.13642857125827246,0.2400520775767423,0.0
ensemble,full,criterion_type,application,74,74,1.0,0.3865647281161412,0.4382970109979084,0.36385127874489576,0.7601351351351351,1.3390572520711443,0.22635135135135134,0.39476343369396494,0.4575892256013074,0.4594594594594595,0.8108108108108109,0.23648648648648649,0.37174828922342135,0.0
ensemble,full,criterion_type,definition_theory,126,126,1.0,0.7540642741384758,0.6065672844480258,0.38462694417311594,0.36904761904761907,0.6164092126666485,0.0992063492063492,0.7595603187600517,0.729614214912665,0.48412698412698413,0.9523809523809523,0.12285052910052911,0.21447527073033407,0.0
ensemble,full,criterion_type,numerical,48,48,1.0,0.8717345549090009,0.66190833959429,0.27184466019417486,0.390625,0.580723327698598,0.140625,0.8784421920886055,0.6865186654911783,0.4791666666666667,1.0,0.10243055555555554,0.15095184110614,0.0
ensemble,full,criterion_type,structure_clarity,34,34,1.0,0.7663312177846348,0.5915461624026697,0.3405172413793104,0.3176470574210672,0.48019603752284373,0.06470588375540341,0.7696238221524261,0.7230886961498681,0.47058823529411764,1.0,0.15735294047523948,0.23894683095811253,0.0
ensemble,lora,handwriting_density_grp,high,102,102,1.0,0.6566546636460928,0.5616474921922964,0.3661680092059839,0.4735294112972185,0.8058608838947615,0.021568627918467802,0.6571083127603561,0.6437209402886062,0.47058823529411764,0.9215686274509803,0.19178921545253083,0.3308189994293308,0.0
ensemble,lora,handwriting_density_grp,low,96,96,1.0,0.914514454158711,0.8000613846626037,0.5732791465582932,0.24739583333333334,0.4557217261297366,0.07552083333333333,0.9166664632123662,0.9243635398515067,0.6354166666666666,0.9895833333333334,0.08793402777777777,0.1712245689416658,0.0
ensemble,lora,handwriting_density_grp,mid,93,93,1.0,0.6281102523767184,0.5778331257783313,0.399129746835443,0.6075268817204301,1.0857087274495931,-0.0913978494623656,0.6336752454197636,0.636348497782123,0.4731182795698925,0.8817204301075269,0.1732078853046595,0.29139964735786267,0.0
ensemble,lora,answer_length_grp,high,99,99,1.0,0.5452524190126001,0.5128433929081946,0.35132237312365966,0.57373737325572,0.993615985551213,-0.05858585810420489,0.5463181542582699,0.5619457576500139,0.4444444444444444,0.8888888888888888,0.20542929268846608,0.345625875679722,0.0
ensemble,lora,answer_length_grp,low,97,97,1.0,0.8944063217327758,0.7816060585385822,0.6026117014466779,0.2551546391752577,0.4809515911083887,0.03865979381443299,0.8971016463254542,0.9130932448033194,0.6701030927835051,0.9896907216494846,0.08702749140893472,0.175004090935656,0.0
ensemble,lora,answer_length_grp,mid,95,95,1.0,0.7009111866241342,0.6215460247499576,0.3874067518017449,0.49473684210526314,0.8922178162191939,0.031578947368421054,0.7038971283546414,0.6912956668445192,0.4631578947368421,0.9157894736842105,0.16140350877192983,0.2729462117394634,0.0
ensemble,lora,subject,data_mining,32,32,1.0,0.8825831702544031,0.7582540570789031,0.4767295597484277,0.421875,0.7654655446197431,0.078125,0.8847069479370203,0.8737348397784801,0.59375,0.90625,0.10546875,0.19136638615493579,0.0
ensemble,lora,subject,databases,64,64,1.0,0.8038729891898672,0.6027482086515495,0.27424649358400477,0.32890624925494194,0.4664945730449993,-0.16484374925494194,0.8309657335925035,0.805056095220758,0.40625,1.0,0.13645833296080428,0.19713111595697513,0.0
ensemble,lora,subject,environment,18,18,1.0,0.26952526799387444,0.48734177215189867,0.7857142857142857,0.125,0.4289845892077917,0.125,0.5919654517517855,0.9749960430435691,0.8888888888888888,0.9444444444444444,0.0625,0.21449229460389585,0.0
ensemble,lora,subject,image_processing,28,28,1.0,0.547391623806025,0.5087719298245614,0.4858096828046744,0.35714285714285715,0.6267831705280087,0.17857142857142858,0.5705061540956169,0.5059217002721459,0.6071428571428571,0.9642857142857143,0.10803571428571428,0.18939518397859464,0.0
ensemble,lora,subject,machine_learning,36,36,1.0,0.6083943011166731,0.31472081218274106,0.029525032092426184,0.3125,0.44292274219727706,0.1736111111111111,0.6796192411122043,0.40467788771228774,0.4166666666666667,1.0,0.125,0.1771690968789108,0.0
ensemble,lora,subject,networking,45,45,1.0,0.8066263934732515,0.6870091990127889,0.5297191378184193,0.34444444444444444,0.6191391873668903,-0.16666666666666666,0.8220905459792782,0.8231948849229487,0.6444444444444445,0.9555555555555556,0.20833333333333334,0.4044028519516976,0.0
ensemble,lora,subject,other,40,40,1.0,0.3268053855569155,0.2420537897310513,0.16757940854326392,0.3875,0.5863019699779287,0.0125,0.35170296108605015,0.3508554301164227,0.525,1.0,0.096875,0.14657549249448218,0.0
ensemble,lora,subject,programming,20,20,1.0,-0.08410397400649838,-0.015894955079474693,0.1358024691358024,1.8375,2.3284920012746446,0.1875,-0.08826722622880637,0.016757529268824622,0.3,0.35,0.459375,0.5821230003186612,0.0
ensemble,lora,criterion_scale_grp,large_scale,151,151,1.0,0.6824001414099152,0.5947897664741976,0.37321353509878097,0.5894039735099338,1.0361831385854248,-0.029801324503311258,0.6841085228960684,0.6850230205580428,0.4768211920529801,0.8807947019867549,0.1527317880794702,0.2630154545326788,0.0
ensemble,lora,criterion_scale_grp,small_scale,140,140,1.0,0.8017450355840088,0.6700631629126446,0.48177426438296,0.28249999965940203,0.4904626092312376,0.0389285717691694,0.8029956842573285,0.8075756897388584,0.5785714285714286,0.9857142857142858,0.15035714268684386,0.2857165176845122,0.0
ensemble,lora,criterion_type,application,74,74,1.0,0.4086477465280439,0.4889864721297542,0.45123595505617975,0.6587837837837838,1.2590885807019512,0.010135135135135136,0.413875898023106,0.4029718793865428,0.5540540540540541,0.8243243243243243,0.21368243243243243,0.37238672774415577,0.0
ensemble,lora,criterion_type,definition_theory,126,126,1.0,0.7762712817293367,0.6469801649208826,0.45934959349593485,0.3492063492063492,0.6131819171274243,0.047619047619047616,0.7781855232475394,0.7267224970118766,0.5476190476190477,0.9523809523809523,0.11832010582010581,0.21353428655462225,0.0
ensemble,lora,criterion_type,numerical,48,48,1.0,0.8677813504823151,0.6590776415645068,0.31086142322097376,0.3802083333333333,0.5784768073714509,-0.015625,0.8688166028837112,0.6640590619755062,0.5208333333333334,1.0,0.09982638888888888,0.15250132816665102,0.0
ensemble,lora,criterion_type,structure_clarity,34,34,1.0,0.664649820254946,0.4747247543506571,0.2359550561797752,0.3838235280093025,0.5504677141664573,-0.016176469185773062,0.6669071681951015,0.6858656494431618,0.4117647058823529,1.0,0.21985294047523948,0.36195445711593,0.0
ensemble,zero_shot,handwriting_density_grp,high,102,102,1.0,0.5671731972385403,0.4069480349725507,0.10946944257891211,0.5887254897285911,0.834327837920875,0.13676470634984036,0.5889587680108757,0.5030613386615634,0.23529411764705882,0.8529411764705882,0.2266748363675635,0.299247023888953,0.0
ensemble,zero_shot,handwriting_density_grp,low,96,96,1.0,0.6356587030716724,0.4126195028680688,0.04768734313373968,0.6666666666666666,0.8508574106942557,0.010416666666666666,0.6515890548993705,0.6959659243673255,0.13541666666666666,0.8541666666666666,0.24405381944444446,0.29921501031170433,0.0
ensemble,zero_shot,handwriting_density_grp,mid,93,93,1.0,0.5221256887867212,0.36659148202202474,0.08410003887521045,0.8279569892473119,1.1071614388213236,0.24731182795698925,0.5842918147759342,0.5760964250170532,0.1827956989247312,0.7956989247311828,0.2617383512544803,0.3333658138297124,0.0
ensemble,zero_shot,answer_length_grp,high,99,99,1.0,0.47003619203581404,0.3363343872564928,0.10552530985752351,0.7303030298213766,1.0022197585341646,0.3606060610877143,0.5228298037228459,0.4865551258315531,0.21212121212121213,0.8080808080808081,0.24701178427095766,0.32029777328012377,0.0
ensemble,zero_shot,answer_length_grp,low,97,97,1.0,0.706455413392648,0.4691306271687743,0.07846586910626308,0.6056701030927835,0.7686680138160541,-0.06958762886597938,0.7179385831517408,0.7653873133113979,0.16494845360824742,0.8865979381443299,0.22710481099656354,0.2801771730205495,0.0
ensemble,zero_shot,answer_length_grp,mid,95,95,1.0,0.5106189560222392,0.36901034253724263,0.06886152299572756,0.7368421052631579,1.014370429587265,0.09473684210526316,0.5550183604049673,0.5623963540933443,0.17894736842105263,0.8105263157894737,0.2569298245614035,0.32916583388746534,0.0
ensemble,zero_shot,subject,data_mining,32,32,1.0,0.6038868248070877,0.41900852541837696,0.15981735159817356,0.8984375,1.1634069043116428,0.3671875,0.7019705381879113,0.7591137262001509,0.28125,0.71875,0.224609375,0.2908517260779107,0.0
ensemble,zero_shot,subject,databases,64,64,1.0,0.4511758943769919,0.231057493179054,0.05034446210916799,0.5710937492549419,0.6889473400961021,-0.10234374925494194,0.5058504530849881,0.4557783072444373,0.125,0.875,0.23867187462747097,0.28925528477979484,0.0
ensemble,zero_shot,subject,environment,18,18,1.0,-0.013937282229965264,-0.01834862385321112,-0.009345794392523477,0.5138888888888888,0.5803495115493383,-0.3194444444444444,-0.052796367734845466,0.18219813149998287,0.0,0.9444444444444444,0.2569444444444444,0.29017475577466917,0.0
ensemble,zero_shot,subject,image_processing,28,28,1.0,-0.05760368663594462,0.011363636363636354,0.007385524372230501,0.7767857142857143,1.012202337197742,0.5446428571428571,-0.08877736313328363,-0.09387991637941734,0.14285714285714285,0.7857142857142857,0.2196428571428571,0.26767851186504626,0.0
ensemble,zero_shot,subject,machine_learning,36,36,1.0,0.24916573971078992,0.08421052631578951,0.03105590062111796,0.4027777777777778,0.5103103630798288,-0.125,0.5021361404216869,0.08532721970397172,0.2777777777777778,0.9444444444444444,0.1611111111111111,0.20412414523193148,0.0
ensemble,zero_shot,subject,networking,45,45,1.0,0.8179564139371004,0.5921750663129973,0.19004764425622034,0.45555555555555555,0.5868938953886337,0.15555555555555556,0.8379704305821531,0.8136449942571432,0.24444444444444444,0.9333333333333333,0.3055555555555556,0.39352396510391985,0.0
ensemble,zero_shot,subject,other,40,40,1.0,-0.05932203389830515,-0.059160305343511466,-0.03505843071786319,0.69375,0.8615030470056388,-0.13125,-0.060832726778987815,-0.04957752656523126,0.225,0.85,0.1734375,0.2153757617514097,0.0
ensemble,zero_shot,subject,programming,20,20,1.0,0.05848787446504988,0.038189533239038176,0.02298850574712641,1.7,2.03100960115899,1.05,0.2307737798573855,0.13547281931755725,0.15,0.45,0.425,0.5077524002897476,0.0
ensemble,zero_shot,criterion_scale_grp,large_scale,151,151,1.0,0.475153737443184,0.29620225121209276,0.04445374195910268,0.9056291390728477,1.1805193042956008,0.25662251655629137,0.5297243000160661,0.4956764799741387,0.1986754966887417,0.7350993377483444,0.23868653421633554,0.3076471991047502,0.0
ensemble,zero_shot,criterion_scale_grp,small_scale,140,140,1.0,0.6245336417029306,0.3636003732714984,0.04149206161836749,0.4592857139451163,0.561025846076578,-0.005714285373687744,0.6846681472157872,0.6787946776837893,0.17142857142857143,0.9428571428571428,0.24892857125827247,0.3136478917376698,0.0
ensemble,zero_shot,criterion_type,application,74,74,1.0,0.37186633325755847,0.32160168598524763,0.12452376178062963,0.8817567567567568,1.2557301095809195,0.42905405405405406,0.4258483536426646,0.3771934944667028,0.20270270270270271,0.7567567567567568,0.30996621621621623,0.38916110833849166,0.0
ensemble,zero_shot,criterion_type,definition_theory,126,126,1.0,0.4602794334668532,0.2685954953305255,0.0267379679144385,0.628968253968254,0.8155848033335169,-0.03373015873015873,0.4827523463585297,0.44600850964246047,0.1746031746031746,0.8492063492063492,0.2156746031746032,0.2687203902723948,0.0
ensemble,zero_shot,criterion_type,numerical,48,48,1.0,0.6122161315583399,0.3201267828843105,0.015772870662460692,0.7447916666666666,0.8977692261006351,-0.005208333333333333,0.6366934260792326,0.4182987971667863,0.1875,0.8333333333333334,0.20008680555555558,0.24390353070766865,0.0
ensemble,zero_shot,criterion_type,structure_clarity,34,34,1.0,0.5941309441479754,0.3552065154159395,0.11851851851851858,0.4794117633034201,0.583221277632498,0.2705882366965799,0.6768906535632001,0.5917169540842587,0.17647058823529413,0.9411764705882353,0.2955882345928865,0.3705619738121097,0.0
internvl3,few_shot,handwriting_density_grp,high,102,102,1.0,0.3872170580825587,0.29043633875467123,0.07064252751153699,0.7774509799246695,1.0945049909685753,-0.35588235247368905,0.41492219256001384,0.4411104799570522,0.24509803921568626,0.8333333333333334,0.29836601283815173,0.40661737583131075,0.0
internvl3,few_shot,handwriting_density_grp,low,96,96,1.0,0.4566023386253446,0.28602946409508223,0.051999999999999935,1.0885416666666667,1.3640663779059043,-0.8385416666666666,0.5780703847102113,0.5825185925153722,0.17708333333333334,0.6979166666666666,0.4088541666666667,0.5084158630637078,0.0
internvl3,few_shot,handwriting_density_grp,mid,93,93,1.0,0.524665654239945,0.2797883760159485,-0.013798813302056123,1.086021505376344,1.2972261556585771,-0.5268817204301075,0.5709740246750215,0.584887040478527,0.15053763440860216,0.6344086021505376,0.3504480286738351,0.4271783376279633,0.0
internvl3,few_shot,answer_length_grp,high,99,99,1.0,0.4760529994529873,0.29061737369541496,0.052808151093439504,0.8363636358819827,1.0775017864290535,-0.1494949490132958,0.48095782109486684,0.5239539734138574,0.2222222222222222,0.7575757575757576,0.28619528595445937,0.3704976628879643,0.0
internvl3,few_shot,answer_length_grp,low,97,97,1.0,0.5105614061976922,0.3089129574322623,0.03374424106586993,1.0206185567010309,1.2696902780055677,-0.7319587628865979,0.6169280131161622,0.6510824847913909,0.17525773195876287,0.7422680412371134,0.3845360824742268,0.47834252299085855,0.0
internvl3,few_shot,answer_length_grp,mid,95,95,1.0,0.38867650365859985,0.2443431925245193,0.011604641856742703,1.0842105263157895,1.399247918291146,-0.8421052631578947,0.5057886108656979,0.4838891523663593,0.17894736842105263,0.6736842105263158,0.385701754385965,0.4906024760166669,0.0
internvl3,few_shot,subject,data_mining,32,32,1.0,0.5916473317865429,0.4026666666666666,0.16417910447761197,0.875,1.1726039399558574,-0.5,0.7489091750788712,0.7495178210220198,0.34375,0.8125,0.21875,0.29315098498896436,0.0
internvl3,few_shot,subject,databases,64,64,1.0,0.05847692170341934,0.030166812993854264,-0.011518885614786978,1.348437499254942,1.5721700760613813,-1.301562499254942,0.17352653368494153,0.15476816960751041,0.078125,0.5,0.545312499627471,0.6270660292754408,0.0
internvl3,few_shot,subject,environment,18,18,1.0,-0.036968576709796475,-0.017857142857143016,-0.009345794392523477,1.0555555555555556,1.1395661942647786,-0.9444444444444444,-0.13199091933711365,-0.08281733249999221,0.0,0.8333333333333334,0.5277777777777778,0.5697830971323893,0.0
internvl3,few_shot,subject,image_processing,28,28,1.0,-0.023869984763839502,-0.07234042553191489,-0.15068493150684947,0.9642857142857143,1.1338934190276817,0.32142857142857145,-0.026604890748575957,-0.02357084761661216,0.03571428571428571,0.7142857142857143,0.2785714285714285,0.31545035833143154,0.0
internvl3,few_shot,subject,machine_learning,36,36,1.0,0.5800000000000001,0.2512,0.02807775377969768,0.3611111111111111,0.44095855184409843,-0.19444444444444445,0.7051183174196689,0.42957348171413806,0.3055555555555556,1.0,0.14444444444444446,0.17638342073763935,0.0
internvl3,few_shot,subject,networking,45,45,1.0,0.6287651083967514,0.39918533604887985,0.08276714021000608,0.6555555555555556,0.8465616732800196,-0.5,0.7518759121720204,0.7157114112896037,0.26666666666666666,0.9333333333333333,0.37777777777777777,0.4915960401250875,0.0
internvl3,few_shot,subject,other,40,40,1.0,0.07416879795396425,0.029126213592232997,0.02684563758389269,1.125,1.5041608956491324,-0.65,0.11857693081945574,0.0875278124878447,0.275,0.7,0.28125,0.3760402239122831,0.0
internvl3,few_shot,subject,programming,20,20,1.0,0.1719077568134172,0.06340057636887608,0.007832898172323688,1.625,1.7211914478058505,0.075,0.27603951736826604,0.32214556519650506,0.05,0.3,0.40625,0.43029786195146263,0.0
internvl3,few_shot,criterion_scale_grp,large_scale,151,151,1.0,0.3996589712880504,0.22070749926968714,0.04156911711149269,1.228476821192053,1.506607961504543,-0.5662251655629139,0.43707335107720424,0.4512634980942552,0.19205298013245034,0.6026490066225165,0.33195364238410596,0.4170114467560015,0.0
internvl3,few_shot,criterion_scale_grp,small_scale,140,140,1.0,0.48743276971209615,0.2980525021585566,0.003024955886059999,0.7092857139451163,0.9046112024985506,-0.5735714282308306,0.6153563523317098,0.6471949746033364,0.19285714285714287,0.8571428571428571,0.372499999829701,0.48100527149625166,0.0
internvl3,few_shot,criterion_type,application,74,74,1.0,0.3684282397924349,0.15152394775036282,-0.049645390070921946,1.0675675675675675,1.299688112275091,-0.47297297297297297,0.4171808703881558,0.3620080789230304,0.21621621621621623,0.6621621621621622,0.4206081081081081,0.5289347402652425,0.0
internvl3,few_shot,criterion_type,definition_theory,126,126,1.0,0.27407225362496934,0.1579364450431887,-0.025871252472987383,1.003968253968254,1.2759217023298062,-0.6626984126984127,0.34302091570487253,0.38113200173576467,0.15079365079365079,0.7222222222222222,0.3503968253968254,0.44403502968096364,0.0
internvl3,few_shot,criterion_type,numerical,48,48,1.0,0.49315960912052115,0.3368685459112476,0.13678474114441408,1.03125,1.423390904378227,-0.6354166666666666,0.5685581222893785,0.44457880177562625,0.3125,0.7083333333333334,0.265625,0.36532662326562876,0.0
internvl3,few_shot,criterion_type,structure_clarity,34,34,1.0,0.4799476685025762,0.28232189973614785,0.020854021847070525,0.6117647044798907,0.7463637316235362,-0.2294117633034201,0.5052233309824337,0.4389519795972259,0.14705882352941177,0.8529411764705882,0.35294117576935713,0.42043394840420834,0.0
internvl3,full,handwriting_density_grp,high,102,102,1.0,0.5098254954464037,0.5078621557203391,0.4028103044496487,0.571568626983493,1.0412567819678378,0.12450980438905604,0.5167570279983122,0.5137545457756866,0.5098039215686274,0.9313725490196079,0.1900326795048184,0.3296404919914694,0.0
internvl3,full,handwriting_density_grp,low,96,96,1.0,0.8682107034519407,0.7387067035427367,0.5665075474132371,0.3229166666666667,0.568257570707744,0.10416666666666667,0.8720920049676965,0.8711108971440569,0.6354166666666666,0.9791666666666666,0.11571180555555555,0.21888058271747346,0.0
internvl3,full,handwriting_density_grp,mid,93,93,1.0,0.5236087395895042,0.5668271887581906,0.5265547605943863,0.6344086021505376,1.2572371141874243,0.07526881720430108,0.5254577644976304,0.533239847767443,0.6021505376344086,0.8817204301075269,0.18440860215053761,0.33889182676909757,0.0
internvl3,full,answer_length_grp,high,99,99,1.0,0.45700326336377917,0.4998732829844391,0.4308256880733945,0.6040404035587503,1.1206960317903352,0.11313131361296683,0.45978165941281834,0.4957534947335165,0.5252525252525253,0.9090909090909091,0.19545454521371863,0.3432816801647455,0.0
internvl3,full,answer_length_grp,low,97,97,1.0,0.8540377863233573,0.7358028053928911,0.6073387307390963,0.30927835051546393,0.56986162183572,0.07216494845360824,0.8572669435487279,0.8686421442461751,0.6804123711340206,0.979381443298969,0.11065292096219931,0.2208102335062321,0.0
internvl3,full,answer_length_grp,mid,95,95,1.0,0.5440082439187539,0.5606893008181495,0.45854922279792754,0.6157894736842106,1.1821033884786185,0.12105263157894737,0.5473331021990772,0.5408310199455119,0.5368421052631579,0.9052631578947369,0.18482456140350872,0.32392083539398814,0.0
internvl3,full,subject,data_mining,32,32,1.0,0.7562012756909993,0.6762513312034079,0.4920634920634921,0.59375,1.159202311936963,0.34375,0.7784661756266205,0.7653444289746806,0.625,0.90625,0.1484375,0.28980057798424075,0.0
internvl3,full,subject,databases,64,64,1.0,0.6310912286307717,0.4611345882955564,0.3025641025641026,0.41093749925494194,0.6006506884645727,-0.17656249925494194,0.6812211595434186,0.6694346186761662,0.46875,0.984375,0.17812499962747097,0.26806275156599096,0.0
internvl3,full,subject,environment,18,18,1.0,0.07272727272727253,0.423076923076923,0.7777777777777778,0.1388888888888889,0.485912657903775,0.1388888888888889,0.16695677422593647,0.7856742013183862,0.8888888888888888,0.9444444444444444,0.06944444444444445,0.2429563289518875,0.0
internvl3,full,subject,image_processing,28,28,1.0,0.5415335463258786,0.45856353591160226,0.48235294117647054,0.375,0.6050383695034791,0.375,0.7116871910872895,0.7288809309936691,0.6071428571428571,1.0,0.1125,0.18492276379999453,0.0
internvl3,full,subject,machine_learning,36,36,1.0,0.7089262613195343,0.43471074380165287,0.1504424778761061,0.2638888888888889,0.4166666666666667,0.2361111111111111,0.789345160931221,0.5277527207515269,0.5555555555555556,1.0,0.10555555555555556,0.16666666666666666,0.0
internvl3,full,subject,networking,45,45,1.0,0.8068669527896996,0.6922024623803009,0.5652173913043479,0.3333333333333333,0.6146362971528592,-0.2,0.8297695465197792,0.8430317786328284,0.6888888888888889,0.9777777777777777,0.15,0.3140240613569462,0.0
internvl3,full,subject,other,40,40,1.0,0.4628099173553719,0.4036697247706422,0.3689320388349515,0.325,0.570087712549569,0.125,0.4834777609969795,0.4896143260277421,0.675,1.0,0.08125,0.14252192813739226,0.0
internvl3,full,subject,programming,20,20,1.0,-0.34691455696202533,-0.3082901554404145,-0.20141342756183733,2.525,2.9176188921790316,0.625,-0.37076539985978185,-0.186918316552643,0.15,0.3,0.63125,0.7294047230447579,0.0
internvl3,full,criterion_scale_grp,large_scale,151,151,1.0,0.5328034027988764,0.5158388504586884,0.39830649178150423,0.7152317880794702,1.285425175105382,0.1390728476821192,0.5359018017005452,0.5266049830666635,0.5231788079470199,0.8874172185430463,0.18405077262693156,0.3249674518144525,0.0
internvl3,full,criterion_scale_grp,small_scale,140,140,1.0,0.782391207532765,0.6717859220477022,0.5529727313366115,0.2878571425165449,0.5284073102351319,0.06214285748345511,0.7870433199015112,0.7861330947422787,0.6428571428571429,0.9785714285714285,0.14178571411541532,0.2727832733776479,0.0
internvl3,full,criterion_type,application,74,74,1.0,0.205603685567757,0.36173294706347114,0.4231041814316089,0.8851351351351351,1.582206806450528,0.11486486486486487,0.2064797448659206,0.23665884840930634,0.5540540540540541,0.7972972972972973,0.2719594594594595,0.44669393657511514,0.0
internvl3,full,criterion_type,definition_theory,126,126,1.0,0.666402507114297,0.6032870501558514,0.512232889439455,0.3968253968253968,0.7637626158259734,0.1349206349206349,0.6753580045592743,0.6575115604523664,0.6031746031746031,0.9603174603174603,0.13055555555555556,0.24730915182921,0.0
internvl3,full,criterion_type,numerical,48,48,1.0,0.8846631866766095,0.7247706422018348,0.4907161803713528,0.3125,0.5496210815947049,0.10416666666666667,0.8884521512133634,0.7366192081658673,0.6666666666666666,1.0,0.08159722222222222,0.1428261375083551,0.0
internvl3,full,criterion_type,structure_clarity,34,34,1.0,0.7662440439879313,0.5980735551663747,0.3832199546485261,0.3176470574210672,0.49527176055735456,0.12352941316716812,0.7788525101838469,0.7170496431617004,0.5294117647058824,1.0,0.1588235287105336,0.269803849929332,0.0
internvl3,lora,handwriting_density_grp,high,102,102,1.0,0.6850480882809187,0.5824447829398325,0.4208658623136977,0.463725489728591,0.7988349357792687,0.03627451027140898,0.6859958094628507,0.688947779451712,0.5294117647058824,0.9411764705882353,0.19281045728259616,0.3426794330415221,0.0
internvl3,lora,handwriting_density_grp,low,96,96,1.0,0.9002339686073189,0.7990379476215927,0.6605108055009823,0.24479166666666666,0.4881406047441659,0.041666666666666664,0.9009939485133386,0.9112764640830934,0.71875,0.9895833333333334,0.08880208333333334,0.18745948636379484,0.0
internvl3,lora,handwriting_density_grp,mid,93,93,1.0,0.5696599320390907,0.5607810453625433,0.4735606792765428,0.6397849462365591,1.1902380714238083,-0.0913978494623656,0.5724923458931415,0.5842016073701394,0.5591397849462365,0.8817204301075269,0.1817204301075269,0.319731443461342,0.0
internvl3,lora,answer_length_grp,high,99,99,1.0,0.6004754808413919,0.5644618834080718,0.4501357689459393,0.5232323227506696,0.9552618762602537,-0.02828282780117459,0.6008707345679942,0.6283980396402055,0.5454545454545454,0.9090909090909091,0.1885521883113617,0.33772361330678524,0.0
internvl3,lora,answer_length_grp,low,97,97,1.0,0.8710640691944828,0.7626610036471078,0.6422550052687039,0.27319587628865977,0.5263666551654874,0.0,0.8744686698562301,0.8989664967527782,0.711340206185567,0.9896907216494846,0.09604810996563573,0.1974457455893069,0.0
internvl3,lora,answer_length_grp,mid,95,95,1.0,0.6203333658251291,0.592274678111588,0.46426229508196715,0.5473684210526316,1.038723913473187,0.021052631578947368,0.6205381687464979,0.633495052793886,0.5473684210526316,0.9157894736842105,0.18008771929824563,0.3209418249009628,0.0
internvl3,lora,subject,data_mining,32,32,1.0,0.8450813323005422,0.7318435754189945,0.5337748344370861,0.46875,0.8838834764831844,0.09375,0.8479843478204594,0.84265217310036,0.65625,0.90625,0.1171875,0.2209708691207961,0.0
internvl3,lora,subject,databases,64,64,1.0,0.7404598382296361,0.5803152448562147,0.39622641509433965,0.34062499925494194,0.535315327216553,-0.16874999925494194,0.7671699099238357,0.728893134313599,0.546875,1.0,0.14296874962747097,0.23274665804837188,0.0
internvl3,lora,subject,environment,18,18,1.0,0.24767801857585148,0.4375,0.6896551724137931,0.1388888888888889,0.4330127018922193,0.1111111111111111,0.5279636773484547,0.8695819912499181,0.8333333333333334,0.9444444444444444,0.06944444444444445,0.21650635094610965,0.0
internvl3,lora,subject,image_processing,28,28,1.0,0.5594405594405594,0.5437392795883362,0.5771812080536913,0.3392857142857143,0.6338656910463875,0.19642857142857142,0.5846703669726763,0.5355389737637869,0.6785714285714286,0.9642857142857143,0.10357142857142856,0.19086270308410552,0.0
internvl3,lora,subject,machine_learning,36,36,1.0,0.6871657754010696,0.4098360655737705,0.14763231197771576,0.2777777777777778,0.42491829279939874,0.16666666666666666,0.7269871981861422,0.4937640705349089,0.5277777777777778,1.0,0.1111111111111111,0.16996731711975951,0.0
internvl3,lora,subject,networking,45,45,1.0,0.793528133301135,0.6598488216985327,0.50920245398773,0.37777777777777777,0.6497862896539309,-0.2,0.8114036357372006,0.8107273305887023,0.6444444444444445,0.9777777777777777,0.22777777777777777,0.4297932319409209,0.0
internvl3,lora,subject,other,40,40,1.0,0.3023255813953488,0.25,0.22077922077922074,0.375,0.6123724356957945,-0.025,0.3174510888285779,0.3197977429380068,0.625,1.0,0.09375,0.15309310892394862,0.0
internvl3,lora,subject,programming,20,20,1.0,-0.07480847228481302,-0.008064516129032251,0.07894736842105254,1.875,2.441823089414956,0.275,-0.0768703401266271,-0.00829871232232112,0.3,0.4,0.46875,0.610455772353739,0.0
internvl3,lora,criterion_scale_grp,large_scale,151,151,1.0,0.652174327462898,0.5938847569679212,0.45280704688632434,0.5927152317880795,1.0955962421566692,-0.029801324503311258,0.6530056129268125,0.6545616298611975,0.5695364238410596,0.8940397350993378,0.15259381898454744,0.27740270851806176,0.0
internvl3,lora,criterion_scale_grp,small_scale,140,140,1.0,0.783724843670304,0.6656638141952402,0.5398891609743524,0.29142857108797343,0.524166004044178,0.0264285717691694,0.7860442428542369,0.7902174214978153,0.6357142857142857,0.9857142857142858,0.157499999829701,0.30751016235062917,0.0
internvl3,lora,criterion_type,application,74,74,1.0,0.3722051314579303,0.4617622610141313,0.46363856003865667,0.7094594594594594,1.3444078370912722,0.006756756756756757,0.37336165277152633,0.39735209326449594,0.5945945945945946,0.8378378378378378,0.23817567567567569,0.4153413607455269,0.0
internvl3,lora,criterion_type,definition_theory,126,126,1.0,0.7523011101887412,0.653123220049364,0.5404314760204874,0.34523809523809523,0.6538955307075933,0.047619047619047616,0.7552711518047996,0.7329733704855116,0.626984126984127,0.9523809523809523,0.11666666666666665,0.2223734604405149,0.0
internvl3,lora,criterion_type,numerical,48,48,1.0,0.8642375842276017,0.6826137689614935,0.43956043956043955,0.3541666666666667,0.5951190357119042,-0.0625,0.8656586507803542,0.6690066253936597,0.6458333333333334,1.0,0.09201388888888888,0.15543770337221802,0.0
internvl3,lora,criterion_type,structure_clarity,34,34,1.0,0.6848786581669208,0.5140599581687195,0.327906976744186,0.36176470447989073,0.5447611449441633,0.020588236696579876,0.6856089783141662,0.6920671126087166,0.5,1.0,0.20882352871053358,0.3593294405534484,0.0
internvl3,zero_shot,handwriting_density_grp,high,102,102,1.0,0.500097040876466,0.3558435520427733,0.11615925058548005,0.6392156867419972,0.8997548686816909,0.06862745144787957,0.5125475245434828,0.44093605653071805,0.27450980392156865,0.8823529411764706,0.24199346428603125,0.31730671478083444,0.0
internvl3,zero_shot,handwriting_density_grp,low,96,96,1.0,0.5455640444747861,0.35409617998322773,0.07252350895272441,0.7270833333333333,0.952463910077437,-0.12812500000000002,0.5644135981924072,0.5735229027808089,0.21875,0.8645833333333334,0.2637152777777778,0.3283569506452346,0.0
internvl3,zero_shot,handwriting_density_grp,mid,93,93,1.0,0.4742467732657256,0.33524268120064027,0.14536340852130314,0.871505376344086,1.179814547118062,0.19838709677419353,0.5131795360414817,0.5166001411858696,0.2903225806451613,0.7956989247311828,0.2793906810035842,0.3652178937516178,0.0
internvl3,zero_shot,answer_length_grp,high,99,99,1.0,0.4398538982907333,0.3312764714473493,0.14781111657648804,0.7474747479564011,1.0553136353139432,0.3373737378553911,0.47502528312583525,0.4160345323381776,0.29292929292929293,0.8282828282828283,0.2538720541128807,0.33623317767225436,0.0
internvl3,zero_shot,answer_length_grp,low,97,97,1.0,0.6213884893723962,0.4090537300803836,0.09658076039806063,0.668041237113402,0.8769088163343715,-0.20927835051546392,0.6452304210643817,0.6855409935724853,0.24742268041237114,0.8969072164948454,0.24716494845360826,0.3081963102240824,0.0
internvl3,zero_shot,answer_length_grp,mid,95,95,1.0,0.44026200608803867,0.30542081726332726,0.09439957632728724,0.8131578947368421,1.0967535826486419,0.0005263157894736806,0.46940611529894155,0.4599449223405404,0.24210526315789474,0.8210526315789474,0.28289473684210525,0.3644640782402092,0.0
internvl3,zero_shot,subject,data_mining,32,32,1.0,0.6240437158469945,0.4579673776662484,0.26034063260340634,0.84375,1.159202311936963,0.34375,0.6953200187981459,0.754659118611348,0.40625,0.75,0.2109375,0.28980057798424075,0.0
internvl3,zero_shot,subject,databases,64,64,1.0,0.3095787278799845,0.14695561164809456,0.04173303599872569,0.6765625007450581,0.8548574444303702,-0.23281249925494193,0.33421680074565696,0.24890710897514762,0.265625,0.90625,0.2807291670391957,0.3528037502431301,0.0
internvl3,zero_shot,subject,environment,18,18,1.0,-0.0277481323372466,-0.026315789473684292,-0.009345794392523477,0.5416666666666666,0.6095307849303248,-0.3472222222222222,-0.07635574467394807,0.2558443002671386,0.0,0.9444444444444444,0.2708333333333333,0.3047653924651624,0.0
internvl3,zero_shot,subject,image_processing,28,28,1.0,-0.15796019900497504,-0.03459119496855356,0.04347826086956519,0.8392857142857143,1.0897247358851685,0.5178571428571429,-0.2183823632226191,-0.22313056668069886,0.21428571428571427,0.7857142857142857,0.23928571428571427,0.29246489410818916,0.0
internvl3,zero_shot,subject,machine_learning,36,36,1.0,0.40764331210191085,0.160621761658031,0.018538713195201728,0.375,0.4639803635691685,-0.1527777777777778,0.7359725855317739,0.4310816416098244,0.3055555555555556,1.0,0.15000000000000002,0.1855921454276674,0.0
internvl3,zero_shot,subject,networking,45,45,1.0,0.7728594800945283,0.5472186287192755,0.20000000000000018,0.4666666666666667,0.6084588911522473,0.05111111111111113,0.8169036200759879,0.7930596944680047,0.28888888888888886,0.9555555555555556,0.3111111111111111,0.40235418338683754,0.0
internvl3,zero_shot,subject,other,40,40,1.0,0.025844930417495027,-0.032448377581120846,-0.06060606060606055,0.875,1.1067971810589328,-0.425,0.032232274565958834,0.031382092339600966,0.3,0.825,0.21875,0.2766992952647332,0.0
internvl3,zero_shot,subject,programming,20,20,1.0,0.08243929983060416,0.053672316384180796,0.017341040462427793,1.675,2.0155644370746373,1.075,0.34103586732083674,0.3388386813210512,0.15,0.5,0.41875,0.5038911092686593,0.0
internvl3,zero_shot,criterion_scale_grp,large_scale,151,151,1.0,0.3953735616410653,0.23553618323090675,0.06291277613299928,0.990728476821192,1.2853736540257763,0.12185430463576158,0.4206101563037604,0.3951369585975385,0.2781456953642384,0.7350993377483444,0.2642935982339956,0.3408999095693204,0.0
internvl3,zero_shot,criterion_scale_grp,small_scale,140,140,1.0,0.5959778304516758,0.34724950884086436,0.04877892442792131,0.47464285748345514,0.5954440121160096,-0.037499999659402025,0.6369255436994755,0.6164405199999714,0.24285714285714285,0.9714285714285714,0.25767857159887037,0.3324892587391613,0.0
internvl3,zero_shot,criterion_type,application,74,74,1.0,0.40623567171022457,0.358923792083392,0.21675854465270117,0.831081081081081,1.2398234399147978,0.34459459459459457,0.4405581488585312,0.39317304834583416,0.35135135135135137,0.8108108108108109,0.2989864864864865,0.394482641004714,0.0
internvl3,zero_shot,criterion_type,definition_theory,126,126,1.0,0.39059300330771274,0.22545500346369418,0.022805805114029076,0.6972222222222222,0.9037729557557891,-0.08214285714285716,0.4005942429017659,0.3755099556950514,0.1984126984126984,0.8571428571428571,0.23802910052910053,0.2944659695636162,0.0
internvl3,zero_shot,criterion_type,numerical,48,48,1.0,0.4010569583088667,0.19578313253012058,0.018118059614260718,0.9270833333333334,1.1524430571616109,-0.19791666666666666,0.41815308590154876,0.362271420023157,0.2708333333333333,0.7708333333333334,0.24826388888888887,0.3129626205345486,0.0
internvl3,zero_shot,criterion_type,structure_clarity,34,34,1.0,0.5444587880921645,0.3325724720383474,0.1186440677966103,0.5058823543436387,0.634776478007474,0.308823530814227,0.6277867523306655,0.5678231575099614,0.23529411764705882,0.9705882352941176,0.3147058830541723,0.40475119462703374,0.0
pixtral,few_shot,handwriting_density_grp,high,102,102,1.0,0.3552832758086256,0.27994110874119926,0.10526315789473684,0.7333333328658459,1.033222637605208,0.07058823576160506,0.36224509460696136,0.3488707984862173,0.23529411764705882,0.8235294117647058,0.2722222219884785,0.346028667299346,0.0
pixtral,few_shot,handwriting_density_grp,low,96,96,1.0,0.5491338881509391,0.4139361854342538,0.18406697957630358,0.6666666666666666,0.9499177595981665,-0.23958333333333334,0.5833475028139202,0.6075230966983736,0.3020833333333333,0.84375,0.25078125,0.34420949928517103,0.0
pixtral,few_shot,handwriting_density_grp,mid,93,93,1.0,0.3939530381750189,0.250016302575807,0.11202259279182347,0.9973118279569892,1.2744912541831142,0.008064516129032258,0.41441634601074734,0.4230036706945337,0.23655913978494625,0.6774193548387096,0.3172043010752688,0.3973422005938456,0.0
pixtral,few_shot,answer_length_grp,high,99,99,1.0,0.2804905066676143,0.24078617585002404,0.14960629921259838,0.8792929288112756,1.2322579255938872,0.40858585906751227,0.3078689017029256,0.2922844762328497,0.2727272727272727,0.7070707070707071,0.2819023566615301,0.36820632487085697,0.0
pixtral,few_shot,answer_length_grp,low,97,97,1.0,0.646235368041925,0.46503221022384955,0.1653572764683876,0.6134020618556701,0.8517719553481,-0.3556701030927835,0.7052250832152052,0.751464993303261,0.28865979381443296,0.8969072164948454,0.23711340206185566,0.31899353105076234,0.0
pixtral,few_shot,answer_length_grp,mid,95,95,1.0,0.3905484522421624,0.250510488212363,0.08700666324961548,0.8947368421052632,1.1510864433221337,-0.22105263157894736,0.42858399888206833,0.4239847344852434,0.21052631578947367,0.7473684210526316,0.32035087719298244,0.3970634165031402,0.0
pixtral,few_shot,subject,data_mining,32,32,1.0,0.21328224776500637,0.14694408322496744,0.07621247113163976,1.28125,1.5512092057488571,0.46875,0.3097093872064117,0.2849058917869668,0.21875,0.5625,0.3203125,0.3878023014372143,0.0
pixtral,few_shot,subject,databases,64,64,1.0,0.08461274883664383,0.10517953606609465,0.14893617021276595,0.8249999992549419,1.1014195380543723,-0.6843749992549419,0.1446239831685567,0.025726088802951404,0.296875,0.734375,0.32916666629413766,0.428356840770998,0.0
pixtral,few_shot,subject,environment,18,18,1.0,0.06477732793522273,0.021052631578947212,-0.04854368932038833,0.4305555555555556,0.517069735249619,-0.2361111111111111,0.21118547093938186,0.34783279649996723,0.0,0.9444444444444444,0.2152777777777778,0.2585348676248095,0.0
pixtral,few_shot,subject,image_processing,28,28,1.0,-0.13595166163142003,0.006337135614702172,0.19885550786838346,1.0,1.2955969390869324,0.6071428571428571,-0.18412626222730027,-0.19616694257134215,0.2857142857142857,0.5714285714285714,0.27946428571428567,0.348498052874249,0.0
pixtral,few_shot,subject,machine_learning,36,36,1.0,0.4659913169319826,0.21297602256699577,0.046843177189409446,0.4305555555555556,0.5335936864527374,-0.2916666666666667,0.5969743167867184,0.23858263929744508,0.2777777777777778,1.0,0.17222222222222225,0.21343747458109497,0.0
pixtral,few_shot,subject,networking,45,45,1.0,0.6634635471067474,0.40686396418801296,0.042553191489361875,0.5888888888888889,0.7051398600435393,-0.07777777777777778,0.7499533996921532,0.7471118032381234,0.1111111111111111,0.9333333333333333,0.3611111111111111,0.41998677227847175,0.0
pixtral,few_shot,subject,other,40,40,1.0,0.08587257617728528,0.04761904761904767,0.008264462809917328,0.425,0.6422616289332564,-0.3,0.30080080170250156,0.2723030088671308,0.55,1.0,0.10625,0.1605654072333141,0.0
pixtral,few_shot,subject,programming,20,20,1.0,0.12130177514792895,0.07801418439716312,0.04225352112676062,1.625,1.9267848867997692,0.925,0.33175821130853866,0.3201195336096547,0.15,0.45,0.40625,0.4816962216999423,0.0
pixtral,few_shot,criterion_scale_grp,large_scale,151,151,1.0,0.2664781024188386,0.15732821921595042,0.09580838323353302,1.0695364238410596,1.3864290210694437,0.10927152317880795,0.28969177822810654,0.3135744160355403,0.2913907284768212,0.6357615894039735,0.2891832229580574,0.3773991198433993,0.0
pixtral,few_shot,criterion_scale_grp,small_scale,140,140,1.0,0.5568489936751719,0.35208308558290724,0.08254674442373588,0.5003571425165448,0.634302203345794,-0.2253571425165449,0.6373135677141106,0.6598070774844745,0.22142857142857142,0.9428571428571428,0.2691071426868439,0.3460297776299288,0.0
pixtral,few_shot,criterion_type,application,74,74,1.0,0.22657721169223188,0.19209285455204939,0.09413254537779658,1.0168918918918919,1.3659097552398765,0.23986486486486486,0.24486871867045687,0.16924083167390122,0.21621621621621623,0.6891891891891891,0.36317567567567566,0.4419417382415922,0.0
pixtral,few_shot,criterion_type,definition_theory,126,126,1.0,0.18254328208817505,0.12804897906014912,0.052980620440645554,0.8432539682539683,1.1111359124216154,-0.1884920634920635,0.1876093578940593,0.23458363099058968,0.19047619047619047,0.7301587301587301,0.2779100529100529,0.3506748973021645,0.0
pixtral,few_shot,criterion_type,numerical,48,48,1.0,0.5614179719703215,0.34328358208955223,0.1428571428571429,0.5729166666666666,0.8322910148099242,-0.07291666666666667,0.771134213099029,0.7022392118726757,0.4791666666666667,0.8958333333333334,0.16145833333333334,0.24547407836296717,0.0
pixtral,few_shot,criterion_type,structure_clarity,34,34,1.0,0.5670793006834933,0.3266683647478349,0.10147991543340373,0.45735293977400837,0.561052055981231,-0.016176469185773062,0.6033384074677716,0.6461717755537266,0.2647058823529412,1.0,0.2926470581222983,0.3783672345022723,0.0
pixtral,full,handwriting_density_grp,high,102,102,1.0,0.40673732929143747,0.40914973570548707,0.3351955307262571,0.7284313720815322,1.2061525280082315,0.10490196125180114,0.41719741622708695,0.41022977724336024,0.45098039215686275,0.8431372549019608,0.25898692787083144,0.4169247564445131,0.0
pixtral,full,handwriting_density_grp,low,96,96,1.0,0.7399569919281952,0.6210259658011399,0.444015444015444,0.4869791666666667,0.8240366850652545,-0.2838541666666667,0.764206660251669,0.7702906034567397,0.53125,0.8854166666666666,0.18385416666666668,0.3263194370551653,0.0
pixtral,full,handwriting_density_grp,mid,93,93,1.0,0.5257176162028268,0.5036974918045285,0.40731504571903576,0.7526881720430108,1.3013640486415683,-0.46236559139784944,0.5597919802085591,0.5740752563838016,0.5053763440860215,0.8494623655913979,0.23637992831541219,0.3883803638818323,0.0
pixtral,full,answer_length_grp,high,99,99,1.0,0.37559818510294996,0.4178393421487083,0.37019818938096405,0.7555555550739018,1.2895853218223512,0.10303030351195673,0.382064085168804,0.40923470270063017,0.47474747474747475,0.8383838383838383,0.2454545452137186,0.4046308814217664,0.0
pixtral,full,answer_length_grp,low,97,97,1.0,0.7325995098571019,0.5828913190579094,0.40353574173712536,0.5077319587628866,0.7990813023935996,-0.3582474226804124,0.7746801172688071,0.7986022632922775,0.5051546391752577,0.9072164948453608,0.20214776632302406,0.34595829523072025,0.0
pixtral,full,answer_length_grp,mid,95,95,1.0,0.5450628842234337,0.5212125771024523,0.41702572137354743,0.7052631578947368,1.23330962518702,-0.3684210526315789,0.5708566083185584,0.5858859848710987,0.5052631578947369,0.8315789473684211,0.2330701754385965,0.38610458995713187,0.0
pixtral,full,subject,data_mining,32,32,1.0,0.49337260677466865,0.43736263736263736,0.3062330623306233,1.0,1.6393596310755,0.0,0.4961699898074653,0.48848850623406426,0.5,0.75,0.25,0.409839907768875,0.0
pixtral,full,subject,databases,64,64,1.0,0.22809394058962973,0.17838909541511772,0.15401168152474642,0.8093749992549419,1.1014195380543723,-0.7624999992549419,0.37234412380059667,0.3779556620076683,0.328125,0.75,0.33046874962747097,0.4535785562021437,0.0
pixtral,full,subject,environment,18,18,1.0,0.1309328968903437,0.2058823529411764,0.2941176470588236,0.20833333333333334,0.45261585380000896,0.041666666666666664,0.2928615554249814,0.48235730118025505,0.5555555555555556,0.9444444444444444,0.10416666666666667,0.22630792690000448,0.0
pixtral,full,subject,image_processing,28,28,1.0,0.0052631578947368585,0.10810810810810811,0.2893401015228426,0.5892857142857143,0.8504200642707612,0.375,0.00782511368532729,0.030678659702291597,0.4642857142857143,0.9285714285714286,0.1660714285714286,0.23773484629489455,0.0
pixtral,full,subject,machine_learning,36,36,1.0,0.6170212765957446,0.3793103448275863,0.17431192660550465,0.2777777777777778,0.4714045207910317,0.2777777777777778,0.7296752079335872,0.4322620196757879,0.5833333333333334,0.9722222222222222,0.1111111111111111,0.18856180831641264,0.0
pixtral,full,subject,networking,45,45,1.0,0.6808510638297873,0.5408163265306123,0.38650306748466257,0.5333333333333333,0.8432740427115678,-0.4888888888888889,0.7650795273826438,0.7776798827856044,0.5555555555555556,0.9111111111111111,0.28888888888888886,0.485912657903775,0.0
pixtral,full,subject,other,40,40,1.0,0.0,0.0,0.0,0.425,0.6519202405202649,-0.275,,,0.575,1.0,0.10625,0.16298006013006622,0.0
pixtral,full,subject,programming,20,20,1.0,0.11107168204400286,0.12878787878787878,0.13043478260869568,1.725,2.5024987512484396,0.125,0.111821027636469,0.07231916352089354,0.45,0.55,0.43125,0.6256246878121099,0.0
pixtral,full,criterion_scale_grp,large_scale,151,151,1.0,0.46213702621316965,0.41712327776894276,0.2847191261703076,0.8841059602649006,1.4112837610858546,-0.24172185430463577,0.4695728729000097,0.4447586528701344,0.4370860927152318,0.8013245033112583,0.2359271523178808,0.3721377151387609,0.0
pixtral,full,criterion_scale_grp,small_scale,140,140,1.0,0.6798550448960878,0.5865873056596028,0.460836076774955,0.4110714282308306,0.7087589753712675,-0.16464285680225918,0.7114985839014857,0.727272999239679,0.5571428571428572,0.9214285714285714,0.21732142840112958,0.38793754082074416,0.0
pixtral,full,criterion_type,application,74,74,1.0,0.30739693882992913,0.4130740693360624,0.4581401025140347,0.8378378378378378,1.5400070199910199,-0.3108108108108108,0.3170322893449705,0.39953561412088956,0.5945945945945946,0.7837837837837838,0.30236486486486486,0.5102413975598058,0.0
pixtral,full,criterion_type,definition_theory,126,126,1.0,0.400985119150855,0.3697306541256946,0.32510043148341017,0.6964285714285714,1.1062144084490662,-0.12896825396825398,0.41356689755793286,0.39036400843335434,0.42857142857142855,0.8174603174603174,0.22718253968253968,0.3551639398394177,0.0
pixtral,full,criterion_type,numerical,48,48,1.0,0.8370535714285714,0.6230899830220713,0.3299044819985305,0.3854166666666667,0.6166103577895309,-0.2604166666666667,0.8747388241587449,0.6859452786678414,0.6041666666666666,1.0,0.09895833333333333,0.15820535763742385,0.0
pixtral,full,criterion_type,structure_clarity,34,34,1.0,0.6982696905434063,0.5125920185974429,0.27088036117381487,0.4352941162445966,0.6216675848002328,-0.052941175068126005,0.7204374828003923,0.7137092397918413,0.4411764705882353,0.9705882352941176,0.24411764635759237,0.38329070448537816,0.0
pixtral,lora,handwriting_density_grp,high,102,102,1.0,0.5682010845045734,0.537945848563064,0.4207973500532356,0.5127450975717283,0.9308966788548558,-0.022549019140355727,0.5685912717520467,0.5723410776531056,0.5294117647058824,0.9117647058823529,0.1872549017270406,0.3275561450124927,0.0
pixtral,lora,handwriting_density_grp,low,96,96,1.0,0.8597157215883355,0.7310692582855665,0.5641458036061746,0.3385416666666667,0.5940240595576355,-0.020833333333333332,0.8604374710800845,0.8706663339426669,0.6354166666666666,0.9791666666666666,0.11571180555555556,0.21157033842637737,0.0
pixtral,lora,handwriting_density_grp,mid,93,93,1.0,0.5501514909902727,0.5261146496815287,0.40764331210191085,0.6881720430107527,1.211503997304124,-0.20430107526881722,0.5595645382971492,0.5666302130841324,0.5053763440860215,0.9032258064516129,0.2050179211469534,0.33679209133195437,0.0
pixtral,lora,answer_length_grp,high,99,99,1.0,0.492858728631688,0.5077508043287511,0.40748129675810474,0.5838383833567301,1.0642966090130264,-0.1090909086092554,0.49550007216386466,0.5449228855844418,0.5151515151515151,0.8888888888888888,0.19259259235176576,0.3339472458259963,0.0
pixtral,lora,answer_length_grp,low,97,97,1.0,0.8471214967402746,0.7110271231658515,0.558172826652785,0.34536082474226804,0.5909541472260866,-0.041237113402061855,0.8480044002763087,0.8744251391891612,0.6391752577319587,0.9896907216494846,0.1183848797250859,0.214144051248206,0.0
pixtral,lora,answer_length_grp,mid,95,95,1.0,0.576241011997191,0.5481616278588858,0.42778577975644894,0.6052631578947368,1.0894228312566052,-0.08947368421052632,0.5782761069002645,0.5699223614316586,0.5157894736842106,0.9157894736842105,0.19710526315789476,0.3292923921565206,0.0
pixtral,lora,subject,data_mining,32,32,1.0,0.7698343504795118,0.6811254396248534,0.5070603337612323,0.53125,1.015504800579495,0.09375,0.7727627028859336,0.7784902062143276,0.625,0.90625,0.1328125,0.2538762001448738,0.0
pixtral,lora,subject,databases,64,64,1.0,0.5496840517223612,0.35074626865671643,0.17786561264822132,0.5437499992549419,0.7303680570834866,-0.41874999925494194,0.6599830250513469,0.5907569797169752,0.390625,0.984375,0.22239583296080428,0.30101102735757984,0.0
pixtral,lora,subject,environment,18,18,1.0,0.24767801857585148,0.4375,0.6896551724137931,0.1388888888888889,0.4330127018922193,0.1111111111111111,0.5279636773484547,0.8695819912499181,0.8333333333333334,0.9444444444444444,0.06944444444444445,0.21650635094610965,0.0
pixtral,lora,subject,image_processing,28,28,1.0,0.41666666666666663,0.45699831365935917,0.5371900826446281,0.4107142857142857,0.75,0.23214285714285715,0.4413310253208056,0.4503644043022052,0.6428571428571429,0.8928571428571429,0.12142857142857143,0.21957751641341997,0.0
pixtral,lora,subject,machine_learning,36,36,1.0,0.6284953395472703,0.33653846153846145,0.07816711590296499,0.3194444444444444,0.4639803635691685,0.125,0.648502171811602,0.27507410668858356,0.4722222222222222,1.0,0.12777777777777777,0.1855921454276674,0.0
pixtral,lora,subject,networking,45,45,1.0,0.7948328267477204,0.7120658135283364,0.6303901437371664,0.3111111111111111,0.6324555320336759,-0.2222222222222222,0.8224612526994723,0.8191960384990123,0.7333333333333333,0.9555555555555556,0.15555555555555556,0.3415650255319866,0.0
pixtral,lora,subject,other,40,40,1.0,0.2410714285714286,0.1747572815533981,0.13705583756345185,0.425,0.6519202405202649,0.025,0.2492001003363898,0.24282358669909299,0.575,1.0,0.10625,0.16298006013006622,0.0
pixtral,lora,subject,programming,20,20,1.0,-0.11038961038961048,-0.04054054054054057,0.024390243902439157,1.925,2.53229145242012,-0.075,-0.11108833485625602,-0.15025732179435797,0.3,0.5,0.48125,0.63307286310503,0.0
pixtral,lora,criterion_scale_grp,large_scale,151,151,1.0,0.5874638982124736,0.5213483146067416,0.3550997471199775,0.7052980132450332,1.203609362163963,-0.10264900662251655,0.5894942963908903,0.5847594989614414,0.4966887417218543,0.8874172185430463,0.18625827814569537,0.3106410862617465,0.0
pixtral,lora,criterion_scale_grp,small_scale,140,140,1.0,0.7713960425533651,0.6541716060990067,0.5236260914227016,0.30214285680225916,0.5346226968867593,-0.05571428537368774,0.7743835203048073,0.7724945674688886,0.6214285714285714,0.9785714285714285,0.15107142840112958,0.28307936773136505,0.0
pixtral,lora,criterion_type,application,74,74,1.0,0.33369392300349987,0.4675522346755223,0.5087719298245614,0.7027027027027027,1.382809517671238,-0.14864864864864866,0.33766239717402124,0.3743969421224464,0.6216216216216216,0.8648648648648649,0.21452702702702703,0.3847274394980201,0.0
pixtral,lora,criterion_type,definition_theory,126,126,1.0,0.6150043926126874,0.5251153421274937,0.42803474994130075,0.4603174603174603,0.7924494876496485,-0.04365079365079365,0.6158283750453148,0.6085401108167556,0.5396825396825397,0.9285714285714286,0.15185185185185185,0.2578165166567552,0.0
pixtral,lora,criterion_type,numerical,48,48,1.0,0.8580676096859267,0.6515093618647306,0.346494213750851,0.3958333333333333,0.6208193510729725,-0.020833333333333332,0.8584582438714836,0.6226143135597567,0.5833333333333334,1.0,0.10243055555555554,0.16002386974726265,0.0
pixtral,lora,criterion_type,structure_clarity,34,34,1.0,0.6410209894236525,0.45644114921223355,0.28337236533957844,0.4058823515387142,0.5851093392969652,0.0058823543436387,0.6411952020181471,0.6197944697623669,0.47058823529411764,1.0,0.23088235223994533,0.373083336413734,0.0
pixtral,zero_shot,handwriting_density_grp,high,102,102,1.0,0.2833623770163888,0.3118469518153799,0.22030804335424992,0.7039215681599635,1.1040922097192085,0.3058823534086639,0.306791674944795,0.2884528698104348,0.3431372549019608,0.8333333333333334,0.2573529409427268,0.3635001415007336,0.0
pixtral,zero_shot,handwriting_density_grp,low,96,96,1.0,0.6701358544530069,0.518854415274463,0.2504799692819659,0.546875,0.8220591523728691,0.052083333333333336,0.6827257607132158,0.738755532902964,0.3645833333333333,0.9270833333333334,0.19479166666666667,0.2750210429659412,0.0
pixtral,zero_shot,handwriting_density_grp,mid,93,93,1.0,0.4715221025985593,0.32712561006935525,0.11596958174904937,0.9086021505376344,1.2109491523025917,0.1989247311827957,0.49887206541367946,0.5285019250589097,0.24731182795698925,0.7741935483870968,0.29086021505376347,0.37468026990955666,0.0
pixtral,zero_shot,answer_length_grp,high,99,99,1.0,0.2043973306631971,0.20218608658195125,0.13272530901236057,0.9070707065890534,1.2746162027675125,0.5070707075523607,0.24134715400541668,0.22745422183183148,0.26262626262626265,0.7474747474747475,0.2900673398265132,0.3825860083691062,0.0
pixtral,zero_shot,answer_length_grp,low,97,97,1.0,0.7311165898087708,0.549612295120026,0.2384449791059896,0.5154639175257731,0.7478491495719334,-0.05670103092783505,0.7381221758142329,0.7885215523993063,0.36082474226804123,0.9484536082474226,0.1925257731958763,0.2705989601806687,0.0
pixtral,zero_shot,answer_length_grp,mid,95,95,1.0,0.4919417287774659,0.4030870099713153,0.22833935018050544,0.7263157894736842,1.078497980868227,0.10526315789473684,0.5134619042017697,0.5388507430758567,0.3368421052631579,0.8421052631578947,0.25903508771929823,0.358372090927231,0.0
pixtral,zero_shot,subject,data_mining,32,32,1.0,0.16492693110647183,0.1578947368421053,0.10801393728222997,1.375,1.7677669529663689,1.0,0.3289810959905129,0.33184323517867576,0.25,0.59375,0.34375,0.4419417382415922,0.0
pixtral,zero_shot,subject,databases,64,64,1.0,0.5087948193700824,0.31892192275632125,0.1516936671575847,0.5984374992549419,0.7765106242370192,-0.28593749925494194,0.5463029959998975,0.5650446285150089,0.296875,0.890625,0.2458333329608043,0.32211594254832665,0.0
pixtral,zero_shot,subject,environment,18,18,1.0,0.2622950819672131,0.09606986899563308,0.11026615969581754,0.3194444444444444,0.4370036867375631,-0.125,0.48865517455701835,-0.1467167315052277,0.2777777777777778,0.9444444444444444,0.1597222222222222,0.21850184336878156,0.0
pixtral,zero_shot,subject,image_processing,28,28,1.0,-0.15463917525773208,-0.04186046511627928,0.046439628482972006,0.8571428571428571,1.1019463300386794,0.5357142857142857,-0.2166299896289002,-0.2340233064450909,0.21428571428571427,0.7857142857142857,0.24642857142857144,0.2997022331772464,0.0
pixtral,zero_shot,subject,machine_learning,36,36,1.0,0.6411483253588517,0.3752066115702479,0.1990632318501172,0.2916666666666667,0.4166666666666667,-0.06944444444444445,0.6750651138773316,0.3610003161307225,0.4722222222222222,1.0,0.11666666666666667,0.16666666666666666,0.0
pixtral,zero_shot,subject,networking,45,45,1.0,0.7880920162381597,0.5727347321533232,0.22885572139303478,0.45,0.6020797289396148,0.06111111111111111,0.8174744628979402,0.799031308658633,0.3111111111111111,0.9555555555555556,0.3111111111111111,0.4183300132670378,0.0
pixtral,zero_shot,subject,other,40,40,1.0,-0.2351543942992873,-0.11675126903553301,-0.05124835742444156,0.55,0.806225774829855,-0.05,-0.25068433085328035,-0.22798518291349007,0.5,0.95,0.1375,0.20155644370746376,0.0
pixtral,zero_shot,subject,programming,20,20,1.0,0.04060066740823132,0.026798307475317307,0.008746355685131157,1.725,2.0766559657295187,1.125,0.2347169813327799,0.23320477421700708,0.15,0.5,0.43125,0.5191639914323797,0.0
pixtral,zero_shot,criterion_scale_grp,large_scale,151,151,1.0,0.28055344974356144,0.19038458112898338,0.08119071765197161,0.9966887417218543,1.3647647348378231,0.4337748344370861,0.3497756941160276,0.38090608686543626,0.32450331125827814,0.7483443708609272,0.26241721854304634,0.3555153841591166,0.0
pixtral,zero_shot,criterion_scale_grp,small_scale,140,140,1.0,0.6719720989220038,0.4636896470155334,0.1856026177058716,0.41642857108797343,0.5627737427331938,-0.07714285680225917,0.6950239583424198,0.7170526734370173,0.3142857142857143,0.95,0.23124999982970101,0.32414034650846013,0.0
pixtral,zero_shot,criterion_type,application,74,74,1.0,0.24153935409011795,0.2420037007665874,0.13047001620745546,1.0472972972972974,1.465826950444236,0.4797297297297297,0.2679283618506465,0.2295691351008266,0.21621621621621623,0.7162162162162162,0.3597972972972973,0.45233067609940025,0.0
pixtral,zero_shot,criterion_type,definition_theory,126,126,1.0,0.3022638872570542,0.25242225205936786,0.1704815126693714,0.6488095238095238,0.9425459443140463,0.09325396825396826,0.3155921456925702,0.34766972984628647,0.31746031746031744,0.8571428571428571,0.21038359788359787,0.2857034003658333,0.0
pixtral,zero_shot,criterion_type,numerical,48,48,1.0,0.5478502080443828,0.31272727272727274,0.09999999999999998,0.65625,0.9213893494789992,0.11458333333333333,0.6081821695911674,0.4073975583308417,0.4375,0.875,0.18055555555555555,0.26076365771553595,0.0
pixtral,zero_shot,criterion_type,structure_clarity,34,34,1.0,0.6307610477772843,0.41558600440420845,0.19877049180327866,0.41323529271518483,0.5396758278434589,0.11617647199069753,0.6640006491524025,0.7198580143721798,0.3235294117647059,1.0,0.27058823459288656,0.37788108901702067,0.0
qwen25vl,few_shot,handwriting_density_grp,high,102,102,1.0,0.599735554060637,0.43169974498281405,0.17053903345724897,0.5911764701207479,0.8346068692717028,0.06764705929101682,0.6058373974886943,0.5725331033608351,0.3137254901960784,0.9019607843137255,0.23839869257671378,0.32327554857451707,0.0
qwen25vl,few_shot,handwriting_density_grp,low,96,96,1.0,0.6382348657701831,0.46782988004362047,0.1758584807492195,0.6354166666666666,0.899218410621135,-0.234375,0.6584153541029878,0.6996178479926121,0.3125,0.90625,0.24227430555555554,0.32806050953546156,0.0
qwen25vl,few_shot,handwriting_density_grp,mid,93,93,1.0,0.5336235746472855,0.3973061120759034,0.18398683849739517,0.8225806451612904,1.1512032041322249,-0.005376344086021506,0.5491172583914057,0.5513447901939943,0.3118279569892473,0.8387096774193549,0.2590501792114695,0.3536895901279462,0.0
qwen25vl,few_shot,answer_length_grp,high,99,99,1.0,0.5075068345807376,0.38824075940712943,0.16735738664066302,0.7121212116395584,1.021140182088127,0.18686868735034057,0.5172605481092529,0.5050452822183683,0.30303030303030304,0.8585858585858586,0.2487373734965469,0.3398035755330747,0.0
qwen25vl,few_shot,answer_length_grp,low,97,97,1.0,0.6752865792080478,0.4815044698689147,0.16975748930099854,0.5948453608247423,0.8243397858130024,-0.29072164948453605,0.7134088014974365,0.7526960421448562,0.31958762886597936,0.9278350515463918,0.2268041237113402,0.30357973074789135,0.0
qwen25vl,few_shot,answer_length_grp,mid,95,95,1.0,0.5545473208786698,0.41444233868825164,0.19101270797851444,0.7326315789473684,1.0401416907528056,-0.06736842105263158,0.5663401156913299,0.5730125523487194,0.3157894736842105,0.8631578947368421,0.26359649122807016,0.35916264702435835,0.0
qwen25vl,few_shot,subject,data_mining,32,32,1.0,0.7394198763670946,0.5654797827398914,0.28268991282689915,0.703125,1.034559084827928,0.265625,0.7640967671031696,0.7662235734609386,0.4375,0.875,0.17578125,0.258639771206982,0.0
qwen25vl,few_shot,subject,databases,64,64,1.0,0.3614597948664081,0.2357127453094673,0.1578947368421053,0.6921874992549419,0.9116434325232915,-0.47343749925494194,0.4406275509621122,0.4174800568427119,0.328125,0.84375,0.29661458296080434,0.3967697251473329,0.0
qwen25vl,few_shot,subject,environment,18,18,1.0,-0.11873840445269024,-0.032786885245901676,0.0,0.5833333333333334,0.6821127309893709,-0.3888888888888889,-0.2524149167425064,-0.41573970964154905,0.0,0.9444444444444444,0.2916666666666667,0.34105636549468543,0.0
qwen25vl,few_shot,subject,image_processing,28,28,1.0,0.09308176100628918,0.042925278219395846,-0.022222222222222143,0.7678571428571429,0.958980113006968,0.3392857142857143,0.10500986767097055,0.07909115788387003,0.17857142857142858,0.8571428571428571,0.22678571428571428,0.2720622302761946,0.0
qwen25vl,few_shot,subject,machine_learning,36,36,1.0,0.0,0.0,0.0,0.4166666666666667,0.565194165260439,-0.1111111111111111,,,0.3055555555555556,0.9722222222222222,0.16666666666666666,0.2260776661041756,0.0
qwen25vl,few_shot,subject,networking,45,45,1.0,0.8200589970501475,0.6020164499867339,0.24347826086956526,0.4444444444444444,0.593670316290485,0.004444444444444449,0.8238921899645797,0.8140554675305909,0.35555555555555557,1.0,0.28888888888888886,0.379619692733545,0.0
qwen25vl,few_shot,subject,other,40,40,1.0,-0.06617647058823528,-0.013215859030837107,0.022004889975550057,0.575,0.85146931829632,-0.375,-0.0873292650104037,-0.07291553896775935,0.5,0.925,0.14375,0.21286732957408,0.0
qwen25vl,few_shot,subject,programming,20,20,1.0,-0.007905138339920903,-0.0028248587570620654,0.017341040462427793,1.775,2.112463017427761,1.075,-0.032702069469121325,-0.0462052747255979,0.15,0.45,0.44375,0.5281157543569402,0.0
qwen25vl,few_shot,criterion_scale_grp,large_scale,151,151,1.0,0.5172328988511401,0.36734347700710734,0.1565733772342428,0.8178807947019867,1.1644570687237303,0.10264900662251655,0.5422412646816246,0.493298421835065,0.3708609271523179,0.8410596026490066,0.21633554083885212,0.3047559609460593,0.0
qwen25vl,few_shot,criterion_scale_grp,small_scale,140,140,1.0,0.5383564911853553,0.34267731661695566,0.06285860002550048,0.5307142853736877,0.6926914375722237,-0.22571428537368773,0.5772501125719132,0.6007885662208744,0.25,0.9285714285714286,0.2785714284011296,0.3645079851075731,0.0
qwen25vl,few_shot,criterion_type,application,74,74,1.0,0.3212424431936626,0.2861736334405144,0.1973969631236442,0.9324324324324325,1.3355836865519823,0.20270270270270271,0.33308795837653554,0.28481225720160475,0.32432432432432434,0.7567567567567568,0.33614864864864863,0.4438487233159393,0.0
qwen25vl,few_shot,criterion_type,definition_theory,126,126,1.0,0.5336290194836052,0.34823264142184496,0.10006987035168069,0.6190476190476191,0.8339283589952484,-0.12301587301587301,0.5409859681494714,0.5207132622207735,0.2698412698412698,0.9047619047619048,0.21633597883597883,0.2838881511499127,0.0
qwen25vl,few_shot,criterion_type,numerical,48,48,1.0,0.6871378910776362,0.4470493128536782,0.13829787234042545,0.59375,0.8385254915624212,-0.3020833333333333,0.7357050194549977,0.49388939836611007,0.4375,0.9375,0.15798611111111108,0.22080712632756452,0.0
qwen25vl,few_shot,criterion_type,structure_clarity,34,34,1.0,0.5208159786125264,0.3103524717357571,0.10873786407766983,0.5382352927151848,0.6541721278258394,-0.09117646918577309,0.528425933197066,0.4810760264703555,0.20588235294117646,0.9705882352941176,0.32205882282818066,0.39491249846179943,0.0
qwen25vl,full,handwriting_density_grp,high,102,102,1.0,0.6535795149506314,0.5680493293406808,0.41907925961082104,0.4686274505129047,0.8274695656472502,0.13921568674199722,0.6600600186439828,0.6326876674972565,0.5294117647058824,0.9411764705882353,0.16683006512573342,0.29746111577530004,0.0
qwen25vl,full,handwriting_density_grp,low,96,96,1.0,0.7948398299236437,0.6978624819687896,0.5490096495683088,0.375,0.7071067811865476,0.21875,0.8108400451591734,0.8570800571247341,0.6145833333333334,0.96875,0.12005208333333332,0.22667362376986644,0.0
qwen25vl,full,handwriting_density_grp,mid,93,93,1.0,0.6574585635359116,0.5808532131478747,0.40764331210191085,0.6236559139784946,1.0826093527919884,0.08602150537634409,0.6591524585504287,0.646144422396948,0.4946236559139785,0.9032258064516129,0.18799283154121865,0.30478560535723287,0.0
qwen25vl,full,answer_length_grp,high,99,99,1.0,0.5782114244268131,0.5182103610675038,0.3920412675018423,0.56363636315471,0.9657780658299714,0.14343434391599713,0.5837192936744293,0.5441643636998895,0.494949494949495,0.9090909090909091,0.18804713780631122,0.32087405170031397,0.0
qwen25vl,full,answer_length_grp,low,97,97,1.0,0.8654090935152801,0.7472173144876325,0.6106435323060986,0.30412371134020616,0.5584403908234905,0.08762886597938144,0.8683545331228094,0.8930065176385237,0.6804123711340206,0.9896907216494846,0.10206185567010308,0.2028999380968981,0.0
qwen25vl,full,answer_length_grp,mid,95,95,1.0,0.6288680076071986,0.568650299353076,0.3824878919194493,0.5947368421052631,1.0475535409002403,0.21578947368421053,0.6389396051677834,0.6437843333781263,0.4631578947368421,0.9157894736842105,0.18429824561403507,0.2975447777005036,0.0
qwen25vl,full,subject,data_mining,32,32,1.0,0.8815276695245519,0.7639046538024972,0.5622435020519836,0.40625,0.770551750371122,-0.15625,0.8869148010776999,0.8864042851431869,0.6875,0.90625,0.1015625,0.1926379375927805,0.0
qwen25vl,full,subject,databases,64,64,1.0,0.6963466185137086,0.5159219474988876,0.32469098583056977,0.37187499925494194,0.535315327216553,-0.09062499925494194,0.7378395515035281,0.710442448328398,0.453125,1.0,0.15598958296080428,0.23321239401364294,0.0
qwen25vl,full,subject,environment,18,18,1.0,0.07272727272727253,0.423076923076923,0.7777777777777778,0.1388888888888889,0.485912657903775,0.1388888888888889,0.16695677422593647,0.7856742013183862,0.8888888888888888,0.9444444444444444,0.06944444444444445,0.2429563289518875,0.0
qwen25vl,full,subject,image_processing,28,28,1.0,0.14712643678160942,0.1746724890829694,0.3194444444444444,0.48214285714285715,0.6879057244377936,0.19642857142857142,0.2445385702847834,0.2477168471534312,0.5,1.0,0.1392857142857143,0.20221982381274378,0.0
qwen25vl,full,subject,machine_learning,36,36,1.0,0.12337662337662336,0.09677419354838712,0.011560693641618602,0.3888888888888889,0.6454972243679028,0.25,0.1627353030469806,0.20536713770247128,0.4722222222222222,0.9444444444444444,0.15555555555555556,0.2581988897471611,0.0
qwen25vl,full,subject,networking,45,45,1.0,0.812792511700468,0.7086031452358927,0.5962732919254659,0.3111111111111111,0.5962847939999439,-0.08888888888888889,0.823756855501501,0.8365986011661245,0.7111111111111111,0.9777777777777777,0.14444444444444443,0.31180478223116176,0.0
qwen25vl,full,subject,other,40,40,1.0,0.2692307692307693,0.17391304347826086,0.11627906976744184,0.475,0.689202437604511,0.225,0.2960684541064695,0.27942576382739337,0.525,1.0,0.11875,0.17230060940112776,0.0
qwen25vl,full,subject,programming,20,20,1.0,0.11927621861152138,0.05405405405405406,-0.006711409395973034,1.925,2.441823089414956,1.625,0.23253127281477623,0.2327780729825638,0.25,0.45,0.48125,0.610455772353739,0.0
qwen25vl,full,criterion_scale_grp,large_scale,151,151,1.0,0.6545140135281503,0.5509210623659095,0.3360501903587323,0.6655629139072847,1.1016243275002586,0.2152317880794702,0.6637965266744088,0.6494060789260417,0.45695364238410596,0.9072847682119205,0.17301324503311258,0.2800427343085324,0.0
qwen25vl,full,criterion_scale_grp,small_scale,140,140,1.0,0.7354929870490127,0.65,0.5539128218200358,0.29499999965940205,0.55799385538981,0.0764285717691694,0.7391903433020777,0.7358307815400094,0.6428571428571429,0.9714285714285714,0.14214285697255816,0.2771667882707791,0.0
qwen25vl,full,criterion_type,application,74,74,1.0,0.473847662634848,0.5210052037060541,0.49614162505674075,0.6891891891891891,1.3279734611480434,0.3783783783783784,0.4952503206253665,0.5240922120959159,0.5945945945945946,0.8513513513513513,0.21452702702702703,0.37919945903143076,0.0
qwen25vl,full,criterion_type,definition_theory,126,126,1.0,0.699219310288302,0.5652203621455414,0.44467180859436495,0.4007936507936508,0.6799276338711255,0.08333333333333333,0.7031105101574324,0.6636844526912208,0.5555555555555556,0.9523809523809523,0.13518518518518516,0.24133118476637191,0.0
qwen25vl,full,criterion_type,numerical,48,48,1.0,0.8334131163235998,0.601181683899557,0.2548512289780078,0.46875,0.673145600891813,0.17708333333333334,0.8432247844555436,0.6270928720367175,0.5,1.0,0.12326388888888888,0.17636701526667076,0.0
qwen25vl,full,criterion_type,structure_clarity,34,34,1.0,0.6996394579908753,0.5543212619417908,0.3846153846153846,0.34705882212694955,0.5514686266845524,0.0058823543436387,0.7001600999330579,0.6852704853467976,0.5294117647058824,0.9705882352941176,0.16764705812229833,0.28439822912741064,0.0
qwen25vl,lora,handwriting_density_grp,high,102,102,1.0,0.5667513793082926,0.5250626124378285,0.4092896820706773,0.517647058356042,0.916301174499561,0.03137254948709525,0.5670475164891026,0.5487484715804279,0.5196078431372549,0.9117647058823529,0.20571895401462229,0.3583466327192105,0.0
qwen25vl,lora,handwriting_density_grp,low,96,96,1.0,0.9061244172962546,0.7996816245751409,0.6398913465269693,0.2526041666666667,0.4874732898665663,0.10677083333333333,0.9108961002141972,0.9215123674093345,0.6979166666666666,0.9895833333333334,0.08836805555555556,0.17972699847680504,0.0
qwen25vl,lora,handwriting_density_grp,mid,93,93,1.0,0.6786997389483842,0.6385017079586949,0.5384615384615384,0.532258064516129,1.0382470752413955,-0.10215053763440861,0.6816694367381035,0.6729598511998315,0.6129032258064516,0.9139784946236559,0.1539426523297491,0.2834598073194706,0.0
qwen25vl,lora,answer_length_grp,high,99,99,1.0,0.45078949857894357,0.46236734413740443,0.38964241676942046,0.6393939389122857,1.107321821057894,-0.06363636315470994,0.45160882236738353,0.4504768050415124,0.494949494949495,0.8787878787878788,0.22760942736860076,0.37944522062173985,0.0
qwen25vl,lora,answer_length_grp,low,97,97,1.0,0.8929716392364923,0.7985439603385516,0.694006309148265,0.23969072164948454,0.49546916223075826,0.07474226804123711,0.8953670454346339,0.9166250967157528,0.7525773195876289,0.9896907216494846,0.0792955326460481,0.1763286171164621,0.0
qwen25vl,lora,answer_length_grp,mid,95,95,1.0,0.761481130023921,0.6850915720560206,0.5033328976604365,0.42105263157894735,0.8175702126616275,0.031578947368421054,0.76217248563016,0.7337609271078809,0.5789473684210527,0.9473684210526315,0.14271929824561402,0.25958947572356,0.0
qwen25vl,lora,subject,data_mining,32,32,1.0,0.8899082568807339,0.7857142857142857,0.611336032388664,0.375,0.75,0.0625,0.8928522946444036,0.906819607259346,0.71875,0.90625,0.09375,0.1875,0.0
qwen25vl,lora,subject,databases,64,64,1.0,0.7905079925546618,0.6313071116408423,0.43020667726550077,0.31718749925494194,0.5060570608221044,-0.16093749925494194,0.8077982116530287,0.8026333150173309,0.5625,1.0,0.12994791629413763,0.21246935983487938,0.0
qwen25vl,lora,subject,environment,18,18,1.0,0.26952526799387444,0.48734177215189867,0.7857142857142857,0.125,0.4289845892077917,0.125,0.5919654517517854,0.9749960430435691,0.8888888888888888,0.9444444444444444,0.0625,0.21449229460389585,0.0
qwen25vl,lora,subject,image_processing,28,28,1.0,0.5014534883720931,0.4851138353765324,0.5278246205733558,0.375,0.6614378277661477,0.16071428571428573,0.517877346387097,0.4333890276618837,0.6428571428571429,0.9642857142857143,0.1125,0.19662328012144006,0.0
qwen25vl,lora,subject,machine_learning,36,36,1.0,0.2063227953410981,0.1336898395721926,-0.005586592178770999,0.375,0.6066758241067098,0.20833333333333334,0.25654354903975074,0.23479835885466296,0.4444444444444444,0.9722222222222222,0.15,0.24267032964268395,0.0
qwen25vl,lora,subject,networking,45,45,1.0,0.7799511002444988,0.6779964221824686,0.5714285714285714,0.35555555555555557,0.6666666666666666,-0.13333333333333333,0.7889545640627813,0.7840465621684872,0.6888888888888889,0.9555555555555556,0.2111111111111111,0.4116363011742823,0.0
qwen25vl,lora,subject,other,40,40,1.0,0.29978118161925604,0.23444976076555024,0.19698870765370124,0.4,0.6324555320336759,0.05,0.30928660042720624,0.30621215785969247,0.6,1.0,0.1,0.15811388300841897,0.0
qwen25vl,lora,subject,programming,20,20,1.0,0.09110350727117189,0.12398921832884102,0.22261484098939932,1.625,2.3048861143232218,0.125,0.09173394588917115,0.19760290745864245,0.45,0.5,0.40625,0.5762215285808054,0.0
qwen25vl,lora,criterion_scale_grp,large_scale,151,151,1.0,0.6928794801006573,0.6210734529995277,0.4698801894678184,0.5629139072847682,1.0500709531372232,-0.026490066225165563,0.6930217842075397,0.6811091205477919,0.5827814569536424,0.9006622516556292,0.14707505518763797,0.26812943866596045,0.0
qwen25vl,lora,criterion_scale_grp,small_scale,140,140,1.0,0.7543841780900219,0.6526604288452467,0.5352772715438687,0.2967857139451163,0.5490413718714391,0.05678571462631225,0.7568248378452538,0.7629566730233146,0.6357142857142857,0.9785714285714285,0.15410714268684386,0.3025560748608254,0.0
qwen25vl,lora,criterion_type,application,74,74,1.0,0.47151081375447323,0.5813224267211997,0.6289398280802292,0.5608108108108109,1.2452612881141354,0.02027027027027027,0.4723805693557565,0.47800089534201956,0.7162162162162162,0.8648648648648649,0.17736486486486486,0.3655914312379252,0.0
qwen25vl,lora,criterion_type,definition_theory,126,126,1.0,0.7368416278510752,0.6209362399193549,0.5039370078740157,0.37896825396825395,0.6759032756950051,0.05357142857142857,0.7402765055187878,0.6623282364204989,0.5952380952380952,0.9444444444444444,0.13207671957671957,0.24221680676922788,0.0
qwen25vl,lora,criterion_type,numerical,48,48,1.0,0.842051282051282,0.6359393232205368,0.3539703903095558,0.40625,0.6332785063987777,0.03125,0.8431820483482299,0.6487408748613837,0.5833333333333334,1.0,0.10763888888888888,0.16839382851364085,0.0
qwen25vl,lora,criterion_type,structure_clarity,34,34,1.0,0.6292700115498306,0.4341534008683069,0.2327790973871734,0.4058823515387142,0.5724046266231518,-0.052941175068126005,0.6348464536957905,0.6293162365128746,0.4411764705882353,1.0,0.23088235223994535,0.36991652400660985,0.0
qwen25vl,zero_shot,handwriting_density_grp,high,102,102,1.0,0.6001884685421858,0.45766125237620225,0.2190255220417633,0.5539215681599636,0.8291857568285593,0.20098039262435016,0.6226078270034363,0.5435966243801152,0.35294117647058826,0.8921568627450981,0.21405228734795562,0.2913139789857926,0.0
qwen25vl,zero_shot,handwriting_density_grp,low,96,96,1.0,0.6535750251762336,0.4674278348142351,0.16204933586337766,0.6276041666666666,0.8694017339527222,0.12239583333333333,0.6627427283678399,0.7281325441805141,0.28125,0.90625,0.23368055555555559,0.30651443609891693,0.0
qwen25vl,zero_shot,handwriting_density_grp,mid,93,93,1.0,0.5399810004258525,0.3768776001751697,0.0829393489126029,0.8225806451612904,1.103513450522408,0.2956989247311828,0.6015815766385935,0.6071893614991447,0.21505376344086022,0.8602150537634409,0.25322580645161286,0.321245894497008,0.0
qwen25vl,zero_shot,answer_length_grp,high,99,99,1.0,0.4816297247290715,0.34667279411764695,0.12484863162993454,0.7252525247708715,1.0042334629934697,0.37575757623922945,0.5341556428639107,0.49718212235764797,0.26262626262626265,0.8585858585858586,0.24057239033156375,0.3115121872430165,0.0
qwen25vl,zero_shot,answer_length_grp,low,97,97,1.0,0.720339233086305,0.5220775145143575,0.17827332751962133,0.5664948453608247,0.785516443159675,0.041752577319587626,0.7222369197563179,0.7713351373658784,0.29896907216494845,0.9278350515463918,0.21692439862542956,0.28518823791030123,0.0
qwen25vl,zero_shot,answer_length_grp,mid,95,95,1.0,0.5392358180375163,0.40993788819875776,0.16895156025590807,0.7,1.006557447310804,0.19473684210526315,0.5833277647404418,0.6121430107157251,0.29473684210526313,0.8736842105263158,0.2416666666666666,0.32080057932601436,0.0
qwen25vl,zero_shot,subject,data_mining,32,32,1.0,0.564625850340136,0.3924050632911392,0.16190476190476188,0.9375,1.224744871391589,0.375,0.6537414938344195,0.6898624399821774,0.3125,0.78125,0.234375,0.30618621784789724,0.0
qwen25vl,zero_shot,subject,databases,64,64,1.0,0.5080328173061243,0.29538131041890436,0.09886159376872383,0.5124999992549419,0.6535958227780875,0.03437500074505806,0.5574571024491513,0.6900800155962478,0.265625,0.953125,0.21328124962747097,0.273869202660721,0.0
qwen25vl,zero_shot,subject,environment,18,18,1.0,0.05005440696409147,0.02346041055718462,0.040752351097178674,0.5138888888888888,0.5803495115493383,-0.3472222222222222,0.16839539436936432,0.7028634960055147,0.05555555555555555,0.9444444444444444,0.2569444444444444,0.29017475577466917,0.0
qwen25vl,zero_shot,subject,image_processing,28,28,1.0,0.051465798045602695,0.08496732026143783,0.10399999999999987,0.7142857142857143,0.9636241116594315,0.5714285714285714,0.08405620534754313,0.046073361677463245,0.2857142857142857,0.8571428571428571,0.19999999999999998,0.25495097567963926,0.0
qwen25vl,zero_shot,subject,machine_learning,36,36,1.0,0.07032967032967052,0.005347593582887722,-0.008968609865470878,0.4305555555555556,0.5713045500334204,-0.09722222222222222,0.11988971472204898,-0.042230578543696995,0.3055555555555556,0.9444444444444444,0.17222222222222222,0.22852182001336813,0.0
qwen25vl,zero_shot,subject,networking,45,45,1.0,0.808564150517525,0.6024184683034077,0.23519736842105254,0.4822222222222222,0.6631574306134086,0.2511111111111111,0.832016233818166,0.8260330298675684,0.3111111111111111,0.9333333333333333,0.3044444444444444,0.38485206392990945,0.0
qwen25vl,zero_shot,subject,other,40,40,1.0,-0.11570247933884303,-0.05504587155963292,-0.01941747572815533,0.575,0.8215838362577492,0.125,-0.12086944024924487,-0.10852276298553046,0.475,0.95,0.14375,0.2053959590644373,0.0
qwen25vl,zero_shot,subject,programming,20,20,1.0,0.033830275229357776,0.0240452616690241,0.025787965616045794,1.725,2.0524375751773793,1.025,0.11578848593410934,0.103520521560476,0.15,0.45,0.43125,0.5131093937943448,0.0
qwen25vl,zero_shot,criterion_scale_grp,large_scale,151,151,1.0,0.5085506635036242,0.3357659312692768,0.10583454281567484,0.8642384105960265,1.1799932652181813,0.38079470198675497,0.5702085144970584,0.5469340232457499,0.32450331125827814,0.8344370860927153,0.2254415011037528,0.3030724747396443,0.0
qwen25vl,zero_shot,criterion_scale_grp,small_scale,140,140,1.0,0.6197015968852979,0.3835866346707083,0.0868254261276229,0.44821428537368774,0.5712923943092899,0.01607142891202654,0.6693827294369505,0.6746064265852183,0.24285714285714285,0.9428571428571428,0.24124999982970102,0.30941332726915216,0.0
qwen25vl,zero_shot,criterion_type,application,74,74,1.0,0.3251679880541828,0.2963631315935592,0.15220949263502448,0.9256756756756757,1.3164756390105015,0.5067567567567568,0.3846673860592263,0.3436785082199398,0.24324324324324326,0.7432432432432432,0.31925675675675674,0.4050462936504913,0.0
qwen25vl,zero_shot,criterion_type,definition_theory,126,126,1.0,0.5012675298404403,0.3049478290138,0.09787568843430372,0.5853174603174603,0.7782382423813172,0.00992063492063492,0.5285619666836714,0.4941835788434113,0.2777777777777778,0.9206349206349206,0.20218253968253963,0.2611163879912584,0.0
qwen25vl,zero_shot,criterion_type,numerical,48,48,1.0,0.7095343680709534,0.4380952380952381,0.08900523560209417,0.6145833333333334,0.8260094833999587,0.15625,0.7240782707558044,0.4249163162730528,0.3958333333333333,0.9583333333333334,0.16493055555555555,0.2201509372798244,0.0
qwen25vl,zero_shot,criterion_type,structure_clarity,34,34,1.0,0.6326808545236497,0.3831928838951312,0.06517311608961307,0.4558823515387142,0.5591485115620466,0.22058823669657987,0.6869780752557962,0.6444805550699997,0.20588235294117646,0.9705882352941176,0.2735294110634748,0.33055212247387494,0.0
